spanish_word,english_word
de,of
que,that
no,No
a,to
la,the
el,he
y,and
es,is
en,in
lo,it
un,a
por,by
qué,that
me,me
una,a
los,the
se,HE
te,tea
con,with
para,for
está,this
mi,my
pero,but
sí,Yeah
si,Yeah
bien,good
eso,that
su,his
las,the
yo,I
del,of the
como,as
aquí,here
tu,you
al,to the
más,further
le,you
esto,this
todo,all
ya,already
estoy,I'm
ahora,now
muy,very
ha,ha
esta,this
así,So
vamos,come on
algo,something
hay,there is
bueno,Well
tengo,I have
él,he
cuando,when
estás,are
sé,HE
tú,you
nos,us
nada,nothing
cómo,as
este,this
o,either
he,he
ser,be
tiene,has
puedo,I can
ella,she
quiero,wanna
hacer,do
fue,was
gracias,thank you
vez,time
era,was
soy,am
sólo,only
todos,all
porque,because
son,are
tienes,have
creo,believe
voy,go
sabes,You know
estaba,was
puede,can
eres,are
ese,that
usted,you
entonces,so
hola,hello
solo,only
verdad,TRUE
casa,home
tan,so
quién,who
sus,their
tiempo,time
dos,two
esa,that
nunca,never
dónde,where
va,goes
oh,oh
favor,favor
mucho,a lot
mí,my
quieres,want
siento,I feel
señor,Sir
mejor,better
hace,does
has,has
decir,say
también,also
sobre,about
dios,God
sin,without
tenemos,have
están,are
ti,you
puedes,can
ver,see
hombre,man
vida,life
alguien,someone
cosas,things
siempre,always
hasta,until
ahí,there
ir,go
años,years
antes,before
estar,be
ni,neither
poco,bit
día,day
uno,one
noche,evening
hecho,made
mis,my
estamos,we are
otra,other
acuerdo,agreement
trabajo,job
nosotros,us
parece,seems
gente,people
sea,be
padre,father
mira,look
mismo,same
dijo,said
nadie,nobody
quiere,wants
podría,could
hablar,talk
vas,you're going
ellos,they
sr.,Mr.
tal,such
pasa,happens
fuera,out
después,after
han,they have
desde,from
dinero,money
mundo,world
claro,clear
momento,moment
les,them
tener,have
estado,state
otro,other
había,there was
mañana,tomorrow
tenía,had
madre,mother
vale,Okay
lugar,place
haciendo,doing
donde,where
seguro,sure
sabe,knows
podemos,can
tus,your
espera,wait
nuevo,new
sido,been
cosa,stuff
hijo,son
allí,over there
menos,less
tipo,guy
amigo,friend
gran,great
nuestro,our
mujer,women
mamá,mother
luego,then
papá,dad
días,days
dice,says
hoy,today
tres,three
buena,good
necesito,need
dije,said
oye,hey
gusta,like
quería,wanted to
será,will be
haber,have
parte,part
todas,all
crees,do you think
buen,good
conmigo,with me
nombre,name
mierda,shit
nuestra,our
mal,evil
debe,has to
realmente,really
estas,are
aún,still
mío,mine
toda,all
hacerlo,do it
cada,each
visto,seen
importa,matters
contigo,with you
tienen,have
hemos,we have
razón,reason
alguna,some
tanto,so much
saber,know
hizo,did
veces,times
serio,Serious
ven,come
idea,idea
eh,Hey
tarde,late
problema,problem
hora,hour
cierto,TRUE
dicho,saying
quien,who
demasiado,too much
amor,love
entre,between
ve,go
pasado,past
familia,family
estos,these
policía,police
debería,ought
ustedes,you
chica,girl
esos,those
chicos,guys
cuenta,account
haces,you do
todavía,still
salir,go out
algún,some
vaya,Oh
unos,some
veo,I see
amigos,friends
hermano,brother
pensé,I thought
sabía,knew
cabeza,head
ah,ah
cariño,dear
digo,say
van,go
hombres,men
buenas,hello good
somos,are
cualquier,any
forma,shape
mientras,while
lado,side
debo,I must
sería,I would be
caso,case
pueden,they can
pasó,passed
primera,first
genial,brilliant
chico,boy
supuesto,supposed
hice,I did
pues,well
adiós,bye
muchas,many
personas,people
señora,lady
volver,return
esas,those
quizá,perhaps
contra,against
camino,path
durante,during
hablando,talking
manera,manner
muerto,dead
persona,person
rápido,fast
cuál,which
ayuda,aid
historia,history
iba,I was going
supongo,i guess
nueva,new
entiendo,I understand
dentro,inside
casi,almost
puerta,door
ves,you see
pasar,pass
primero,first
significa,means
semana,week
hacia,toward
quizás,maybe
espero,wait
juntos,together
año,year
niños,children
pronto,soon
tío,uncle
suerte,luck
ciudad,city
siquiera,not even
feliz,happy
venir,come
hija,daughter
gustaría,I would like
minutos,minutes
cuánto,how much
os,you
hey,hey
muerte,death
dejar,leave
realidad,reality
deja,leaves
problemas,issues
vi,I saw
da,gives
importante,important
dijiste,you said
corazón,heart
miedo,fear
jefe,boss
agua,water
haré,I will do
justo,fair
horas,hours
poder,can
buenos,good
esposa,wife
manos,hands
debes,you must
viene,comes
venga,come
nuestros,our
ojos,eyes
adelante,forward
encontrar,find
mano,hand
cinco,five
niño,child
ninguna,none
otros,others
cara,face
cuidado,careful
bajo,low
cerca,near
viejo,old
déjame,let me
noches,nights
bastante,quite
fin,end
tomar,take
único,only
misma,same
escucha,listen
ningún,none
suficiente,enough
punto,spot
cuándo,when
sigue,go on
haya,is
equipo,equipment
grande,big
necesita,needs
llegar,arrive
incluso,even
algunos,some
doctor,doctor
difícil,difficult
aunque,although
hubiera,had
primer,first
coche,car
hago,do
clase,class
cuatro,four
mas,further
dices,you say
pequeño,little
llama,calls
toma,take
hiciste,did you
allá,there
última,last
arriba,above
tierra,land
guerra,war
pensar,think
pueda,may
igual,equal
loco,crazy
sangre,blood
mujeres,women
vuelta,lap
fui,I went
trabajar,work
tenido,had
juego,game
deberías,you should
cuerpo,body
e,and
algunas,some
entrar,enter
cree,believes
podía,could
debemos,must
oportunidad,chance
teléfono,phone
necesitamos,need
final,end
listo,ready
fiesta,party
muchos,many
estabas,you were
quieren,they want
vete,go away
auto,car
dar,give
vivir,live
posible,possible
ok,OK
hermana,sister
número,number
meses,months
exactamente,exactly
culpa,blame
abajo,below
escuela,school
ido,gone
fuerte,strong
diciendo,saying
habla,speaks
esté,this
ello,it
pregunta,ask
chicas,girls
eran,were
unas,nails
pasando,passing
atrás,back
malo,bad
capitán,captain
sra.,mrs
bebé,baby
segundo,second
sabemos,we know
mayor,elderly
comida,meal
morir,die
conozco,know
dame,give me
fácil,easy
comer,eat
vino,came
lista,list
haga,do
necesitas,you need
hijos,children
probablemente,probably
padres,parents
habitación,room
creer,believe
pensando,thinking
fueron,were
dime,tell me
trata,treats
buscando,searching
tuve,I had
tampoco,neither
amo,I love
joven,young
podrías,you could
sola,alone
par,pair
única,unique
hacen,do
seguir,continue
dr.,Dr.
simplemente,simply
dicen,they say
medio,half
puta,bitch
saben,they know
sentido,sense
hagas,do
segura,safe
esperar,wait
lejos,far
arma,weapon
alto,high
pequeña,small
dólares,dollars
seis,six
estaban,were
seguridad,security
maldita,damned
estuvo,was
preocupes,don't worry
palabra,word
esperando,expecting
queda,is left over
oficina,office
matar,kill
iré,I will go
cama,bed
además,besides
último,last
oído,ear
habría,there would be
estará,will be
dio,gave
recuerdo,memory
siendo,being
acerca,about
tenga,have
luz,light
correcto,correct
ud.,You.
demonios,demons
nuestras,our
verte,see you
dormir,sleep
sitio,place
ayudar,help
conseguir,get
di,say
marido,husband
paz,peace
idiota,idiot
plan,plan
dado,given
cuanto,how much
peor,worse
murió,died
pueblo,town
vivo,alive
venido,come
john,John
basta,Enough
paso,passed
deberíamos,we should
música,music
diga,say
minuto,minute
anoche,last night
llamar,call
piensa,think
país,country
digas,say
rey,king
perdón,sorry
mucha,a lot
falta,lack
pienso,I think
diablos,damn
perdido,lost
niña,little girl
señorita,Miss
diez,ten
lleva,carry
hospital,hospital
grandes,big
maldito,damned
otras,other
llamado,called
hacemos,we do
llevar,carry
fuego,fire
aqui,here
tuvo,had
poner,put
calle,street
acaba,ends
prueba,proof
increíble,incredible
real,real
libro,book
orden,order
semanas,weeks
especial,special
mía,mine
café,coffee
duro,hard
empezar,begin
afuera,outside
queremos,we want
perro,dog
cielo,darling
jack,Jack
puesto,position
viaje,journey
detrás,behind
cuarto,room
querida,Dear
haría,would
preguntas,questions
piensas,you think
querido,darling
libre,free
buscar,look for
cual,which
diré,I will say
suena,sounds
jugar,play
cambio,change
película,movie
millones,millions
habrá,there will be
llamada,call
resto,rest
vemos,we see
extraño,strange
mala,bad
presidente,president
srta.,Ms.
irme,leave
ropa,clothes
perder,lose
vuelve,comes back
agente,agent
palabras,words
información,information
raro,queer
hará,will
entiendes,you understand
éste,this
trabajando,working
tratando,treating
general,general
trato,deal
usar,wear
perfecto,perfect
derecho,right
modo,mode
ayer,yesterday
conoces,you know
demás,and the rest
quieras,you want
podríamos,we could
noticias,news
asesino,killer
encontrado,found
control,control
odio,hate
frente,forehead
sexo,sex
decirle,tell
estaré,I will be
divertido,fun
armas,arms
recuerdas,Do you remember?
amiga,friend
grupo,cluster
asunto,affair
acabo,just
mensaje,message
encima,on
atención,attention
diferente,different
uh,uh
cállate,be quiet
daño,damage
sucede,happens
cambiar,change
siguiente,following
sino,but
the,the
seas,be
médico,doctor
boca,mouth
dejó,let
error,mistake
jamás,never
largo,long
pena,grief
voz,voice
futuro,future
siente,feels
secreto,secret
baño,bathroom
mil,thousand
decirte,tell you
sam,Sam
pensaba,thought
novia,bride
propia,own
sueño,dream
haz,beam
fuerza,force
deben,must
supone,assumes
estábamos,we were
ambos,both
ay,Oh
estuve,I have been
encontré,I found
vuelto,turned
dolor,pain
dile,tell him
encanta,loves
edad,age
darle,give it
pie,foot
negro,black
ganar,gain
york,York
aire,air
lamento,lament
verlo,see it
asesinato,murder
vio,saw
adónde,where to
llegado,arrived
disculpe,excuse me
s,s
cita,appointment
estaría,would be
fuiste,you went
sistema,system
gusto,taste
pobre,poor
negocio,business
mente,mind
tuyo,yours
campo,field
mire,Look
situación,situation
tras,after
hotel,hotel
vosotros,you
funciona,works
foto,photo
abogado,lawyer
loca,crazy
propio,own
alrededor,around
próxima,next
terminado,finished
hablas,speak
pagar,pay
mató,killed
llamo,called
personal,staff
sientes,you feel
ocurre,occurs
ésta,this
recuerda,remember
mitad,half
quiera,want
pelo,hair
tenías,you had
viste,you saw
oficial,official
llegó,arrive
compañía,company
relación,relationship
conoce,meet
pase,happens
montón,lot
mejores,best
creí,I believed
cena,dinner
sentir,feel
través,through
accidente,accident
i,Yo
ellas,they
caja,box
tranquilo,don't worry
bonito,pretty
eras,eras
asi,So
pudo,could
vive,lives
vista,view
estúpido,idiot
línea,line
caballeros,gentlemen
haremos,we will
dan,dan
quédate,stay
tienda,store
comprar,buy
entendido,understood
centro,center
salvo,except
mes,month
joe,Joe
sol,sun
tonto,silly
hambre,hunger
michael,Michael
mesa,table
respuesta,answer
completamente,completely
david,David
carta,letter
totalmente,completely
imposible,impossible
pruebas,evidence
novio,boyfriend
normal,normal
gustan,like
frank,Frank
pude,could
charlie,Charlie
traje,suit
dirección,address
siete,seven
dijeron,they said
placer,pleasure
sean,be
tendrá,will have
barco,ship
blanco,white
tom,Tom
profesor,teacher
servicio,service
muchacho,young guy
reunión,meeting
dejado,left
ley,law
quisiera,I'd like
hubo,was
george,George
programa,program
carrera,career
cumpleaños,birthday
muchachos,boys
culo,ass
canción,song
hermosa,beautiful
universidad,university
boda,wedding
decirme,tell me
cualquiera,any
tengas,have
hacía,toward
estés,you are
sala,hall
llevo,he took
decisión,decision
espere,wait
don,gift
necesario,necessary
sal,salt
entra,enter
prisa,hurry
carajo,damn
embargo,embargo
interesante,interesting
tendrás,you will have
escuchar,hear
abuela,grandmother
hicieron,they did
detective,detective
horrible,awful
suelo,floor
fotos,photos
cárcel,jail
acá,here
io,io
mike,Mike
siéntate,sit down
decía,said
intentando,trying
vámonos,let's go
maldición,curse
silencio,silence
muerta,dead
capaz,able
salió,left
club,club
terminar,finish
temo,I fear
broma,joke
gobierno,government
prometo,I promise
cámara,camera
media,average
terrible,terrible
llamó,called
regalo,gift
amable,gentle
dulce,sweet
muertos,dead
querías,you wanted
ataque,stroke
das,you give
navidad,Christmas
negocios,business
pudiera,could
ocho,eight
avión,plane
investigación,investigation
acabó,just
juro,I swear
mantener,keep
ejército,army
papel,paper
partes,parts
ten,have
gracioso,funny
diría,I would say
principio,principle
delante,in front of
teniente,lieutenant
deseo,desire
vayas,go
nave,nave
sale,exits
basura,trash
vine,I came
contacto,contact
esposo,husband
tren,train
encontramos,we found
dale,give it
verdadero,TRUE
tuya,yours
alma,soul
hazlo,do it
disculpa,sorry
junto,together
anda,go
tendré,I will have
matrimonio,marriage
saberlo,to know
locura,craziness
oro,gold
permiso,permission
director,director
peligro,danger
libertad,freedom
alegro,I'm glad
baja,low
tendremos,we will have
derecha,right
encuentra,finds
pies,feet
segunda,second
maravilloso,marvelous
espacio,space
rato,a while
abuelo,grandfather
esperaba,I was expecting
mirando,looking
salud,health
sorpresa,surprise
ninguno,none
miren,look
triste,sad
aun,still
pensado,thought
maestro,teacher
según,according to
infierno,hell
podrían,could
tipos,guys
tía,aunt
crimen,crime
conocido,acquaintance
consejo,advice
ante,in view of
iglesia,church
intento,tried
mayoría,most
doy,give
peter,Peter
hicimos,we did
escena,scene
piso,floor
señal,sign
honor,honor
llamas,flames
abre,open
cerebro,brain
veras,you'll see
viendo,seeing
pone,puts
pregunto,asked
cocina,kitchen
vestido,dress
inteligente,intelligent
vieja,old
caballo,horse
vienen,they are coming
vidas,lives
bar,bar
corte,court
sucedió,happened
adentro,inside
drogas,drugs
enseguida,immediately
busca,seeks
agradable,pleasant
carne,meat
parecía,it seemed
departamento,department
lindo,nice
mar,sea
duda,doubt
edificio,building
conocer,know
cargo,post
víctima,victim
luna,moon
energía,energy
frío,cold
hablo,speak
baile,dance
trabaja,works
misión,mission
listos,ready
ayudarte,help you
izquierda,left
paul,Paul
beber,drink
deje,leave
finalmente,finally
simple,simple
daré,I will give
sabías,did you know
puedas,you can
puso,put
creía,I believed
regresar,go back
llega,arrives
entender,understand
mirar,look
sacar,take out
cambiado,changed
trae,brings
hermoso,beautiful
opinión,opinion
verás,you'll see
linda,pretty
apenas,barely
segundos,seconds
cerveza,beer
harás,you will
estuviera,were
creen,believe
oír,hear
tendría,would have
cuántos,how many
hablado,spoken
hablamos,talk later
reina,queen
temprano,early
tema,issue
prisión,prison
porqué,because
vuelva,come back
público,public
ocurrió,occurred
veré,I'll see
salvar,save
partido,game
bonita,pretty
joder,fuck
causa,cause
caliente,hot
sargento,sergeant
cenar,have dinner
compañero,buddy
llevó,he took
banco,bank
existe,exists
ben,Ben
zona,area
destino,destination
base,base
solía,used to
cliente,customer
irse,go
perra,bitch
james,James
encuentro,meeting
encontró,found
pelea,fight
san,saint
norte,north
quise,I wanted
coronel,colonel
apuesto,I bet
peligroso,dangerous
viva,Viva
max,max
vienes,you come
necesitan,They need
té,tea
excepto,except
juicio,judgment
podamos,we can
llave,key
equivocado,mistaken
posición,position
trasero,rear
irnos,leave
espalda,back
excelente,excellent
éxito,success
modos,modes
ventana,window
veamos,Let's see
especie,species
teníamos,we had
diferencia,difference
formas,forms
pedir,ask
últimos,last
escúchame,Listen to me
ejemplo,example
ése,that
radio,radio
lee,read
calma,calm
hogar,home
volveré,I will return
fondo,background
humano,human
henry,Henry
tí,you
iremos,we will go
unidos,joined
habían,there were
jesús,Jesus
planeta,planet
verme,see me
respecto,regard
regreso,return
debido,due
seré,I will be
tenían,they had
leer,read
parar,stall
lleno,full
dejé,I left
respeto,I respect
debajo,below
harry,Harry
escribir,write
estación,season
pidió,he asked
alta,high
pista,clue
estrella,star
enfermo,sick
duele,hurts
sueños,dreams
veremos,we'll see
miles,thousands
darme,give me
órdenes,orders
ocupado,busy
sigues,you follow
corre,runs
podido,able
dejes,leave
nivel,level
habéis,you have
experiencia,experience
darte,give you
salida,exit
decirlo,say it
confiar,rely
hacerte,make you
necesitaba,I needed
hermanos,siblings
zapatos,shoes
color,color
vistazo,glance
nena,chick
tratar,treat
parecer,seem
juez,judge
próximo,next
paciente,patient
hayas,you have
bolsa,bag
arte,art
mary,Mary
jugando,playing
llevas,you wear
alegra,happy
bailar,dance
diablo,devil
oí,I heard
sepa,know
estarás,you will be
sur,south
banda,band
aprender,learn
precio,price
completo,complete
santo,holy
culpable,guilty
ganas,desire
tuvimos,we had
you,you
verla,see it
volvió,returned
libros,books
ojo,eye
serán,will be
cielos,Heavens
matado,killed
azul,blue
diferentes,different
irte,leave
ia,ia
comandante,commander
acción,action
reglas,rules
obra,construction site
esperanza,hope
cuestión,question
molesta,bothers
teniendo,having
bill,Bill
informe,report
jimmy,Jimmy
río,river
bienvenido,welcome
abrir,open
tocar,tap
bob,Bob
contar,count
sigo,I continue
interior,inside
apartamento,apartment
vea,see
estados,states
estáis,you are
preocupa,worry
tomó,took
principal,major
empieza,begin
londres,London
empezó,it began
vayan,go
jim,Jim
llaman,They call
ojalá,I wish
perdona,sorry
vuelvo,I'm coming back
golpe,bang
quedarme,stay
llamaré,I'll call
acabado,finish
estilo,style
nueve,nine
definitivamente,definitely
quedar,meet
cartas,cards
bomba,bomb
guardia,guard
pistola,gun
probar,prove
majestad,majesty
traer,bring
marcha,march
pareces,you look
común,common
aquel,that
hacerle,to do it
vuelo,flight
nota,note
danny,Danny
humanos,humans
estaremos,we will be
valor,worth
suyo,his
objetivo,aim
repente,suddenly
debía,I should
rojo,red
bromeando,joking
irá,gonna
entrada,entrance
doble,double
dejaré,I will leave
evitar,avoid
máquina,machine
cuello,neck
conocí,I met
tiempos,time
tome,take
nick,Nick
animales,animals
alex,Alex
acaso,perhaps
tuviera,had
pareja,couple
verano,summer
escuché,listen
ama,loves
serás,you will be
mentira,lie
tarjeta,card
hagan,do
perdí,I lost
correr,run
steve,Steve
traído,brought
llegue,I arrived
preparado,prepared
haberlo,to have it
tony,Tony
usa,use
intentar,attempt
ayudarme,help me
flores,flowers
dando,giving
vos,you
opción,option
isla,island
cierra,close
piel,fur
enemigo,enemy
dejo,let
exacto,exact
imbécil,moron
jóvenes,youths
pedido,order
larga,long
entiende,understands
justicia,justice
nuevos,new
obviamente,obviously
despierta,wake up
pido,I ask
calor,heat
luces,lights
refiero,I mean
fuimos,went
batalla,battle
déjalo,Leave it.
intenta,try
sarah,Sarah
fantástico,fantastic
brazo,arm
absolutamente,absolutely
llena,full
hacerme,make me
salga,exit
recordar,remember
escapar,escape
bosque,forest
gay,gay
señores,sirs
quedan,remain
piernas,legs
visita,visit
parís,Paris
usando,wearing
ganado,cattle
movimiento,motion
blanca,white
rico,rich
inocente,innocent
pesar,weigh
absoluto,absolute
vacaciones,vacation
um,um
mismos,same
tomado,taken
habías,you had
planes,plans
cine,cinema
toca,touch
brillante,bright
confianza,trust
vuestra,your
nombres,names
especialmente,especially
fbi,FBI
embarazada,pregnant
esperen,wait
pantalones,pants
defensa,defense
terminó,term
salido,left
estupendo,great
jane,Jane
presión,pressure
inmediatamente,immediately
testigo,witness
deberían,should
olvidado,forgotten
soldados,soldiers
resulta,it turns out
tommy,Tommy
depende,depends
motivo,reason
inglés,English
suya,his
estudio,study
acabar,end
sentimientos,feelings
tomando,taking
dieron,they gave
parecen,they seem
llaves,keys
perros,dogs
propósito,purpose
noticia,news
partir,to start
vuestro,your
metros,meters
santa,holy
quedarse,stay
clientes,customers
podrá,will be able to
cuántas,how many
ridículo,ridiculous
damas,ladies
estuviste,you were
tranquila,peaceful
operación,operation
come,eat
empresa,company
ayúdame,help me
laboratorio,laboratory
elección,choice
menudo,slight
beso,kiss
copa,cup
conversación,conversation
brazos,arms
espíritu,spirit
dejas,you leave
cansado,tired
interesa,interested
refieres,you mean
casado,married
enorme,enormous
asuntos,matters
fe,faith
muestra,sample
trampa,trap
ray,ray
billy,Billy
memoria,memory
johnny,Johnny
contrario,contrary
soldado,soldier
subir,increase
turno,shift
encantaría,I would love to
preocupado,concerned
restaurante,restaurant
saliendo,leaving
escrito,written
cálmate,calm down
bienvenida,welcome
caer,fall
llevaré,I will take
leche,milk
estrellas,stars
prefiero,prefer
red,grid
viejos,old
solamente,only
oiga,Listen
estén,are
cuentas,accounts
taxi,Taxi
anillo,ring
richard,Richard
preguntar,ask
victoria,victory
quiénes,who
héroe,hero
pequeños,small
decidido,decided
películas,movies
responsable,responsible
trago,drink
volverá,will return
árbol,tree
ibas,you were
dientes,teeth
encantado,delighted
camión,truck
vender,sell
llame,call
detente,stop
luchar,struggle
cabo,cape
ruido,noise
lucha,struggle
muere,dies
reloj,clock
gato,cat
averiguar,figure out
volar,fly
vayamos,Let's go
tanta,so much
vendrá,will come
corriendo,in a hurry
yendo,going
colegio,school
sonido,sound
caballero,gentleman
pasada,pass
código,code
hagamos,Let's do it
imagen,image
riesgo,risk
llegamos,we arrived
alguno,some
pan,bread
millón,million
malas,bad
dama,lady
hielo,ice
coño,Pussy
cayó,fell
prensa,press
querer,want
vengan,come
eddie,Eddie
caminar,walk
televisión,television
pasará,will happen
momentos,moments
coger,take
posibilidad,possibility
hubiese,there would have
mark,mark
asiento,seat
tuviste,you had
herido,wounded
maría,Maria
seguramente,surely
proyecto,project
pared,wall
sentí,I felt
sospechoso,suspicious
naturaleza,nature
ésa,that
silla,chair
perdió,lost
robert,Robert
policías,police
arreglar,arrange
sentado,sitting
papi,daddy
ideas,ideas
obtener,obtain
felices,happy
señoría,lordship
cantidad,amount
bebe,baby
mírame,Look at me
chris,Chris
papa,dad
llorar,cry
quedó,It remained
familiar,familiar
desastre,disaster
locos,crazy
escuche,listen
quedarte,stay
política,policy
pedí,I asked
sois,you are
nosotras,us
will,will
enfermedad,disease
encontraron,they found
colega,colleague
príncipe,prince
verde,green
bajar,lower
nervioso,highly strung
vengo,come
inspector,inspector
sirve,It serves
puertas,doors
fuerzas,forces
playa,beach
cantar,sing
déjeme,leave me
velocidad,speed
total,total
cabello,hair
suficientemente,enough
huellas,footprints
haberte,to have you
debí,I should have
unidad,unit
estan,are
cuchillo,knife
t,t
oigan,listen
quienes,who
gana,win
tonterías,foolishness
emergencia,emergency
perfecta,perfect
hable,speak
gustaba,I liked
lugares,places
ryan,Ryan
show,show
robo,heist
permite,allows
parque,park
uds.,You.
roto,broken
serie,series
puse,I put
nuevas,new
evidencia,evidence
conocerte,know you
estúpida,stupid
preocupe,worry
perdone,excuse me
botella,bottle
viento,wind
mando,command
extraña,strange
historias,stories
aquella,that
tenéis,you have
solos,alone
apoyo,support
bala,bullet
verdadera,true
tiro,shot
época,time
puente,bridge
olvídalo,forget it
distancia,distance
desea,wishes
dejarlo,leave it
pelear,fight
pierna,leg
echar,throw
descanso,rest
américa,America
área,area
orgulloso,proud
datos,data
espectáculo,show
sube,goes up
dejaste,you left
acabas,you finish
verá,you will see
magia,magic
nacional,national
universo,universe
llevaba,I was wearing
necesitar,need
nariz,nose
aquellos,those
clases,classes
jake,Jake
casas,houses
vergüenza,shame
estarán,will be
monstruo,monster
princesa,princess
autobús,bus
cuidar,care
ei,ei
huevos,eggs
pocos,few
podrás,you will be able to
enferma,sick
paseo,walk
detalles,details
llamadas,calls
belleza,beauty
francia,France
abierto,open
viviendo,living
envió,shipment
puntos,points
ministro,minister
conducir,drive
aceptar,accept
borracho,drunk
animal,animal
caballos,horses
trajo,brought
contrato,contract
viernes,Friday
bobby,Bobby
martin,martin
amy,Amy
bienvenidos,welcome
ex,ex
hechos,facts
sociedad,society
dra.,Dr.
tengan,have
quede,stay
inglaterra,England
carga,burden
diste,you gave
puto,fucking
lleve,take
presente,present
conocía,I knew
uso,use
dedos,fingers
oferta,offer
sentía,I felt
proteger,protect
daniel,Daniel
date,date
hiciera,would
hablé,I spoke
recibir,receive
agradezco,I appreciate it
robar,steal
enamorado,in love
sepas,know
oeste,west
herida,wound
despacio,slowly
ayude,help
supe,I knew
directamente,directly
inmediato,immediate
profesional,professional
oscuro,dark
mercado,market
cerdo,pig
tardes,afternoon
líder,leader
grave,serious
llegué,I arrived
jurado,jury
casos,cases
acuerdas,do you agree
ahi,there
desaparecido,missing
debió,should have
hubieras,you would have
últimamente,lately
piedra,stone
éramos,we were
habló,speak
charles,Charles
paga,pay
secretos,secrets
digamos,let's say
intención,intention
humor,humor
dura,hard
dará,will give
seguros,insurance
leo,I read
adam,Adam
and,and
ángeles,angels
querría,I would like
cerrar,close
conseguido,achieved
peso,weight
víctimas,victims
asesinado,murdered
humana,human
directo,straight
central,central
termina,ends
compañeros,companions
escuchado,listened
contento,glad
llevan,they carry
podré,I will be able to
oscuridad,darkness
actuar,act
siga,follow
llevado,carried
comenzó,began
regresa,return
privado,private
mirada,look
demonio,devil
abierta,open
kevin,Kevin
m,m
llámame,call me
siguen,they continue
romper,break
cambia,changes
fiscal,fiscal
jardín,garden
natural,natural
gratis,free
cuesta,costs
amenaza,threat
pon,put
marca,brand
comenzar,begin
ponte,put on
medicina,medicine
podremos,we will be able to
tomé,I took
preciosa,lovely
sexual,sexual
acceso,access
necesidad,need
dueño,owner
merece,deserves
rayos,good heavens
d,d
mintiendo,lying
tantas,so many
imagino,I imagine
fantasma,ghost
creerlo,believe it
llamé,I called
ponga,put
brian,Brian
dé,of
pollo,chicken
varios,several
efecto,effect
felicidad,happiness
espada,sword
relaciones,relations
entró,entered
resultado,result
sombrero,hat
menor,minor
recibido,received
negra,black
to,to
habido,there have been
limpio,clean
china,China
juegos,games
correo,mail
confía,trust
video,video
perfectamente,perfectly
harán,they will
teatro,theater
dormido,asleep
local,local
quedado,left
lástima,pity
calles,streets
créeme,believe me
responsabilidad,responsibility
búsqueda,search
dedo,finger
tonta,silly
recuerdos,memories
razones,reasons
escuchando,listening
eric,Eric
elegir,choose
amas,love
huele,smells
almuerzo,lunch
cien,hundred
adn,DNA
tantos,so many
pago,pay
normalmente,normally
mr,Mr.
pastel,cake
bastardo,bastard
cinta,tape
pasé,happens
dígame,tell me
anna,Anna
costa,coast
levántate,Get up
llamando,calling
cerrado,closed
interés,interest
enfermera,nurse
comienzo,beginning
olvidé,forget
fuese,were
militar,military
polvo,dust
bella,pretty
quedo,I remain
kate,Kate
encontraste,you found
voluntad,willpower
varias,several
teoría,theory
roja,red
cuento,tale
escenario,scenery
diario,diary
propiedad,property
agujero,hole
aspecto,aspect
campamento,camp
descansar,rest
matarme,kill me
metido,put
quiso,wanted
ángel,angel
enviar,send
impresionante,awesome
proceso,process
intentado,attempted
mio,mine
fuente,fountain
alcalde,mayor
ocurrido,happened
malos,bad
carretera,road
desapareció,disappeared
desayuno,breakfast
débil,weak
roma,Rome
sabido,known
comienza,starts
tambien,also
intentarlo,try
miembro,member
perdiendo,losing
hayan,have
fueras,you were
resultados,results
jerry,Jerry
mata,kills
sr,Mr
valiente,brave
deber,duty
pecho,chest
gustó,taste
oyes,hear
thomas,Thomas
periódico,newspaper
mami,Mommy
piensan,they think
washington,Washington
tv,TV
cansada,tired
limpiar,clean
crear,create
explicar,explain
robado,stolen
resolver,solve
maté,mate
guapo,handsome
continuar,continue
sheriff,sheriff
funcionar,work
extra,extra
primo,cousin
manejar,drive
primeros,first
acto,act
poniendo,putting
números,numbers
kilómetros,kilometers
andy,Andy
llevará,will take
rachel,Rachel
niñas,girls
premio,prize
internet,Internet
harías,would you
inútil,useless
domingo,Sunday
tomas,shots
sensación,sensation
alcohol,alcohol
tercera,third
agentes,agents
disculpas,apologies
antiguo,ancient
guapa,pretty
asustado,scared
puedan,may
sexy,sexy
genio,genius
recuperar,recover
creemos,we believe
lengua,language
ladrón,thief
intenté,I tried
examen,exam
deprisa,hurry
montaña,mountain
durmiendo,sleeping
disparar,shoot
entrenador,coach
queso,cheese
entero,whole
papeles,papers
pones,you put
modelo,model
fútbol,soccer
detener,arrest
lados,sides
miembros,members
sábado,Saturday
pongo,put
mataron,killed
vuelvas,come back
talento,talent
descubrir,discover
gordo,fat
tribunal,court
toque,touch
wow,wow
hables,speak
conocemos,we know
haberme,to have me
dispuesto,willing
tamaño,size
dejen,leave
maravillosa,wonderful
invitado,guest
importantes,important
derechos,rights
scott,Scott
declaración,statement
claramente,clearly
pacientes,patients
pérdida,loss
in,in
iban,they were going
pudiste,were you able
profundo,deep
gas,gas
aeropuerto,airport
consigue,get
olvidar,forget
gloria,glory
olvides,forget
volviendo,returning
coge,take
fué,was
llamaba,I called
pete,Pete
tendrán,they will have
instituto,institute
disparo,shot
encuentras,you find
querían,they wanted
hablemos,Let's talk
dia,day
enviado,sent
pertenece,belongs
sienta,sit
pensó,he thought
cadáver,corpse
gracia,funny
doctora,doctor
escuchen,listen
amante,lover
temporada,season
kim,Kim
cuerpos,bodies
amigas,friends
larry,Larry
preguntaba,I was asking
francés,French
mataste,you killed
techo,ceiling
íbamos,we were
protección,protection
médicos,doctors
lisa,Lisa
venganza,revenge
pensamos,we think
walter,Walter
contó,told
discutir,discuss
comprendo,understand
idiotas,idiots
enemigos,enemies
camisa,shirt
superior,superior
criminal,criminal
preocupada,worried
bote,boat
escribió,wrote
llevamos,we carry
testigos,witnesses
recoger,collect
emily,Emily
truco,trick
jason,Jason
original,original
pide,asks
jeff,Jeff
rosa,pink
mama,mother
negros,black
sobrevivir,survive
rostro,face
crédito,credit
compartir,share
saca,take out
irás,you will go
pequeñas,small
veía,I saw
empezando,starting
registro,record
continúa,continues
grandioso,magnificent
viniste,you came
esquina,corner
contado,counted
tengamos,let's have
cientos,hundreds
tormenta,storm
relájate,relax
siéntese,sit down
chocolate,chocolate
matt,Matt
pedazo,piece
tomo,took
olor,smell
ciencia,science
kelly,Kelly
conexión,connection
vieron,they saw
salón,lounge
sucio,dirty
firma,signature
vimos,we saw
pidiendo,asking
casarse,marry
bebida,drink
tercer,third
propios,own
fuertes,strong
lluvia,rain
recién,newly
tomaré,I will take
complicado,complicated
europa,Europe
toques,touches
cámaras,cameras
visión,vision
llego,arrive
americano,American
diversión,fun
pareció,it seemed
libras,pounds
curso,course
disco,disk
probable,likely
precioso,precious
tenia,had
lago,lake
leído,read
consiguió,got
parecido,similar
material,material
discurso,speech
entera,entire
it,Item
corta,short
completa,complete
decirles,tell them
lunes,Monday
efectivo,cash
cura,healing
antigua,ancient
hablan,they speak
juntas,together
william,William
cáncer,cancer
funeral,funeral
jodido,fucking
dave,Dave
artista,artist
favorito,favorite
guste,like
cae,falls
termine,I finished
entrevista,interview
sir,sir
pintura,paint
quieto,still
falso,fake
india,India
corto,short
inteligencia,intelligence
destruir,destroy
cargos,charges
podías,you could
mentiras,lies
señoras,ladies
helado,frozen
felicidades,congratulations
camioneta,van
mueve,move
aparte,apart
rock,rock
tumba,grave
seguimos,we continue
hablaba,I was talking
verle,see him
mapa,map
tarea,task
cambió,change
móvil,mobile
equivocada,wrong
responder,reply
vacío,empty
felicitaciones,congratulations
computadora,computer
estudiante,student
muriendo,dying
construir,build
conocen,they know
clara,clear
solución,solution
mundial,world
plato,dish
famoso,famous
des,from
dirá,will say
ambas,both
tecnología,technology
notas,grades
malditos,damned
cabrón,bastard
condiciones,conditions
dudo,I doubt
robó,heist
escucho,I'm listening
laura,Laura
rápidamente,quickly
bordo,board
nieve,snow
mensajes,messages
fecha,date
violencia,violence
n,n
sujeto,subject
acciones,shares
fría,cold
droga,drug
saldrá,will come out
suponía,I assumed
empezamos,we begin
errores,errors
grace,grace
siglo,century
molesto,annoying
acabamos,we just finished
sabéis,you know
cortar,cut
seria,I would be
muevas,move
fortuna,fortune
of,of
imaginar,imagine
archivos,files
presencia,presence
familias,families
ey,Hey
quedas,you remain
solas,alone
oficiales,officers
aventura,adventure
gira,tour
social,social
comunidad,community
annie,Annie
alan,Alan
cero,zero
clark,Clark
esperamos,we hope
ocupada,busy
muévete,move
convertido,converted
carl,Carl
pieza,part
estómago,stomach
disparó,shot
legal,legal
conseguí,I got
emma,Emma
carter,sump
california,California
rara,strange
estudiantes,students
reino,kingdom
alegría,happiness
barrio,neighborhood
granja,farm
podéis,you can
esfuerzo,effort
trabajaba,I worked
claire,Claire
perdóname,forgive me
tesoro,treasure
empleo,employment
compré,I bought
cirugía,surgery
dejamos,we left
busco,look for
trabajas,you work
clave,clue
aparentemente,apparently
bravo,Bravo
ed,ed
desearía,I would like
cerrada,closed
new,new
chicago,Chicago
controlar,check
pregunté,I asked
mostrar,show
piloto,pilot
pocas,few
tuvieron,they had
ayudarle,help him
bolso,bag
llorando,crying
kyle,Kyle
duerme,sleep
dejarme,leave me
intentó,tried
respirar,breathe
aparece,appears
campaña,Campaign
amistad,friendship
corriente,current
viven,they live
huesos,bones
invitados,guests
planta,plant
ritmo,rhythm
respuestas,answers
socio,partner
esperas,waits
caído,fallen
motor,engine
mono,bun
llevaron,they took
página,page
poquito,a little
u,or
habíamos,we had
encontraremos,we will find
ruego,request
dejan,leave
aburrido,bored
paquete,package
casada,married
llevarte,take you
ted,ted
combate,combat
útil,useful
castillo,castle
bola,ball
canciones,songs
mataré,I will kill
muchísimo,lot
asistente,assistant
llegaron,they arrived
correcta,correct
pondré,I will put
simon,Simon
comido,eaten
salgan,leave
empecé,I started
tirar,throw
pasan,pass
cierta,certain
honesto,honest
carro,car
limpia,clean
volví,I returned
confío,I trust
venta,sale
huir,flee
apareció,appeared
vais,you go
compromiso,commitment
gustas,you like
aseguro,I assure
ira,gonna
promesa,promise
decírselo,tell him
cuáles,which
compras,shopping
importancia,importance
lección,lesson
hablaré,I will speak
hacerse,become
personalmente,personally
roger,Roger
luke,Luke
bolsillo,pocket
enojado,angry
desgracia,misfortune
artículo,article
labios,lips
cola,line
estemos,let's be
whisky,whiskey
taza,cup
despues,after
gary,Gary
preguntarte,ask you
pelota,ball
caminando,walking
andar,walk
crea,creates
chaqueta,jacket
importaría,would matter
den,den
llegará,will arrive
interesado,interested
atrapado,trapped
supiera,I knew
matarlo,kill him
árboles,trees
obvio,obvious
amaba,loved
hablaremos,we'll talk
entrenamiento,training
pescado,fish
últimas,latest
pobres,poor
dioses,gods
nerviosa,nervous
vueltas,turns
encontrarlo,find it
autos,cars
alice,Alice
preguntarle,ask him
lucy,Lucy
abrigo,coat
okay,OK
estudiar,study
b,b
sonrisa,smile
cobarde,coward
olvida,forget
secundaria,secondary
descubierto,uncovered
convirtió,converted
coches,cars
venía,permission
josh,Josh
charla,chat
vives,live
bruja,witch
c,c
celular,cellular
rose,rose
rompió,broke
andando,walking
vean,see
conseguiste,you got
susan,Susan
veinte,twenty
encargo,charge
matarte,kill you
palacio,palace
convierte,converts
ja,yes
vivos,alive
pasamos,we spent
firme,firm
daría,would
piense,think
oigo,I hear
phil,Phil
sorprende,surprising
alemanes,Germans
milagro,miracle
soportar,bear
dejaron,left
smith,smith
disculpen,excuse me
moda,fashion
despacho,dispatch
vecinos,neighbors
vaso,glass
dejarte,leave you
explosión,burst
poderes,powers
regla,ruler
acaban,end
copia,copy
siguiendo,following
viajar,travel
cadena,chain
fábrica,factory
mantiene,maintains
meter,put
contenta,happy
comiendo,eating
educación,education
maneras,ways
fumar,smoke
encantador,charming
cuantos,how many
homicidio,homicide
madera,wood
mayores,older
grado,degree
tratamiento,treatment
blancos,whites
lord,lord
anterior,former
comisario,commissar
pizza,pizza
millas,miles
tira,strip
fueran,were
cumplir,achieve
plata,silver
quedará,will remain
quedaré,I will stay
aléjate,walk away
decidir,decide
lío,mess
preguntó,asked
agencia,agency
humanidad,humanity
usado,used
guardias,guards
parada,stop
leyes,laws
funcionó,It worked
odia,hates
levanta,lift
mires,look
respira,breathe
escaleras,stairs
decisiones,decisions
queréis,do you want
salvaje,wild
preguntando,asking
pasos,steps
ambulancia,ambulance
traducción,translation
trabajado,worked
básicamente,basically
tratado,treaty
parado,stationary
especiales,special
mentiroso,liar
libres,free
servicios,services
pedirle,ask
vivía,lived
medios,media
compra,buys
conocimiento,knowledge
armario,cupboard
lobo,wolf
quedamos,we agreed
ciertamente,certainly
permitir,allow
tráfico,traffic
uniforme,uniform
estuvimos,we were
alemania,Germany
suave,gentle
propias,own
balas,bullets
asqueroso,disgusting
ciento,hundred
invierno,winter
consigo,with him
encuentre,find
jenny,Jenny
conductor,driver
equipos,teams
arena,sand
park,park
licencia,license
tíos,uncles
jackson,Jackson
dijera,said
espejo,mirror
marina,marine
matando,killing
seres,beings
fiestas,parties
mover,move
coincidencia,coincidence
análisis,analysis
llegando,arriving
azúcar,sugar
tim,tim
casar,marry
sótano,basement
volvamos,Let's go back
sabrá,will know
taylor,Taylor
ocasión,chance
cheque,check
revisar,review
ponerme,put on
suceder,happen
acusado,accused
dímelo,tell me
quedé,I was left
conciencia,awareness
doc,doc
pesadilla,nightmare
sopa,soup
saltar,hop
heridas,wounds
pienses,think
suicidio,suicide
llamarme,call me
posibilidades,odds
elegido,elected
divorcio,divorce
registros,records
recibí,I received
joey,Joey
escuchas,listen
mirad,Behold
pierde,loses
abogados,lawyers
trataba,it was about
americanos,Americans
llevando,carrying
miel,Honey
regrese,return
dilo,say it
hermanas,sisters
alemán,German
iría,I would go
lady,lady
salí,I left
particular,particular
miras,sights
frontera,border
ventaja,advantage
alerta,alert
piscina,pool
regalos,gifts
comportamiento,behavior
julia,Julia
señales,signs
salimos,we left
revista,magazine
hecha,made
imágenes,images
llegas,you arrive
rápida,quick
canal,channel
paciencia,patience
sacado,taken
echo,echo
crisis,crisis
asesinos,murderers
oíste,did you hear
dejando,leaving
estarías,you would be
anteriormente,previously
vigilancia,surveillance
desierto,desert
asustada,scared
cuerda,rope
míos,mine
chuck,Chuck
seguido,continued
seremos,we will be
morgan,Morgan
pene,penis
despierto,awake
gobernador,governor
sección,section
casarme,get married
trabajos,jobs
karen,Karen
preparados,prepared
murieron,died
oso,bear
curiosidad,curiosity
vd.,you.
hank,hank
impresión,impression
pez,fish
pasaba,was
escuchaste,did you hear
torre,tower
sientas,feel
mentir,lie
pasillo,aisle
juega,play
suéltame,Let me go
arresto,arrest
ricos,rich
sencillo,simple
ruta,route
documentos,documents
enamorada,in love
apuesta,bet
perdida,loss
vinieron,they came
ayudarnos,help us
presento,I present
hazme,make me
leí,read
arthur,Arthur
virus,virus
lárgate,Get out
sigan,follow
compró,bought
servir,serve
pongas,put
alarma,alarm
identidad,identity
iguales,equal
aviso,warning
aprendido,learned
caza,hunt
daba,gave
muchacha,girl
permanecer,stay
bebés,you drink
opciones,options
responde,reply
vernos,see us
julie,Julie
llamaste,you called
ponerse,put on
sacó,sack
orgullo,pride
reales,real
esperan,they expect
vuelves,you come back
maggie,Maggie
serlo,to be
cuantas,how many
enfadado,angry
ponen,they put
altura,height
jones,Jones
archivo,archive
fred,Fred
ayudará,will help
fácilmente,easily
criatura,creature
saco,sack
precisamente,precisely
máximo,maximum
viniendo,coming
vendría,would come
louis,Louis
ilegal,illegal
refiere,refers to
llamamos,we call
versión,version
incendio,fire
preferiría,would rather
gritar,shout
recibió,received
concierto,concert
casualidad,chance
excusa,excuse
rodillas,knees
cruz,cross
dulces,sweets
zorra,bitch
cómodo,comfortable
cruel,cruel
sofá,couch
perdiste,You lost
encantadora,charming
salgamos,Let's go out
sombra,shade
ganó,won
encantada,nice to meet you
firmar,sign
escritorio,desk
muñeca,doll
rastro,trace
gigante,giant
pájaro,bird
ducha,shower
tomamos,we take
déjenme,leave me
condición,condition
recompensa,reward
doce,twelve
actor,actor
actitud,attitude
cuida,take care
salsa,dip
hubieran,they would have
carlos,Carlos
personaje,character
dudas,doubts
jackie,Jackie
cambios,changes
votos,votes
vivido,vivid
perdimos,we lost
suficientes,enough
entrega,delivery
comercial,commercial
decidí,I decided
tribu,tribe
pura,pure
volveremos,we will return
voto,vote
méxico,Mexico
amar,love
poderoso,powerful
traigo,I bring
asesinatos,murders
fresco,cool
privada,private
seamos,Let us be
guarda,guard
orgullosa,proud
vivimos,we live
difíciles,difficult
hagámoslo,Let's do it
jefa,boss
trató,deal
senador,senator
ayudando,helping
campeón,champion
bebiendo,drinking
adorable,adorable
ayudó,helped
ciego,blind
falsa,fake
jo,jo
sara,Sara
bestia,beast
alteza,Highness
deseos,wishes
episodio,episode
celda,cell
llevarlo,take it
aguanta,hold on
vengas,come
jueves,Thursday
montañas,mountains
pensamientos,thoughts
medianoche,midnight
llevarme,take me
garganta,throat
sesión,session
pensaste,you thought
diles,tell them
muera,die
coma,coma
sentimos,we are sorry
creas,you create
escribe,writes
identificación,ID
circunstancias,circumstances
preguntado,asked
veneno,poison
primavera,spring
súper,super
vuestros,your
queríamos,we wanted
aquello,that
preocuparse,worry
martes,Tuesday
feo,ugly
cristo,Christ
francisco,Francisco
howard,Howard
virgen,virgin
distrito,district
decidió,decided
reputación,reputation
socorro,relief
encontraré,I will find
castigo,punishment
dígale,tell him
límite,limit
junta,board
ponerte,put on
casados,married
líneas,lines
estudios,studies
muévanse,move
audiencia,audience
helen,Helen
nació,was born
mato,I kill
jugador,player
hmm,hmm
humo,smoke
popular,popular
nación,nation
conocimos,we met
tropas,troops
sucediendo,happening
explicación,explanation
salen,they leave
discúlpeme,Excuse me
presentar,introduce
donna,donna
celebrar,celebrate
competencia,competence
envía,send
mantén,keep
verlos,see them
biblioteca,library
fila,row
ésto,this
misterio,mystery
ganador,winner
puerto,port
vehículo,vehicle
escapó,escaped
traeré,I will bring
julio,July
lograr,achieve
desaparecer,disappear
muero,I die
quítate,get off
favorita,favorite
patio,yard
golpeó,hit
tontería,nuisance
miss,Miss
pecado,sin
comité,committee
preparada,prepared
comprado,purchased
parezca,it seems
emocionante,exciting
caras,faces
rescate,rescue
título,qualification
llegaste,you arrived
decírtelo,tell you
adivina,guess
elizabeth,Elizabeth
pánico,panic
barry,Barry
quieran,want
abby,Abby
exterior,abroad
pasión,passion
llegan,they arrive
preparar,prepare
guau,Wow
patrick,Patrick
tierras,land
demostrar,demonstrate
elegante,elegant
asegurarme,make sure
visitar,visit
asegúrate,make sure
darles,give them
cabezas,heads
abra,open
andrew,Andrew
dean,dean
ambiente,atmosphere
conde,count
urgente,urgent
impuestos,taxes
antonio,Antonio
distinto,distinct
encantan,I love them
ron,rum
marcas,brands
ayudarlo,help him
leyendo,reading
adecuado,appropriate
cajas,boxes
abandonar,abandon
dispara,shoot
buscamos,we are looking for
funcionando,working
traté,I tried
cia,Inc
tomen,take
darnos,give us
intentas,you try
lily,lily
gustado,liked
jamie,Jamie
luchando,struggling
apesta,It sucks
volando,flying
periódicos,newspapers
lucas,Lucas
detenido,arrested
curioso,curious
tetas,tits
caro,expensive
asco,disgust
usó,use
buscas,you are looking for
amanda,Amanda
salgo,I'm on my way out
decirnos,tell us
enseñó,taught
rick,Rick
mírate,look at yourself
stan,stan
debiste,You should have
océano,ocean
bolas,balls
nuevamente,again
damos,we give
pagado,paid
federal,federal
cuán,how
escalera,ladder
acepto,I accept
km,km
terapia,therapy
lágrimas,tears
terreno,land
autoridad,authority
encuentran,find
roca,rock
superficie,surface
cubierta,deck
terry,Terry
hierba,grass
juan,Juan
prometido,fiance
crecer,grow
mental,mental
extranjero,foreign
madame,Madame
prometí,I promised
mismas,same
existen,there are
veas,see
lento,slow
dirige,directs
capaces,capable
chino,Chinese
vuelvan,come back
meta,goal
suelta,release
despedida,farewell
sucedido,happened
pasta,paste
cristal,glass
vegas,Vegas
gritando,screaming
pare,stop
peces,fish
brown,brown
guardar,keep
podían,could
sabían,they knew
literalmente,literally
salvó,except
aprecio,appreciation
fotografía,photograph
patrón,pattern
esposas,handcuffs
king,king
desafío,challenge
asombroso,amazing
pedazos,pieces
robin,Robin
sales,salts
clínica,clinic
atrapar,catch
experto,expert
medida,extent
tele,TV
desagradable,disgusting
custodia,custody
nacido,born
anuncio,advertisement
física,physics
hollywood,Hollywood
empezado,started
ma,ma
fiebre,fever
johnson,Johnson
compañera,colleague
ayudarla,help her
desgraciado,unfortunate
organización,organization
echa,throw
mina,mine
honestamente,honestly
deuda,debt
digan,say
transporte,transport
cocinar,cook
delicioso,delicious
podíamos,we could
greg,greg
dirás,you will say
habilidades,skills
sentimiento,feeling
pudieras,could
golpes,blows
nadar,swim
operaciones,operations
admitir,admit
templo,temple
adios,bye
maravilla,wonder
quita,remove
mate,mate
piano,piano
bombas,bombs
paredes,walls
pantalla,screen
italia,Italy
pusieron,they put
sally,Sally
amén,amen
mac,mac
civil,civil
fantasmas,ghosts
gasolina,gasoline
sabia,knew
tyler,Tyler
judíos,Jews
s.,s.
tripulación,crew
pagan,pay
arrestado,arrested
extraños,strangers
canta,sings
texas,Texas
estando,being
flor,flower
ricky,Ricky
usan,use
cruzar,cross
esperemos,Let's hope
guía,guide
preocuparte,worry
enseñar,teach
irán,Iran
conferencia,conference
miro,I look
habitaciones,rooms
galletas,cookies
hablarle,talk to him
delito,crime
atacar,attack
objeto,object
disparos,gunshots
museo,museum
ruedas,wheels
recientemente,recently
huevo,egg
violación,rape
regresó,return
sufrir,suffer
tina,tub
terminamos,We finished
disponible,available
rica,rich
habilidad,ability
práctica,practice
acabe,I finished
amado,beloved
haberle,to have
volvemos,we're coming back
tendrías,you would have
maestra,teacher
city,city
pastillas,tablets
aprendí,I learned
cable,wire
nacimiento,birth
consciente,aware
alcance,scope
evento,event
alquiler,rent
ordenador,computer
incidente,incident
huh,huh
escribí,I wrote
estuvieron,were
intentaré,I'll try
pensamiento,thought
metió,put
maleta,suitcase
condado,county
piezas,parts
ladrones,thieves
metro,metro
kilos,kilos
recuerde,remember
español,Spanish
motivos,reasons
explica,explains
renunciar,give up
actuación,performance
refugio,shelter
harto,fed up
reacción,reaction
paliza,beating
chef,chef
ocurra,occur
marty,Marty
l,l
entrado,entered
quitar,remove
amanecer,sunrise
molly,Molly
corazones,hearts
rumores,rumors
llames,call
celoso,jealous
utilizar,use
territorio,territory
olvide,forget
prácticamente,practically
disfrutar,enjoy
intentaba,I was trying
vecino,neighbor
pública,public
collar,necklace
golf,golf
betty,Betty
marco,frame
cercano,nearby
fondos,funds
ross,Ross
bruce,Bruce
montar,mount
salvado,bran
grados,degrees
dylan,Dylan
moto,motorbike
instrucciones,instructions
treinta,thirty
gordon,Gordon
adonde,where to
hablarte,talk to you
jesse,Jesse
emperador,emperor
cigarrillo,cigarette
cuéntame,tell me
do,do
secreta,secret
haberse,to have
hitler,Hitler
anne,Anne
mortal,mortal
ronda,round
cuídate,take care of yourself
metal,metal
puro,pure
cierre,closing
colores,colors
eva,Eve
rusia,Russia
botón,button
hijas,daughters
tenerlo,to have it
tono,tone
espía,spy
empleados,employees
conduce,drives
detalle,detail
estuvieras,you were
oliver,Oliver
rusos,Russians
déjala,Leave her alone
crema,cream
roy,Roy
contesta,answer
casarte,get married
manda,command
dias,days
prisioneros,prisoners
echado,lying
trajiste,you brought
charlotte,Charlotte
flota,fleet
marie,Marie
criminales,criminals
mmm,Hmm
platos,dishes
crímenes,crimes
cometido,task
golpear,hit
igualmente,likewise
dispararon,they shot
dejará,will leave
tontos,fools
sabría,I would know
abran,open
ayudante,assistant
cultura,culture
revolución,revolution
hombro,shoulder
botas,boots
adoro,I love it
olvidó,forgot
biblia,Bible
saludos,greetings
katie,Katie
deme,give me
adultos,adults
sitios,sites
serpiente,snake
parker,Parker
nathan,Nathan
romántico,romantic
posiblemente,likely
adivinar,guess
peores,worst
buscan,they are looking
enfrente,opposite
restos,remains
capacidad,ability
aliento,breath
placa,plate
rata,rat
áfrica,Africa
entendí,understood
metas,goals
cuadro,chart
afortunado,lucky
puestos,positions
japón,Japan
división,division
subtítulos,subtitles
entradas,tickets
bicicleta,bicycle
vuestras,your
pesado,heavy
sugiero,I suggest
calla,be quiet
espacial,space
st,st
ventanas,windows
mejorar,improve
concurso,contest
comisaría,police station
sincero,sincere
centavos,cents
naturalmente,naturally
deseas,do you want
pasara,will happen
jay,Jay
esperado,expected
ocurrir,occur
pondrá,will put
recursos,resources
raza,race
muestras,samples
personales,personal
wilson,Wilson
imaginación,imagination
volverás,you will return
ceremonia,ceremony
almacén,store
sabor,flavor
sentarse,feel
on,on
unión,union
frankie,Frankie
reserva,booking
españa,Spain
encanto,charm
aviones,planes
calidad,quality
escondido,hidden
citas,quotes
aceite,oil
pusiste,you put
querrá,will want
punta,tip
cinturón,belt
podrán,they will be able to
cuales,which
chiste,joke
consecuencias,consequences
sinceramente,sincerely
lewis,Lewis
hablaste,you spoke
vaca,cow
investigando,investigating
vuelven,they return
chloe,Chloe
prisionero,prisoner
investigar,investigate
apellido,last name
actual,current
despertar,wake up
instante,instant
vincent,Vincent
ud,You
morirá,will die
sacaste,you took out
justin,Justin
traiga,bring
sentada,sitting
mueva,move
jordan,Jordan
terminé,I finished
emociones,emotions
dormitorio,bedroom
pulso,pulse
atreves,dare
frase,phrase
partida,departure
sabíamos,we knew
parezco,I look
excelencia,excellence
despedido,dismissed
moral,moral
asalto,assault
decente,decent
informes,information
asusta,scary
trabajan,work
my,my
doug,Doug
poca,little
pasaría,would happen
médica,medical
combustible,fuel
discusión,discussion
verán,you will see
ciertas,certain
pata,leg
jean,jean
antiguos,ancient
requiere,requires
cogido,taken
comunicación,communication
manzana,apple
sed,thirst
tio,uncle
joyas,jewelry
cojones,balls
noble,noble
ee.uu.,USA.
trabajamos,we work
pediste,you asked
encontrarla,find her
piedras,stones
traidor,traitor
gané,I won
letra,letter
conseguimos,we achieved
vía,via
sacerdote,priest
efectos,effects
resistencia,endurance
arroz,rice
arreglado,arranged
tarjetas,cards
descubrió,discovered
desconocido,a stranger
mínimo,minimum
disparado,fired
boston,boston
entienden,understand
bandera,flag
llamarte,call you
plaza,square
entrando,entering
tomará,will take
visitas,visits
cooper,Cooper
demasiada,too much
faltan,missing
planeado,planned
imperio,empire
esperaré,I will wait
enfadada,angry
levantar,get up
cartera,briefcase
jeremy,Jeremy
importar,matter
depósito,deposit
colegas,colleagues
periodista,journalist
comprobar,find out
funcione,work
nina,little girl
mereces,You deserve
forense,forensic
tensión,strain
involucrado,involved
vacía,empty
abandonado,abandoned
vídeo,video
ruso,Russian
círculo,circle
judío,Jew
cole,school
gritos,shouting
carol,Carol
empecemos,Let's begin
resultó,it turned out
campos,fields
váyanse,go away
escribiendo,writing
divertida,fun
pasen,come in
pinta,pint
supo,knew
ascensor,elevator
quedarnos,stay
matará,will kill
aparecer,appear
helicóptero,helicopter
actuando,acting
ooh,ooh
pasas,raisins
apúrate,hurry up
big,big
entregar,deliver
escape,exhaust
indios,Indians
limpieza,cleaning
rebecca,Rebecca
querrás,you'll want
hueso,bone
jessica,Jessica
magnífico,magnificent
trabajadores,workers
caída,drop
temperatura,temperature
habia,there was
dejaría,would leave
encontrará,you will find
ejercicio,exercise
lealtad,loyalty
alas,at
pasaron,passed
invitación,invitation
diamantes,diamonds
unidades,units
miller,Miller
enojada,annoyed
decimos,we say
leyenda,legend
gilipollas,asshole
tomaste,you took
paraíso,paradise
gatos,cats
costumbre,habit
podria,could
cabaña,cabin
secretaria,secretariat
lentamente,slowly
ensayo,rehearsal
pagó,pay
familiares,family
gimnasio,gym
negativo,negative
lenguaje,language
pájaros,birds
presenta,presents
quedes,stay
garaje,garage
palo,stick
león,lion
oídos,ears
dick,Dick
espaldas,backs
apuestas,bets
científico,scientist
incluyendo,including
pelotas,balls
actividad,activity
dragón,dragon
necesite,need
intentamos,we tried
aguantar,put up with
davis,Davis
primeras,first
generación,generation
sexuales,sexual
apetece,I feel like it
grupos,groups
capital,capital
dejemos,Let's leave
habrías,you would have
máquinas,machines
barato,cheap
monsieur,Monsieur
sistemas,systems
fingir,pretend
pensarlo,think about it
miércoles,Wednesday
escritor,writer
solitario,lonely
recibo,receipt
conocerlo,meet him
pudimos,we were able
convertirse,become
almas,souls
salto,leap
sonar,dream
publicidad,advertising
russell,Russell
temporal,temporary
antecedentes,background
probado,tried
todd,Todd
kenny,Kenny
llamaron,they called
atractivo,attractive
váyase,Go away
barra,bar
aniversario,anniversary
intereses,interests
madres,mothers
deba,should
imagina,imagine
niñera,babysitter
movimientos,movements
quince,fifteen
holmes,Holmes
muro,wall
recibe,receives
luce,looks
nací,I was born
prima,premium
cubierto,covered
contando,counting
reír,laugh
producto,product
daños,damages
abrazo,hug
gafas,glasses
arreglarlo,fix it
sobrino,nephew
man,man
demanda,demand
elecciones,elections
construcción,construction
ayudaré,I will help
buscado,sought
criaturas,creatures
dejarla,leave her
internacional,international
perfil,profile
trozo,piece
actriz,actress
repito,I repeat
bendiga,bless
pistas,clues
whoa,whoa
vecindario,neighborhood
hannah,Hannah
marcus,Marcus
ataques,attacks
razonable,reasonable
vende,sells
gerente,manager
sensible,sensitive
ríe,laughs
izquierdo,left
personalidad,personality
camina,walks
traes,you bring
tuvieras,you had
albert,Albert
conté,I counted
preparando,preparing
secretario,secretary
rueda,wheel
sorprendido,surprised
profundamente,deeply
conoció,met
grano,grain
pagaré,promissory note
límites,boundaries
moneda,currency
super,super
piedad,piety
militares,military
seguía,continued
tocado,touched
ciudadanos,citizens
creado,created
temas,topics
acepta,accepts
encerrado,locked up
opinas,What do you think?
empiezo,start
borde,edge
llevarla,take it
barcos,ships
toby,Toby
pudieron,they were able
tocando,playing
harvey,Harvey
profesora,teacher
dejame,let me
expresión,expression
asesinada,murdered
escándalo,scandal
nervios,nerves
ios,iOS
randy,Randy
emoción,emotion
blake,Blake
catherine,Catherine
oficialmente,officially
perdedor,loser
margaret,Margaret
sienten,feel
rumbo,course
valle,valley
ian,Ian
x,x
viejas,old
buscaba,I was looking
científicos,scientists
gorda,fat
juventud,youth
hayamos,we have
preocupación,worry
desnudo,naked
guión,script
grant,grant
envié,I sent
señoritas,young ladies
carreras,racing
tratas,you treat
sucia,dirty
sophie,Sophie
ratas,rats
mayo,May
tirado,thrown
heroína,heroin
háblame,talk to me
contestar,to answer
caos,chaos
alternativa,alternative
estupidez,stupidity
derek,Derek
sorprendente,amazing
pedirte,ask you
principios,beginning
egoísta,selfish
mostraré,I will show
sentarme,sit down
verdaderamente,truly
enhorabuena,congratulations
casey,Casey
peligrosa,dangerous
ánimo,cheer up
viajes,trips
lujo,luxury
mia,mine
cantando,singing
religión,religion
nate,nate
risas,laughter
despejado,clear
miserable,miserable
hierro,iron
corona,crown
wayne,Wayne
serías,you would be
dispositivo,device
mencionar,mention
brad,Brad
mencionó,mentioned
inmunidad,immunity
grabación,recording
producción,production
nuclear,nuclear
clima,climate
puesta,putting
buscarlo,look for it
carácter,character
prostituta,prostitute
llamarlo,call it
steven,Steven
máscara,mask
alegre,cheerful
comprender,grasp
volviste,You came back
cambiando,changing
alianza,alliance
encontrarás,you will find
positivo,positive
siglos,ages
serían,would be
desafortunadamente,unfortunately
guitarra,guitar
hacían,they did
estrategia,strategy
entré,between
vinimos,we came
frecuencia,frequency
poli,cop
that,that
elena,Elena
discúlpame,excuse me
llevé,I took
vince,Vince
prohibido,forbidden
caray,Wow
arruinar,spoil
masa,mass
existencia,existence
túnel,tunnel
bromas,joking
evitarlo,avoid it
industria,industry
trasera,rear
monstruos,monsters
mete,put
conseguiré,I will get
inocentes,innocent
colección,collection
empleado,employee
fatal,fatal
stephen,Stephen
olivia,Olivia
intente,try
expediente,record
nancy,Nancy
putas,whores
jess,Jess
petición,request
ayudado,helped
lou,lou
presentación,presentation
beth,Beth
vendido,sold
cerebral,cerebral
coraje,courage
adulto,adult
rubia,blonde
mandar,send
pierdes,you lose
gano,won
almorzar,have lunch
caridad,charity
oscar,Oscar
sepan,know
llegada,arrival
capítulo,chapter
disculparme,I apologize
viniera,came
gastos,bills
sentirse,feel
entren,enter
quédese,stay
tarta,cake
volvería,I would return
jersey,jersey
mataría,would kill
breve,brief
obras,works
acero,steel
llévame,take me
street,street
suceda,happen
cigarrillos,cigarettes
funcionará,It will work
alicia,Alice
haberla,to have it
camarada,comrade
confesión,confession
dijimos,we said
coartada,alibi
desnuda,naked
payaso,clown
rayo,ray
guay,cool
naves,ships
americana,American
político,political
diseño,design
condenado,condemned
convencido,convinced
edward,Edward
policia,police
italiano,Italian
pedro,Pedro
mm,mm
camiseta,t-shirt
vendrán,they will come
extrañas,strange
impacto,impact
equipaje,luggage
lois,lois
sufrimiento,suffering
salieron,they left
mantente,stay
sabiendo,knowing
maten,kill
adolescente,teenager
soltero,single
descubrí,I discovered
tranquilos,calm
influencia,influence
oxígeno,oxygen
experimento,experiment
absurdo,absurd
algun,some
habrían,would have
ponerle,put it
empiece,start
devolver,return
propuesta,proposal
tómalo,Take it
michelle,Michelle
abrió,opened
plantas,floors
cantante,singer
traición,betrayal
cementerio,cemetery
florida,Florida
pozo,well
patrulla,patrol
brandon,Brandon
planeando,planning
ann,Ann
tragedia,tragedy
ethan,Ethan
miami,Miami
autoridades,authorities
trate,try
procedimiento,procedure
fantasía,fancy
billetes,tickets
ganamos,we won
secuestro,kidnapping
sabrás,you will know
prestado,borrowed
bodas,wedding
béisbol,baseball
ciudades,cities
conejo,rabbit
pregúntale,ask him
billete,ticket
esperanzas,hopes
díselo,tell him
significado,meaning
mueren,die
shawn,Shawn
cincuenta,fifty
jugadores,players
web,web
apropiado,appropriate
robot,robot
considerado,considered
alcanzar,reach
patatas,potatoes
mantenga,keep
continuación,continuation
tradición,tradition
países,countries
ocultar,disguise
tendríamos,we would have
electricidad,electricity
bebidas,drinks
siguió,continued
reto,challenge
aldea,village
robaron,they robbed
aguas,waters
caminos,paths
ellen,ellen
permitido,permitted
alli,over there
cima,top
éi,he
risa,laughter
cumplido,compliment
objetos,objects
decide,decide
pregunte,ask
once,eleven
matan,kill
terrorista,terrorist
tomes,take
términos,terms
reyes,kings
revés,reverse
explotar,blow
maletas,suitcases
nubes,clouds
circo,circus
darse,to give
west,west
prometiste,you promised
tanque,tank
uñas,nails
encargaré,I will order
terroristas,terrorists
estúpidos,stupid
héroes,heroes
salta,jump
daremos,we will give
agradecido,grateful
victor,Victor
terror,terror
keith,Keith
sacrificio,sacrifice
destrucción,destruction
teddy,teddy
texto,text
peleas,fights
liga,league
martha,Martha
ana,Ann
enviaré,I will send
teléfonos,phones
porno,porn
diera,would give
oscura,dark
tuyos,yours
olvido,forgot
queridos,dear
colina,hill
bromeas,You're joking
sano,healthy
únicos,unique
musical,musical
pastor,pastor
ponerlo,put it
naranja,orange
batería,battery
trabajó,job
reuniones,meetings
sue,sue
figura,figure
jesucristo,Christ
funcionan,They work
voces,voices
caroline,Caroline
jacob,Jacob
caramba,Gee
callejón,alley
técnica,technique
marshall,Marshall
refería,referred to
notado,noticed
maquillaje,make-up
lanzar,launch
cadáveres,corpses
atacó,attacked
vendiendo,selling
bailando,dancing
tenerte,to have you
cubrir,cover
liz,Liz
policial,police
fase,phase
gus,Gus
joseph,Joseph
importaba,mattered
armada,navy
fea,ugly
porquería,filth
mickey,Mickey
superar,get over
disfruta,enjoy
sueldo,salary
abiertos,open
piénsalo,Think about it
testimonio,testimony
incómodo,uncomfortable
oyó,heard
costado,side
apaga,turn off
considerando,considering
bolsas,bags
seguiré,I will continue
imaginé,I imagined
detenerlo,stop him
diana,Diana
pasaporte,passport
infancia,childhood
suele,usually
productos,products
rocas,rocks
reverendo,reverend
mediodía,noon
golpeado,struck
destruido,destroyed
reconozco,I recognize
plástico,plastic
young,young
barba,beard
mago,magician
hojas,leaves
conocerla,meet her
hallar,find
mantequilla,butter
lidiar,cope
sentencia,judgment
ideal,ideal
dámelo,Give it to me
mandó,command
residencia,residence
francamente,frankly
guerrero,warrior
ayudo,I help
sigamos,Let's continue
jennifer,Jennifer
engañar,cheat
baje,go down
contaré,I will tell
guantes,gloves
rompe,breaks
conociste,did you meet
hoja,sheet
decían,they said
recepción,reception
logrado,accomplished
odias,you hate
comisión,commission
vampiro,vampire
finales,finals
sufrido,suffered
azules,blue
usarlo,use it
cometer,commit
descansa,rest
peleando,fighting
docena,dozen
estaríamos,we would be
sera,it will be
lanza,lance
averiguarlo,find out
lanzamiento,launch
moverse,move
ho,ho
falla,failure
angela,Angela
técnicamente,technically
dejara,would leave
medias,socks
míralo,look at it
físico,physical
hacerla,do it
multitud,crew
potencial,potential
hacías,you were doing
famosa,famous
rutina,routine
oportunidades,opportunities
progreso,progress
fascinante,fascinating
ensalada,salad
cómoda,comfortable
prepara,prepare
tráeme,bring me
equivocas,You're wrong
tubo,tube
owen,Owen
sacarlo,take it out
is,es
usas,you use
letras,letters
dennis,Dennis
demasiados,too many
éstas,are
interrumpir,interrupt
representa,represents
socios,partners
pecados,sins
novela,novel
herramientas,tools
desaparece,disappears
apostar,bet
ó,either
septiembre,September
vestidos,clothes
festival,festival
franceses,French
queria,wanted to
gustar,like
auxilio,help
éstos,these
fracaso,failure
berlín,Berlin
cañón,canon
llegaremos,we will arrive
empezaron,they started
spencer,Spencer
fíjate,look
votar,vote
merezco,I deserve
infantil,children
estacionamiento,parking lot
asesina,murderess
sentarte,sit down
mintió,lied
grita,screams
ofrecer,offer
ruth,Ruth
esclavos,slaves
academia,academy
probarlo,try it
viuda,widow
reporte,report
monedas,coins
rob,Rob
advertencia,warning
jugo,juice
malcolm,Malcolm
pico,beak
miré,Look
rota,rattan
sociales,social
amarillo,yellow
encargado,in charge
so,SW
listas,lists
as,ace
poderosa,powerful
prometió,promised
drama,drama
confundido,confused
olvídate,forget it
normales,normal
inconsciente,unconscious
asegurar,ensure
estadounidense,United States
locales,locals
informado,informed
resuelto,resolved
cueva,cave
conduciendo,driving
perdidos,lost
escuchó,I'm listening
patético,pathetic
abril,April
matemáticas,math
eliminar,eliminate
venid,come
hicieras,you would do
causar,cause
demasiadas,too many
vigilando,watching
función,function
solar,solar
encontrarme,find me
williams,Williams
dólar,dollar
trucos,tricks
h,h
lectura,reading
camarero,waiter
toman,they take
regresaré,I will return
tiendas,stores
encontremos,let's find
dimos,we gave
cabina,cabin
deporte,sport
virginia,Virginia
fuga,drain
holly,holly
sospechosos,suspects
jonathan,Jonathan
ala,to the
champán,champagne
quedaba,remained
viera,I saw
formar,form
walker,walker
detectives,detectives
entenderlo,understand it
orejas,ears
obligado,obliged
testamento,will
extremadamente,extremely
creyó,believed
darán,will give
materia,subject
detuvo,stopped
casco,helmet
sabremos,we will know
agenda,agenda
rosas,roses
aceptado,accepted
bello,beautiful
fabuloso,fabulous
llores,cry
arruinado,spoiled
enterado,understood
junio,June
baila,dance
artistas,artists
realizar,carry out
hechizo,spell
respiración,breathing
extremo,extreme
historial,record
pongan,put
yeah,yeah
próximos,next
extraordinario,extraordinary
tigre,tiger
fianza,bail
consejos,tips
mostrarte,show you
doctores,doctors
auténtico,authentic
usamos,we use
romance,Romance
miente,lies
matthew,Matthew
importan,matter
paren,stop
indio,Indian
increíblemente,incredibly
pierdo,I lose
llevaremos,we will take
ví,I saw
ofrece,offers
seco,dry
willie,Willie
quinn,Quinn
sagrado,sacred
monte,mountain
paris,Paris
discos,discs
louise,Louise
carrie,Carrie
juguetes,toys
cerdos,pigs
enteré,I found out
escapado,escaped
matarla,kill her
casó,case
ali,ali
salgas,go out
pasajeros,passengers
debilidad,weakness
civiles,civilians
corbata,tie
dispuesta,willing
necesitaré,I will need
cuartel,barracks
cazar,hunt
robando,stealing
convencer,convince
rollo,roll
pescar,fishing
mezcla,mix
parejas,couples
condicional,conditional
giro,turn
bonitas,pretty
necesites,you need
molestar,annoy
amantes,lovers
gris,grey
zoe,Zoe
pedimos,we ask
refuerzos,reinforcement
josé,José
colgar,hang
heridos,wounded
arreglo,arrangement
plazo,term
harold,Harold
salvajes,savages
elliot,Elliot
fotografías,photographs
sintió,felt
hermosas,beautiful
ashley,Ashley
convertir,convert
contarle,tell him
retiro,withdrawal
francis,Francis
gravedad,gravity
importe,amount
lata,can
enseñaré,I will teach
velas,candles
suyos,his
símbolo,symbol
reconocimiento,recognition
típico,typical
ayudas,aid
regresado,returned
conducta,conduct
lane,lane
ken,Ken
am,A.M
participar,participate
lana,wool
shane,Shane
hacernos,make us
tratan,They treat
vendedor,seller
federales,federal
pudiéramos,we could
diane,Diane
estrés,stress
césar,cease
soltera,single woman
gustará,will like
em,em
brujas,witches
horario,schedule
recuerden,remember
identificar,identify
hill,hill
alfombra,rug
perdóneme,Excuse me
actores,actors
atractiva,attractive
permítame,Allow me
desperté,I woke up
salía,I was leaving
recibiendo,receiving
preciso,accurate
comprendes,do you understand
white,white
altos,high
fan,fan
papas,potatoes
anciano,old man
profunda,deep
petróleo,oil
intenciones,intentions
francesa,French
neil,Neil
jin,jin
rango,range
sombras,shades
malvado,wicked
defender,defend
lleguemos,let's arrive
suba,rise
jaula,cage
watson,Watson
natalie,Natalie
comentarios,comments
dosis,dose
cartel,sign
disparen,shoot
esperad,wait
cargar,carry
enviaron,they sent
jodida,fucked up
seguí,I followed
aproximadamente,approximately
postre,dessert
escala,scale
estudiando,studying
pavo,turkey
origen,origin
considerar,consider
fiel,faithful
diego,Diego
embajador,ambassador
tatuaje,tattoo
población,population
harris,Harris
comes,eats
llamen,call
horribles,horrible
vampiros,vampires
dormida,asleep
niveles,levels
largas,long
pandilla,gang
agrada,please
traigan,bring
onda,vibe
atrapados,trapped
duque,duke
bajas,lows
dejaremos,we will leave
b.,b.
trono,throne
canto,singing
aumento,increase
esconder,hide
políticos,politicians
muertes,deaths
anthony,Anthony
pensabas,you thought
saqué,I took out
taller,workshop
fantástica,fantastic
practicar,practice
asientos,seating
armado,armed
gibbs,Gibbs
habrán,there will be
considera,consider
atender,attend
ponemos,we put
we,we
consigues,you get
sentados,seated
costó,cost
soñando,ringing
stanley,Stanley
creó,believe
ayúdenme,help me
juzgado,judged
hablarme,talk to me
janet,Janet
bebido,drunk
pierdas,lose
ponlo,put it on
gallina,hen
miguel,Miguel
octubre,October
sentirme,feel
riesgos,risks
dificil,difficult
besar,kiss
lavar,wash
sacarte,get you out
cuyo,whose
cayendo,falling
emocional,emotional
prometida,fiancee
molestia,inconvenience
christine,Christine
consiga,get
huella,fingerprint
agarra,grab
karl,Karl
condena,conviction
decírmelo,Tell me
cafetería,café
honesta,honest
tómate,tomato
pablo,Pablo
medidas,measures
ofreció,offered
dió,gave
quizas,maybe
celosa,jealous
instinto,instinct
bancos,banks
mías,mine
emocionado,excited
juguete,toy
villa,villa
conocida,known
servirá,will serve
norman,Norman
centavo,penny
lincoln,Lincoln
connor,Connor
potencia,power
unido,united
julian,Julian
copias,copies
receta,recipe
interesada,interested
seguirá,will continue
oírme,hear me
normas,rules
cocaína,cocaine
encontrarte,find you
cambie,change
asesinó,killer
huyendo,fleeing
marihuana,dope
entramos,we went in
congreso,congress
capa,layer
tocó,played
mágico,magical
beneficios,benefits
aburrida,bored
invito,I invite
período,period
corredor,corridor
marte,Mars
ayudaría,would help
cortado,cut
mentiste,You lied
olvidaste,you forgot
nieto,grandson
odiaba,hated
fraude,fraud
zapato,shoe
mantenerlo,keep it
liam,Liam
tiró,shot
sector,sector
conseguirlo,achieve it
furgoneta,van
causado,caused
beneficio,benefit
querrías,would you want
graduación,graduation
alejado,distant
junior,junior
complejo,complex
miraba,I was looking
patas,paws
columna,column
empieces,start
bienes,estate
quisieras,would you like
clásico,classic
saque,take out
oírlo,hear it
hígado,liver
robaste,you stole
decías,you were saying
all,all
lleven,take
trabajé,I worked
muebles,furniture
actos,acts
células,cells
presa,prey
hubiéramos,we would have
travis,Travis
joan,Joan
páginas,pages
raymond,Raymond
llenar,fill
riley,Riley
cambian,change
sonríe,smile
moscú,Moscow
ordenó,ordered
go,go
motel,motel
venimos,we come
cuente,count
a.,to.
preguntes,ask
mentido,lied
decidimos,we decided
house,house
alimentos,food
actúa,act
prefieres,do you prefer
mason,mason
presupuesto,budget
prepárate,get ready
ubicación,location
etapa,stage
olvidaré,I will forget
trajes,suits
santos,saints
idioma,language
fruta,fruit
reconoce,acknowledges
vuela,fly
ganando,winning
bendición,blessing
luis,Luis
compasión,compassion
reconocer,recognize
desarrollo,development
contarte,tell you
vomitar,vomit
cazador,hunter
pesca,fishing
arco,bow
wendy,Wendy
llora,cries
abandonó,abandonment
supiste,did you know
abogada,lawyer
fama,fame
plano,flat
elige,choose
maíz,corn
remedio,remedy
harta,fed up
maria,Maria
muéstrame,show me
audrey,Audrey
acostumbrado,used to
green,green
leonard,Leonard
disfraz,costume
termino,term
hombros,shoulders
química,chemistry
vela,candle
muelle,dock
tiroteo,shooting
dirigir,lead
enterrado,buried
acento,accent
psiquiatra,psychiatrist
escoger,choose
estupenda,great
canadá,Canada
indica,indicates
deudas,debts
subiendo,going up
bla,bla
desayunar,have breakfast
tomaron,they took
fines,Finnish
espíritus,spirits
ingeniero,engineer
cráneo,skull
desesperado,desperate
baby,baby
separados,separated
queja,complaint
jugada,move
bajando,going down
signos,signs
dirías,would you say
von,von
buscaré,I will look
comen,they eat
hong,Hong
pediré,I will ask
documento,document
descripción,description
tercero,third
estructura,structure
rehenes,hostages
lleguen,arrive
botellas,bottles
encuentren,find
bomberos,firefighters
horno,oven
préstamo,loan
black,black
tratamos,we try
autopsia,autopsy
ocupados,occupied
penny,penny
metí,I put
pares,peers
propietario,owner
supieras,you knew
adecuada,appropriate
cuarenta,forty
profesión,profession
británico,British
exámenes,exams
tracy,Tracy
evan,Evan
seth,Seth
moleste,bother
agosto,August
logró,achievement
marchar,march
logan,Logan
crecido,grown
representante,representative
empiezas,you begin
tareas,tasks
gabriel,Gabriel
vodka,vodka
dí,say
re,re
terribles,terrible
infeliz,unhappy
enormes,enormous
geniales,great
generoso,generous
brindis,toast
rita,Rita
directa,direct
hacéis,you do
actualmente,at the moment
rifle,rifle
casino,casino
logro,achievement
trajeron,they brought
celos,jealousy
artículos,articles
estable,stable
escuadrón,squadron
ciudadano,citizen
colin,Colin
sospecha,suspicion
violento,violent
engañado,cheated
relacionado,related
niega,denies
vietnam,Vietnam
batman,Batman
vendió,sold
ralph,Ralph
chaval,kid
macho,male
allison,allison
menores,minors
constantemente,constantly
conozca,get to know
directora,director
borracha,drunk
ventas,sales
alivio,relief
trauma,trauma
enseñarte,teach you
estadounidenses,Americans
necesidades,needs
bart,Bart
exposición,exposure
negociar,negotiate
todavia,still
explicarlo,explain it
copas,cups
golpea,hits
edificios,buildings
región,region
duros,hard
moviendo,moving
kitty,kitty
aman,love
kong,Kong
ford,Ford
shh,shh
lógica,logic
eligió,chose
sammy,Sammy
sangrando,bleeding
jefes,bosses
comió,ate
traducido,translated
narices,nose
deberes,homework
grito,shout
empresas,companies
contactos,contacts
engaño,deception
acusación,accusation
cirujano,surgeon
pagando,paying
cenizas,ashes
retraso,delay
asesinar,murder
mentí,I lied
imaginas,imagine
haciéndolo,doing it
ocurriendo,occurring
pechos,breasts
solicitud,application
enfermedades,diseases
soporto,stood
buscarla,look for her
mona,bow
fresca,fresh
prioridad,priority
mentes,minds
francos,francs
rumor,rumor
confías,do you trust
dibujo,drawing
saliste,you left
contaste,you counted
buscarte,looking for you
prefiere,prefers
almirante,admiral
gastar,spend
vendrás,will you come
use,use
craig,Craig
warren,Warren
conjunto,set
profesionales,professionals
ciertos,some
verdes,green
invitó,invited
alumnos,students
presentó,presented
informar,inform
cortó,short
maya,Maya
apagar,turn off
malditas,damned
harían,would do
nelson,Nelson
besos,kisses
graciosa,funny
chinos,Chinese
noviembre,November
invisible,invisible
contarme,tell me
economía,economy
logramos,we achieved
combinación,combination
enfermos,sick
conectado,connected
sucederá,will happen
asumir,assume
rusa,Russian
habitual,usual
id,id
posesión,possession
inténtalo,Try it
ministerio,ministry
saludable,healthy
firmado,signed
oreja,ear
calientes,hot
personajes,characters
liberar,release
cogió,took
toro,bull
pintar,paint
eternidad,eternity
similar,similar
sobrina,niece
tortura,torture
máxima,maximum
franco,franc
earl,Earl
raras,rare
paige,Paige
espérame,wait for me
nene,baby
deportes,sports
sígueme,follow me
sra,mrs
pulmones,lungs
cuánta,how much
necesitaremos,we will need
isabel,Isabel
acabará,will end
manzanas,apples
ratón,mouse
eléctrica,electric
ee,ee
productor,producer
quédense,stay
demuestra,demonstrates
lauren,Lauren
eventos,events
entendiste,Did you understand?
v,v
reciente,recent
empiezan,they begin
pasaste,you passed
enfrentar,face
dejaba,left
escucharme,listen to me
apariencia,appearance
aves,birds
radiación,radiation
advierto,I warn
quemado,burned
corea,Korea
sandy,sandy
síntomas,symptoms
japoneses,Japanese
kurt,Kurt
juzgar,judge
adrian,Adrian
cervezas,beers
quemar,burn
kent,Kent
marzo,March
meterme,get involved
cuarta,quarter
gatillo,trigger
azar,random
soledad,loneliness
vera,vera
método,method
creciendo,growing
amenazas,threats
alfa,alpha
afecta,affects
alguacil,sheriff
jugado,played
excepción,exception
dignidad,dignity
graves,serious
riendo,laughing
aaron,Aaron
pasear,sightseeing
autorización,authorization
concepto,concept
enseñado,taught
molestes,bother
volvieron,they returned
llevaría,would take
pato,duck
duncan,Duncan
padrino,godfather
vigila,monitor
generalmente,generally
quedando,remaining
numero,number
permiten,allow
bebo,I drink
contratar,hire
pides,you ask
administración,administration
continúe,continue
eli,eli
case,case
inusual,unusual
feria,fair
mancha,stain
leal,loyal
transmisión,transmission
tranquilízate,calm down
asociación,association
corran,run
seguiremos,we will continue
parto,delivery
pegado,glued
estarían,would be
mafia,mafia
poesía,poetry
preocupados,worried
intercambio,exchange
mel,mel
constante,constant
selva,jungle
mostró,showed
jenna,Jenna
juegas,you play
contrató,contract
sintiendo,feeling
gane,win
aprende,learn
presentimiento,feeling
fuentes,sources
protegerte,protect yourself
raíces,roots
meterte,get in
nicole,Nicole
perspectiva,perspective
escolar,school
digno,worthy
shock,shock
heather,Heather
bastardos,bastards
quinto,fifth
for,for
soportarlo,endure it
star,star
your,your
campana,Campaign
juramento,oath
matarán,They will kill
mitchell,Mitchell
utiliza,uses
ronnie,Ronnie
ilusión,delusion
vencer,beat
rezar,pray
hoyo,hole
tristeza,sadness
miró,looked
pases,passes
dolores,pains
sigas,follow
doloroso,painful
love,love
debbie,Debbie
equivoqué,I was wrong
cuidando,taking care
medicamentos,medications
ocuparé,I will occupy
bandas,bands
harper,Harper
protocolo,protocol
unirse,join
vosotras,you
sufriendo,suffering
tomaremos,we will take
otoño,autumn
estatal,state
candidato,candidate
vencido,defeated
autor,author
aérea,aerial
usaba,used
comprende,understands
polla,cock
huelga,strike
rabia,rage
agujeros,holes
estuviese,were
esperabas,were you expecting
jovencita,young girl
callado,reserved
encender,light
grosero,rude
mitch,Mitch
rancho,ranch
conflicto,conflict
conspiración,conspiracy
comando,command
gota,drop
escenas,scenes
pa,pa
colonia,cologne
medalla,medal
contactar,contact
jugamos,let's play
stone,stone
cabra,goat
traerme,bring me
parientes,relatives
creído,believed
adolescentes,teenagers
llenos,full
ultima,last
altas,high
cambiará,will change
inteligentes,smart
dieta,diet
quedarás,you will stay
correctamente,correctly
vería,I would see
suelto,loose
fans,fans
japonés,Japanese
ropas,clothes
recibimos,we received
elementos,items
verdaderos,true
bonnie,Bonnie
piensen,think
pondremos,we will put
contiene,contains
diciembre,December
motores,engines
graham,Graham
estarlo,to be
preguntarme,ask me
na,na
permanente,permanent
comercio,trade
llegara,would arrive
amada,beloved
jodidamente,fucking
grasa,fat
infección,infection
comenzado,started
satisfecho,satisfied
presidenta,chairwoman
llevarse,take away
pesada,heavy
megan,Megan
barney,Barney
envío,shipment
desfile,parade
suma,addition
meterse,get in
conclusión,conclusion
atrapada,trapped
mientes,You're lying.
homicidios,homicides
cajón,drawer
tragos,drinks
salve,Hail
valores,values
pierre,Pierre
leslie,Leslie
ejecución,execution
misterioso,mysterious
sándwich,sandwich
lobos,wolves
fortaleza,strength
furioso,furious
hamburguesa,hamburger
barbara,Barbara
salario,salary
débiles,weak
plena,full
pierda,lose
murphy,Murphy
cuero,leather
jodan,fuck
oculta,hidden
salvaste,you saved
quema,burns
cometió,committed
temor,fear
nora,Nora
muchísimas,many
bo,bo
comedor,dining room
aclarar,clarify
controla,controls
admito,I admit
ji,ji
esconde,hides
valioso,valuable
aguja,needle
equivoco,mistaken
terminaste,You finished
brillantes,brilliant
ingleses,English
observando,observing
objetivos,goals
casarnos,get married
emocionada,moved
desaparición,disappearance
sello,seal
quietos,still
escuelas,schools
merecía,deserved
deshacerse,get rid of
tiburón,shark
mostrarle,show him
nube,cloud
formación,training
compraste,you bought
decepcionado,upset
autopista,highway
evidente,evident
camiones,trucks
programas,programs
falsas,false
daisy,daisy
encuentres,find
matas,you kill
quitado,taken
actividades,activities
líderes,leaders
escuchad,listen
global,global
esclavo,slave
ocasiones,occasions
dejarle,leave him
confirmar,confirm
pendiente,earring
toalla,towel
construido,built
creación,creation
raros,rare
novios,a couple
escuches,listen
temía,I was afraid
detiene,stops
be,be
gusano,worm
atmósfera,atmosphere
gina,Gina
reunir,meet
espiritual,spiritual
pensión,pension
sirven,They serve
saldremos,we will go out
marica,sissy
república,republic
siéntense,sit down
sabio,sage
increíbles,incredible
embajada,embassy
quieta,still
escribo,I write
poema,poem
kang,kang
terminará,will end
tenis,tennis
civilización,civilization
patada,kick
cuerdas,ropes
dibujos,drawings
perdieron,They lost
brenda,Brenda
tirando,throwing
miran,they look
prometes,you promise
chase,chase
pluma,feather
r,r
posibles,possible
fallo,failed
iris,iris
superman,Superman
entendemos,we understand
rodilla,knee
vestida,dressed
echó,threw
philip,Philip
tirador,shooter
aparato,apparatus
modales,manners
horror,horror
quisiste,you wanted
pavos,turkeys
permitiré,I will allow
estatua,statue
asegurarse,make sure
regresen,return
mandado,command
continua,continues
siesta,snap
ausencia,absence
perdemos,we lose
collins,Collins
encontrarán,they will find
cuentos,stories
wade,wade
maletín,briefcase
phoebe,Phoebe
jules,Jules
ellie,Ellie
perfume,perfume
grabar,engrave
crece,grows
jen,Jen
echarle,add it
entro,I enter
duelo,duel
israel,Israel
cometí,I committed
organizar,organize
pervertido,pervert
subió,went up
revistas,magazines
dejarás,you will leave
lleves,wear
walt,Walt
carla,Carla
jill,Jill
enciende,turn on
quitó,removed
radar,radar
seriamente,seriously
probabilidades,probabilities
capullo,cocoon
deseando,wishing
dana,dana
bang,bang
habrás,you will have
ganaste,you won
locas,crazy
hall,hall
encantó,charm
telefónica,telephone
llegues,arrive
micrófono,microphone
margen,margin
gesto,gesture
cintas,tapes
sugiere,suggests
embarazo,pregnancy
stuart,Stuart
encaja,fits
consuelo,comfort
llamarla,call her
sabiduría,wisdom
sincera,sincere
bolsillos,pockets
paula,Paula
comencé,I started
noel,Christmas
muestran,show
lea,read
mágica,magic
terriblemente,terribly
recuerdan,remember
solíamos,we used to
susto,scare
ocurrirá,will happen
hadas,fairies
sos,sos
preocuparme,worry
hare,I will
vidrio,glass
término,term
volverán,they will return
desorden,disorder
alimentar,feed
boleto,ticket
lavado,washing
confusión,confusion
angeles,angels
ave,bird
cambié,I changed
temer,fear
pense,I thought
danos,give us
facultad,faculty
mochila,backpack
satélite,satellite
independiente,independent
intentan,they try
enero,January
busqué,I searched
diosa,goddess
estuvieran,were
barón,baron
clay,clay
artes,arts
nocturno,night
timbre,ring
escapa,escape
establecer,establish
what,what
duermo,I sleep
araña,spider
detenga,stop
intentes,try
correos,mail
profesores,teachers
enseñarle,teach him
guerreros,warriors
ancianos,seniors
preocupo,I worry
bebes,you drink
imaginaba,I imagined
mundos,worlds
martillo,hammer
eterna,eternal
sufrió,suffered
comentario,comment
inicio,start
buscarme,look for me
impresionado,impressed
estelar,stellar
pagas,you pay
álbum,album
rojos,reds
jueces,judges
allen,Allen
sufre,suffers
internos,internal
casé,I got married
teresa,Teresa
pudieran,could
ola,wave
equivoca,mistaken
desaparecida,missing
retrato,portrait
justa,fair
repugnante,disgusting
mentirosa,liar
uu,uu
mirado,looked
confesar,confess
vacas,cattle
deberá,must
rojas,reds
repetir,repeat
respiro,respite
cuya,whose
ganancias,earnings
disfrutando,enjoying
comedia,comedy
boy,boy
chip,chip
amables,kind
inversión,investment
gemelos,twins
minas,mines
falsos,false
times,times
pat,pat
matarnos,kill us
cogí,I grabbed
australia,Australia
seda,silk
malentendido,misunderstanding
distintas,different
diamante,diamond
April,April
cojo,lame
avergonzado,ashamed
siguientes,following
agarrar,grab
comunicaciones,communications
dirán,they will say
cobrar,charge
dificultades,difficulties
lápiz,pencil
pague,pay
deberia,ought
caiga,fall
tara,tare
christopher,Christopher
avenida,avenue
comenzamos,we begin
seca,dry
contentos,happy
vivió,lived
hágalo,Do it
que-,that-
bruno,Bruno
llévate,take it
oculto,hidden
metes,you put
soo,soo
principales,main
mario,Mario
vic,vic
euros,euros
salva,save
mantengan,maintain
entras,you enter
manhattan,Manhattan
promesas,promises
explosivos,explosives
kennedy,Kennedy
ataúd,coffin
cancelar,Cancel
island,island
excusas,excuses
emergencias,emergencies
orgullosos,proud
creerme,believe me
brooklyn,Brooklyn
seguida,followed
busque,search
encendido,on
coro,choir
urgencias,emergencies
tales,such
observa,observe
manual,manual
privacidad,privacy
ll,ll
pasaré,I will pass
recuperación,recovery
cuartos,rooms
semejante,such
sobra,surplus
oler,smell
presentado,presented
basado,based
paro,arrest
dinos,tell us
tenerla,to have it
lawrence,Lawrence
andrea,Andrea
modelos,models
pida,ask
saluda,hello
dejadme,leave me
comí,I ate
nido,nest
curtis,Curtis
plataforma,platform
benny,Benny
booth,booth
pam,pam
afortunadamente,fortunately
entran,enter
pagué,I paid
objeción,objection
reconoces,you recognize
clan,clan
chance,chance
tokio,Tokyo
preguntaste,you asked
vital,vital
vanessa,Vanessa
vinieras,you came
pañuelo,handkerchief
preso,prisoner
durar,span
llevarnos,take us
esperé,wait
trampas,traps
quedaron,they remained
ned,ned
saludar,greet
prométeme,promise me
caen,fall
franklin,Franklin
halloween,Halloween
donald,Donald
aguarda,wait
causó,caused
darás,you will give
niebla,fog
psicópata,psychopath
rodeado,surrounded
invitar,invite
cal,lime
escucharlo,listen to it
culpo,I blame
vamonos,let's go
colgado,hanging
goma,eraser
talla,size
oración,prayer
turner,Turner
acércate,come closer
tomemos,Let's take
maestros,teachers
cómplice,accomplice
cercana,nearby
preguntan,they ask
preocupas,you worry
saldré,I will go out
licor,liqueur
llevara,would take
teme,fears
ídolo,idol
sindicato,union
fallado,failed
crane,crane
usé,I used
simpson,Simpson
globo,globe
blancas,white
audición,hearing
vigilar,watch
almohada,pillow
oido,ear
rehabilitación,rehabilitation
increible,incredible
galaxia,galaxy
long,long
curar,cure
elefante,elephant
robé,I stole
guardián,guardian
investigaciones,research
fuéramos,we were
tejido,tissue
muñecas,dolls
llamaría,would call
anderson,Anderson
atacado,attacked
vagina,vagina
samantha,Samantha
levantado,up
tabla,board
monos,monkeys
escudo,shield
extranjeros,foreigners
denise,denise
bañera,bathtub
pop,pop
ayudarlos,help them
moderna,modern
blue,blue
interrogatorio,interrogation
rapido,fast
merecen,They deserve
bonitos,pretty
angel,angel
g,g
woo,woo
brasil,Brazil
freddie,Freddie
asistencia,attendance
pagará,will pay
novato,rookie
avisar,warn
hemorragia,hemorrhage
conviene,it is advisable
ajá,uh-huh
perrito,puppy
créame,believe me
olas,surf
sabré,I will know
caí,I fell
manejarlo,handle it
fenómeno,freak
quejas,complaints
coca,coca
persiguiendo,chasing
lotería,lottery
acerques,approach
certificado,certificate
bigote,moustache
aca,here
bondad,goodness
aterrizar,land
misiles,missiles
planos,plans
despierte,wake up
despedirme,say goodbye
connie,Connie
avance,advance
sacarme,get me out
prepárense,get ready
tumor,tumor
camarera,waitress
herencia,inheritance
vaquero,cowboy
trenes,trains
largos,long
patria,homeland
ponía,put
enviando,sending
apagado,off
rastrear,track
acababa,it was ending
campeonato,championship
técnico,technical
injusto,unfair
activo,asset
pesadillas,nightmares
galería,gallery
drew,Drew
sacando,taking out
vió,saw
tanques,tanks
enseña,teaches
editor,editor
liberación,release
interesantes,interesting
comenzaron,they began
quinta,fifth
levante,Levant
pesa,weight
responda,answer
lance,throw
pondría,I would put
resistir,resist
hueles,You smell
bajen,come down
hermosos,beautiful
arriesgado,risky
mueres,you die
duke,duke
agallas,guts
verlas,see them
sentirlo,feel it
faltaba,was missing
cindy,Cindy
armados,armed
volumen,volume
hunter,hunter
bailarina,ballerina
huyó,fled
edición,edition
atreve,dare
ganan,they win
debate,debate
cables,cables
necesitará,you will need
compraré,I will buy
odian,they hate
poeta,poet
cortes,courteous
doña,dona
manta,blanket
competir,compete
nazis,Nazis
fritas,fried
dentista,dentist
amamos,we love
encontraba,found
menú,menu
May,May
necesariamente,necessarily
negras,black
descubrimiento,discovery
organizado,organized
apetito,appetite
cameron,Cameron
traen,bring
muriera,died
visual,visual
acostado,lying down
ángulo,angle
inferior,lower
sydney,Sydney
incapaz,unable
volante,steering wheel
sierra,saw
probando,testing
distinta,different
sentiría,I would feel
abuso,abuse
celebración,celebration
diente,tooth
tuyas,yours
humilde,humble
discutiendo,discussing
gene,gene
suicidó,committed suicide
disposición,provision
conversaciones,conversations
lámpara,lamp
sabrán,they will know
métodos,methods
marcos,Marcos
huéspedes,guests
crean,create
preocupen,worry
direcciones,directions
baker,baker
planetas,planets
determinar,determine
condesa,countess
ópera,opera
corten,corten
peligrosos,dangerous
asesinados,murdered
joy,joy
medicinas,medicines
rory,Rory
mansión,mansion
torres,towers
lecciones,lessons
sentirte,feel
comprando,buying
equilibrio,balance
trevor,Trevor
lograrlo,achieve it
culpar,blame
sacas,you take out
crecí,I grew up
certeza,certainty
observar,notice
molestando,bothering
supervivencia,survival
nacer,be born
hechas,made
sacaron,they took out
p,p
olvidas,you forget
escondiendo,hiding
can,dog
famosos,celebrities
melissa,Melissa
ias,ias
aterrizaje,landing
girar,spin
aceptarlo,accept it
danza,dance
little,little
métete,get in
hambriento,hungry
mates,math
ordenado,tidy
calcetines,socks
confuso,confused
enamorados,lovers
j.,j.
moderno,modern
tocas,you play
responsables,responsible
tabaco,tobacco
registrado,registered
balón,ball
top,top
boletos,tickets
lentes,glasses
consejero,counselor
chistes,jokes
guerras,wars
sacaré,I'll take out
coordenadas,coordinates
vergonzoso,shameful
distintos,different
fingiendo,pretending
significaba,meant
mensajero,messenger
judy,Judy
test,test
cortesía,courtesy
campus,campus
compro,bought
bingo,bingo
asumo,I assume
j,j
impulso,impulse
pensaría,I would think
venden,Do you sell
contratado,contracted
conozcas,know
utilizando,using
chan,chan
propiedades,properties
explicaré,I will explain
signo,sign
disparando,shooting
ajedrez,chess
aseguraré,I will assure
crítica,criticism
necesitabas,you needed
británicos,British
ciega,blind
cordero,lamb
democracia,democracy
rastros,traces
protege,protects
papeleo,paperwork
cubo,cube
judicial,judicial
sid,sid
masaje,massage
beca,scholarship
verse,verse
miseria,misery
conocías,did you know
contenido,content
razon,reason
sana,fury
ritual,ritual
aliados,allies
orina,urine
ofender,offend
hilo,thread
seattle,Seattle
subido,uploaded
eche,eche
quedaría,would remain
enfermería,nursing
entienda,understand
matrícula,tuition
jung,jung
dejarán,they will leave
a.m.,A.M.
raya,stripe
superiores,superiors
islas,islands
dispuestos,willing
mascota,pet
ascenso,ascent
comenzando,starting
delicado,delicate
incluye,includes
revisa,check
entraron,they entered
estabamos,we were
llevaste,you took
duermes,sleep
neal,neal
empuja,push
atado,tied
telegrama,telegram
oir,hear
sorprendió,surprised
christian,Christian
pegó,hit
salvarte,save you
deseaba,I wished
pisos,floors
soñar,dream
interna,internal
avanzar,advance
guy,guy
mercancía,commodity
localizar,locate
choque,shock
desesperada,desperate
d.,d.
águila,eagle
rebeldes,rebels
apunta,points
troy,Troy
líquido,liquid
llegaré,I will arrive
rompí,I broke
dispararle,shoot him
bailey,Bailey
jodas,jokes
carbón,coal
regresé,I returned
secuestrado,kidnapped
aprendiendo,learning
sandra,Sandra
ayúdeme,Help me
cocinero,chef
quitarme,remove
entraste,you entered
katherine,Katherine
medicación,medication
baños,bathrooms
creías,you believed
ácido,acid
agresión,assault
lex,lex
consulta,consultation
nicky,Nicky
alison,Alison
Jan,Jan
detenerme,stop
órganos,organs
zach,Zach
situaciones,situations
barro,mud
jódete,fuck off
jazz,jazz
debamos,we must
amber,amber
cleveland,Cleveland
múltiples,multiple
cuentan,they say
apártate,step aside
cretino,cretin
brooke,Brooke
gays,gays
obtuvo,obtained
min,min
drake,Drake
multa,fine
anillos,rings
kirk,Kirk
quedara,will remain
claudia,Claudia
hacerles,make them
trabajador,worker
acabaron,they finished
quirófano,operating room
aéreo,air
carmen,Carmen
misa,mass
riqueza,wealth
separado,separate
toneladas,tons
criada,maid
ida,outbound
madison,Madison
observación,observation
deténgase,Stop
asistir,assist
compañías,companies
mm-hmm,mm-hmm
freddy,Freddy
voluntario,volunteer
puñado,handful
profundidad,depth
ligero,light
cuadros,paintings
incendios,fires
meg,meg
afortunada,lucky
pega,glue
c.,c.
añadir,add
harrison,Harrison
músculos,muscles
reunirse,meet up
sheila,Sheila
sacamos,we took out
depresión,depression
afueras,outskirts
confirmado,confirmed
sordo,deaf
vano,vain
brigada,brigade
diremos,we will say
perdonar,forgive
gigantes,giants
pila,stack
presentes,present
bahía,bay
lesbiana,lesbian
ayuntamiento,city ​​hall
ligera,light
acceder,access
comprometido,engaged
sentar,sit
fáciles,easy
píldoras,pills
preocupaciones,concerns
eve,eve
compre,buy
desean,wish
ansioso,anxious
despertado,awakened
mantenerte,keep
suplico,I beg
with,with
escúcheme,Listen to me
demos,demos
stella,Stella
pierden,they lose
ii,ii
olvidarlo,forget it
mencionado,mentioned
interno,internal
pacífico,peaceful
obligación,obligation
hablará,will speak
comunista,communist
osos,bears
espías,spies
ohh,ohh
arreglaré,I'll fix it
cuentes,count
coincide,coincide
servido,served
asegurarnos,make sure
mick,Mick
espectacular,spectacular
filosofía,philosophy
simpático,sympathetic
contraseña,password
pillado,caught
naomi,Naomi
volviera,return
levantarse,get up
supuestamente,supposedly
veredicto,verdict
regresará,will return
cubre,covers
jabón,soap
egipto,Egypt
terminemos,Let's finish.
simples,simple
concentración,concentration
dejarnos,leave us
déjanos,leave us
factura,bill
zack,Zack
cargado,loaded
submarino,submarine
expertos,experts
cazadores,hunters
afecto,keen
sonreír,smile
volvía,I was returning
protegiendo,protecting
dejad,leave
desconocida,unknown
one,one
oírte,hear you
cristiano,Christian
víctor,Victor
invasión,invasion
maricón,fagot
permanece,remains
jon,Jon
botones,buttons
habríamos,we would have
criado,servant
solucionar,solve
dawson,Dawson
despertó,awoke
oriente,East
especialista,specialist
imbéciles,idiots
mantenerse,keep
alexander,Alexander
suiza,Swiss
tapa,cover
alla,there
votación,vote
shaw,Shaw
lloyd,Lloyd
heredero,heir
atravesar,cross
adams,Adams
favoritos,favorites
traerá,will bring
engañando,deceiving
hamburguesas,burgers
esfuerzos,efforts
diarios,daily
arrogante,arrogant
moriré,I will die
excitante,exciting
entrenar,train
maneja,drives
permíteme,allow me
creíste,you believed
bosques,forests
insectos,insects
liberado,released
irene,Irene
brillo,glow
becky,Becky
romántica,romantic
corresponde,corresponds
ruby,Ruby
harvard,Harvard
debías,you should have
choi,choi
molestado,bothered
rosie,Rosie
admiro,I admire
georgia,Georgia
costillas,ribs
bernard,Bernard
valentín,Valentine
llenas,full
retirado,retired
anciana,old woman
escribiste,you wrote
hablen,speak
concéntrate,concentrate
matamos,we killed
fuegos,fires
suban,get on
sucios,dirty
divertirse,enjoy
astuto,cunning
hueco,gap
pariente,relative
oficinas,offices
reed,reed
coja,lame
complicada,complicated
acercarse,approach
oficio,job
tejado,roof
periodistas,journalists
dorado,golden
marinero,sailor
sentidos,senses
torneo,tournament
kit,kit
encantaba,I loved it
this,this
hacha,axe
palmer,Palmer
pasteles,cakes
despedir,dismiss
enteró,whole
echaré,I will throw
destrozado,destroyed
marchó,marched
miranda,Miranda
computadoras,computers
burro,donkey
etiqueta,label
sharon,Sharon
marcharse,leave
produce,produces
naciones,nations
referencia,reference
polo,pole
maldad,evil
quedaremos,we will stay
jodidos,fucked up
aprendiste,you learned
perry,Perry
divirtiendo,having fun
costo,cost
recorrido,route
retrasado,delayed
arnold,Arnold
lograste,you succeeded
convertirme,become
núcleo,core
controlado,controlled
pm,p.m
bell,bell
pidieron,they asked
conseguiremos,we will achieve
acuerda,agrees
grabado,recorded
cadenas,chains
cálmese,calm down
reducir,reduce
bajos,low
honorable,honorable
comidas,meals
bodega,store
funcionado,working
traficante,trafficker
amenazó,threatened
renta,rent
saliera,would go out
posiciones,positions
tiros,shooting
toco,I play
metiendo,putting
tímido,shy
conveniente,convenient
cerrados,closed
ie,ie
identificado,identified
inocencia,innocence
pinturas,paintings
estadio,stadium
elemento,element
marrón,brown
supuse,I assumed
retrocede,back
sillas,chairs
individuo,individual
sorpresas,surprises
adicto,addicted
cabrones,bastards
terapeuta,therapist
ridícula,ridiculous
busquen,look
derrota,defeat
traerlo,bring it
hazte,make yourself
finn,finn
morirás,you will die
orilla,bank
mientas,while
construyó,built
escuchan,they listen
chimenea,chimney
febrero,February
respondió,responded
recoge,collects
wallace,Wallace
doyle,Doyle
inglesa,English
mueras,die
cumple,fulfills
muevan,move
muertas,dead
dormí,I slept
limpiando,cleaning
confidencial,confidential
suite,suite
caleb,Caleb
piratas,pirates
reparar,fix
dorothy,Dorothy
rehén,hostage
manchas,stains
bud,bud
cicatriz,scar
borrar,delete
fundación,foundation
robbie,Robbie
ciencias,sciences
iniciar,start
reservado,reserved
justamente,fairly
conocidos,acquaintances
niego,I deny
ningun,none
descubre,discover
adelantado,advanced
blair,Blair
aah,aah
sábanas,bed sheets
argumento,argument
dueños,owners
castle,castle
viajando,traveling
metiste,you put
terminaron,they finished
sip,yes
esperábamos,we were waiting
flash,flash
alec,Alec
enseño,taught
fox,fox
phillip,Phillip
cruzado,crossed
roba,steals
tradicional,traditional
creció,grew
cobertura,coverage
pillo,rascal
escritura,writing
entere,find out
billetera,wallet
hacíamos,we used to
vapor,steam
cosecha,harvest
generaciones,generations
wyatt,Wyatt
capturado,caught
cuñado,brother in law
damon,Damon
sagrada,sacred
sonidos,sounds
eeuu,USA
tranquilidad,tranquillity
gatito,kitten
periodo,period
ocupo,I occupy
traicionado,betrayed
furia,rage
recuperado,recovered
cuide,take care
tortuga,tortoise
patty,Patty
piden,they ask
mo,mo
ficción,fiction
nikki,Nikki
fuí,I went
milagros,miracles
soñado,dreamed
pis,pee
andas,walks
ovejas,sheep
granero,barn
docenas,dozens
quienquiera,whoever
juegan,they play
lógico,logical
disciplina,discipline
revisando,reviewing
recibiste,you received
retirarse,withdraw
noah,Noah
salvador,savior
privilegio,privilege
secuencia,sequence
pensaré,I'll think
antiguas,ancient
lydia,Lydia
semillas,seeds
afganistán,Afghanistan
ponernos,put us
aprovechar,leverage
falda,skirt
mikey,Mikey
morris,Morris
shakespeare,Shakespeare
tendrían,they would have
acompaño,I accompany
diferencias,differences
escocia,Scotland
menuda,what a
utilizado,used
linea,line
pelos,hairs
circuito,circuit
agradecida,grateful
richie,Richie
up,up
mantuvo,kept
aprobación,approval
novedad,novelty
impedir,prevent
ego,ego
conocerle,meet him
imaginado,imagined
protegido,protected
enfermeras,nurses
gustaria,I would like
pirata,pirate
mantenido,kept
burke,Burke
usarla,use it
inspiración,inspiration
aterrador,scary
lindsay,Lindsay
dolares,dollars
logré,I managed
borrachos,drunks
estaciones,stations
cheques,checks
norma,rule
mecánico,mechanic
perdedores,losers
houston,Houston
polis,police
reconocido,recognized
videos,videos
gripe,flu
ataca,attacks
sacarle,take it out
existir,exist
jesus,Jesus
thompson,Thompson
bus,bus
precios,prices
inevitable,inevitable
pusimos,we put
cuba,Cuba
estúpidas,stupid
matarlos,kill them
lastimado,hurt
delitos,crimes
espantoso,frightening
comience,begin
quitarle,remove
postal,postal
irak,Iraq
claridad,clarity
demostrado,demonstrated
acusaciones,accusations
hal,hal
hans,Hans
bicho,bug
beverly,Beverly
sencilla,simple
saltó,leap
chofer,driver
tomarlo,take it
creéis,do you believe
encantará,love it
dr,Dr.
físicamente,physically
occidental,western
ejecutivo,executive
escondite,hiding place
aumentar,increase
entregado,delivered
mantenerme,keep me
desee,wish
femenina,female
romeo,Romeo
molestarte,bother you
torpe,clumsy
maurice,Maurice
partículas,particles
enano,dwarf
cerró,hill
pásame,pass me
delgado,slim
escuchamos,we listen
denuncia,complaint
dispare,shoot
vasos,glasses
serpientes,snakes
experimentos,experiments
apoyar,support
obsesionado,obsessed
retirar,withdraw
encontrarnos,meet
dada,Dadaist
cállese,shut up
aquellas,those
detención,detention
tristes,sad
perímetro,perimeter
bloqueo,blockade
preguntaré,I will ask
intenso,intense
pierce,Pierce
construyendo,building
principalmente,mostly
suelen,usually
portátil,portable
vagabundo,tramp
comemos,we eat
pueblos,towns
casamos,we got married
investigador,researcher
suministros,supplies
putos,fucking
preocupaba,worried
conversar,discuss
daphne,Daphne
valientes,brave
sebastian,Sebastian
mcgee,McGee
hockey,hockey
vendré,I will come
vicepresidente,Vice President
transferencia,transfer
garantía,warranty
torta,cake
tremendo,tremendous
entremos,Let's go in
devolveré,I will return
barata,cheap
alfred,Alfred
extraterrestres,extraterrestrials
pegar,paste
comprobado,checked
isaac,Isaac
esperaremos,We will wait
stark,stark
costará,will cost
descanse,rest
dulzura,sweetness
escondidas,hidden
lastimar,hurt
pasaje,passage
acercó,approached
encontrarse,meet
negar,deny
pensaron,they thought
vulnerable,vulnerable
lenta,slow
atacaron,they attacked
quite,Quite
suéltalo,let it go
manny,Manny
mercedes,Mercedes
portal,portal
necesitarás,you will need
pudiese,could
linterna,flashlight
alemana,German
lindos,cute
zorro,fox
vestuario,locker room
evidencias,evidence
garantizo,I guarantee
criar,breed
colocar,place
auténtica,authentic
pendejo,stupid
ordenar,order
debimos,we should have
cabe,fit
alimento,food
pilotos,pilots
amiguito,little friend
gorra,cap
revisión,revision
exacta,exact
hanna,Hanna
dong,dong
vehículos,vehicles
presentarte,introduce yourself
recibirá,will receive
khan,khan
evidentemente,obviously
joel,Joel
senado,senate
atras,back
caramelos,candies
ofrezco,I offer
trataré,I will try
er,er
usaste,you used
déme,give me
salvación,salvation
cobra,cobra
baloncesto,basketball
pacto,covenant
aceptó,accepted
vientre,belly
jessie,Jessie
yang,yang
tuviéramos,we had
callar,shut up
deliciosa,delicious
mirarme,look at me
opina,opinion
roll,roll
negó,denied
rubio,blond
boyd,boyd
tomate,tomato
césped,grass
inicial,initial
aplauso,applause
centímetros,centimeters
ordenes,orders
peggy,Peggy
ingresos,income
homero,homer
accidentes,accidents
declarar,declare
canalla,scoundrel
oyeron,they heard
douglas,Douglas
ordeno,I order
jovencito,youngster
hospitales,hospitals
engañó,deception
esperes,wait
respetar,respect
filmar,film
rana,frog
mosca,fly
vecina,neighbor
ansiedad,anxiety
puño,fist
veis,you see
premios,awards
leerlo,read it
rama,branch
perderte,losing you
envíe,send
retirada,withdrawal
averigua,find out
curva,curve
brilla,shines
debas,you must
aventuras,adventure
ofrecido,offered
considero,considered
romano,Roman
portero,goalie
sospechas,suspicions
elaine,Elaine
sepamos,let's know
bobo,fool
algodón,cotton
sexto,sixth
bajó,low
crítico,critical
soñé,I dreamed
eterno,eternal
entusiasmo,enthusiasm
instalaciones,facilities
manejo,management
saludo,greeting
compramos,we bought
ultimo,last
posee,has
castigado,punished
cohete,rocket
gps,GPS
disculpo,I apologize
extrañar,miss
salvarme,save me
nazi,Nazi
sostén,support
fórmula,formula
limón,lemon
erica,Erica
jamón,ham
boom,boom
sensores,sensors
esencia,essence
instrumento,instrument
renuncia,resignation
elegí,I chose
fusión,fusion
atrevas,dare
intentaste,did you try
suicida,suicide
rebelde,rebel
vago,lazy
vías,roads
samuel,Samuel
camaradas,comrades
winston,Winston
asustó,frightened
revelar,reveal
sugerencia,suggestion
srta,Ms
echas,throws
caca,poop
shirley,Shirley
legales,legal
legalmente,legally
clyde,Clyde
won,won
prostitutas,prostitutes
promedio,average
tela,fabric
kathy,Kathy
superado,overcome
aires,airs
ardiendo,ablaze
alturas,heights
preferido,favorite
arrestar,arrest
respirando,breathing
sonaba,it sounded
especialidad,specialty
rocky,rocky
griego,Greek
conservar,keep
huelo,I smell
crucero,cruise
esencial,essential
diviértete,have fun
pendientes,earrings
cerradura,lock
récord,record
aparecen,appear
atascado,stuck
distracción,distraction
camas,beds
acordamos,we agreed
supermercado,supermarket
tucker,Tucker
echaron,they threw
tomarme,take me
caramelo,candy
bastantes,quite a few
liras,lyres
lees,read
extraordinaria,extraordinary
arranca,starts
manejando,driving
vendrías,would you come
enviaste,you sent
barnes,Barnes
manada,herd
llamaban,they called
bienestar,welfare
hugo,Hugo
galleta,cookie
encantar,love
fiscalía,prosecutor's office
reunido,gathered
lola,Lola
fumando,smoking
ríes,You laugh
enrique,Enrique
mediante,through
bishop,bishop
expresar,express
sientan,sit
tierno,tender
llamaremos,we will call
valen,worth
ginebra,Geneva
levantó,lifted
políticas,policies
interesan,are interested
deberias,You should
pistolas,pistols
agotado,exhausted
especies,species
científica,scientific
llamará,will call
oscuras,dark
herir,hurt
entrevistas,interviews
competición,competition
materiales,materials
acostarse,lie down
arruinó,ruined
brutal,brutal
responsabilidades,responsibilities
glenn,Glenn
guardaespaldas,bodyguard
pretende,intends
inyección,injection
adora,adores
arregla,fix
flecha,arrow
mudó,dumb
armadura,armor
advertí,I warned
necesaria,necessary
mañanas,mornings
cortinas,curtains
cruce,crossing
músico,musician
tire,throw
parecían,they seemed
serios,serious
escoria,slag
morirán,will die
coco,coconut
sullivan,Sullivan
encontraría,would find
marta,marten
nevera,fridge
sonriendo,smiling
beach,beach
decides,you decide
pagarle,pay him
sorprendida,surprised
dejarlos,leave them
usualmente,usually
aceptas,do you accept
culpables,guilty
sacarla,take it out
cigarro,cigar
lindas,pretty
declaraciones,statements
honrado,honored
farmacia,pharmacy
bretaña,Brittany
sentirás,you will feel
gwen,Gwen
obispo,bishop
agradecer,thank
maletero,trunk
tocaba,it was my turn
dallas,Dallas
lamentablemente,unfortunately
tenias,you had
vivas,live
queden,remain
tess,Tess
murray,Murray
ilegales,illegal
específico,specific
salchicha,sausage
maravillas,wonders
empezaste,you started
previsto,provided
poderosos,powerful
electrónico,electronic
delincuente,offender
cogeré,I will take
trabaje,work
raj,raj
cruzando,crossing
vendo,I'm selling
fotógrafo,photographer
leon,lion
compartimos,we share
crecimiento,growth
próximas,next
fracasado,failed
serena,serene
mantenimiento,maintenance
ardiente,burning
acompañe,accompany
protector,protective
abiertas,open
portada,front page
expulsado,expelled
comprendido,understood
est,est
bandeja,tray
comunes,common
envidia,envy
marcado,marked
vacías,empty
evans,Evans
ballet,ballet
traerte,bring you
literatura,literature
alcanza,reaches
bajado,lowered
ahh,ahh
carson,Carson
fisher,fisher
década,decade
órbita,orbit
eventualmente,eventually
ocupa,occupies
helena,Helena
tardará,it will take
fiona,Fiona
flujo,flow
toni,toni
imagínate,Imagine
esconderse,hide
sonny,Sonny
suyas,his
kansas,Kansas
llegarán,they will arrive
presta,lend
jungla,jungle
ayudé,I helped
destinado,intended
triple,triple
colinas,hills
ofrecerle,offer you
pantano,swamp
mantienen,maintain
rex,rex
broadway,Broadway
misericordia,mercy
cometa,kite
particularmente,particularly
morgue,morgue
implica,implies
set,set
stefan,Stefan
drogado,drugged
ai,ai
divina,divine
lenny,Lenny
empezaremos,we will begin
detesto,hate
granjero,farmer
admitirlo,admit it
malvada,evil
códigos,codes
mueven,move
orleans,Orleans
femenino,female
misteriosa,mysterious
dueña,owner
cercanos,nearby
salchichas,sausages
madrid,Madrid
niñita,little girl
basada,based
marge,Marge
operar,operate
yo-,I-
invita,invites
pausa,pause
asilo,asylum
equivocados,wrong
grey,flock
póngase,put
pertenecen,belong
rompiste,you broke
invitada,guest
cambiaron,they changed
meredith,Meredith
anuncios,ads
montones,lots
mesas,tables
convirtiendo,converting
avery,Avery
bárbara,Barbara
queriendo,wanting
síganme,Follow me
comencemos,Let's begin
sentimental,sentimental
alienígena,alien
gentil,gentile
tardar,take
abejas,bees
cuna,cradle
anteriores,previous
permita,allow
piper,piper
durará,will last
cuidadosamente,carefully
únicas,unique
monk,monk
dormía,I was sleeping
diagnóstico,diagnosis
buck,buck
enlace,link
completar,complete
benjamin,Benjamin
síndrome,syndrome
stevie,Stevie
normalidad,normal
quitarte,take it off
haley,Haley
legado,legacy
disparé,I shot
testificar,testify
ingeniería,engineering
acostarme,go to bed
mandé,I sent
rincón,corner
sun,sun
artificiales,artificial
milord,milord
dee,dee
jeffrey,Jeffrey
significan,they mean
sonó,it rang
foster,Foster
chaleco,vest
encontrarle,find him
sobrevivió,survived
subasta,auction
pasaremos,we will pass
talvez,maybe
cam,cam
naturales,natural
scotty,Scotty
corrección,correction
entiendas,understand
estate,estate
caes,you fall
dándole,giving it
líos,troubles
jodiendo,fucking
hablaron,they spoke
soltar,drop
llevarle,take him
marcar,tick
quedaste,you stayed
déjate,let yourself
proyectos,projects
educado,polite
guardado,saved
zonas,zones
repite,repeat
hermanito,little brother
tobillo,ankle
insiste,insists
categoría,category
dimensión,dimension
ayudes,help
domingos,Sundays
confundida,confused
li,li
romanos,Romans
bloque,block
producir,produce
pasarme,pass me
aplausos,applause
vaqueros,jeans
ciclo,cycle
enterrar,bury
elvis,Elvis
charlar,chat
inventó,invention
sentarnos,sit down
bata,coat
aparecido,appeared
robos,robberies
duras,hard
descuento,discount
cardíaco,cardiac
randall,Randall
recto,straight
valerie,Valerie
unir,bind
buddy,buddy
angie,Angie
infarto,heart attack
km.,km.
echando,throwing
filadelfia,Philadelphia
plumas,feathers
escrita,written
tomaría,would take
creando,creating
hammond,Hammond
gusanos,worms
detengan,stop
refrigerador,fridge
abrí,I opened
entres,between
sida,AIDS
déjelo,Leave it.
obligó,forced
magnífica,magnificent
l.a.,the.
sobrio,sober
felix,Felix
italianos,Italians
saquen,take out
obsesión,obsession
sasha,Sasha
entregó,delivered
acerque,bring closer
mírala,look at her
calendario,calendar
ayudan,help
llevaban,they were wearing
deprimido,depressed
robots,robots
rudo,rude
partidos,matches
cuidadoso,careful
ayudarles,help them
necesitábamos,we needed
arreglos,arrangements
supervisor,supervisor
austin,Austin
zapatillas,sneakers
experiencias,experiences
sobrevivido,survived
fijo,fixed
servidor,server
solían,used to
estimado,My dear
bases,bases
mónica,Monica
cristianos,Christians
propongo,I propose
bendito,blessed
get,get
caerá,will fall
marilyn,Marilyn
altar,altar
disfruten,Enjoy
luchador,fighter
cierren,close
alboroto,riot
extrañé,I missed it
formal,formal
hermandad,sisterhood
rompiendo,breaking
facebook,Facebook
arriesgar,risk
vestíbulo,lobby
cobardes,cowards
racista,racist
cuadra,block
explique,explain
significar,mean
rio,river
claus,Claus
láser,laser
alienígenas,aliens
tribal,tribal
dedicado,dedicated
rudy,Rudy
habitantes,population
divino,divine
campbell,Campbell
tomaba,took
conseguirás,you will get
pobreza,poverty
ebrio,drunk
griffin,Griffin
ambición,ambition
visitantes,visitors
sirvo,I serve
tenés,you have
enseñarme,teach me
rival,rival
tarda,takes
marcho,march
violet,violet
comisionado,commissioner
christina,Christina
out,out
terminan,end
captura,capture
parad,stop
persecución,persecution
específicamente,specifically
aparezca,appear
agradecimiento,gratitude
acercando,approaching
tomarte,take you
usaré,I will use
debieron,they should have
bici,bike
bush,bush
frágil,fragile
pensará,will think
regresamos,we return
mejora,improvement
qu,qu
tinta,ink
nieta,granddaughter
silver,silver
inventado,invented
dejaras,you will leave
cuchillos,knives
ruptura,rupture
preocupan,worry
debéis,you must
viaja,travel
cepillo,brush
velada,evening
propina,tip
escribes,you write
activa,active
toqué,touch
cathy,Cathy
levantarme,get up
tiré,I threw
caravana,caravan
callate,be quiet
sherlock,Sherlock
gustaban,they liked
wes,wes
meto,I put
traseros,rear
atracción,attraction
noté,I noticed
revisé,I checked
atrae,attracts
grabando,recording
reportero,reporter
explorar,explore
perfección,perfection
consentimiento,consent
tiburones,sharks
denny,Denny
acepte,accept
agradecerte,thank you
chad,Chad
yoon,Yoon
gil,gil
postura,position
concreto,concrete
desnudos,nudes
gastado,spent
apertura,opening
hurra,Hurrah
enterprise,enterprise
trates,treat
ahorrar,save
divertirnos,have fun
autorizado,authorized
decida,decide
regular,regular
homosexual,homosexual
mutuamente,mutually
ruidos,noises
film,film
bate,bat
suenas,you sound
bennett,Bennett
lunar,mole
delta,delta
pongamos,let's put
erik,Erik
cógelo,grab it
vestir,dress
venas,veins
evaluación,assessment
reservas,reservations
opiniones,opinions
pagamos,we pay
reagan,Reagan
edgar,Edgar
capturar,capture
espadas,spades
marino,marine
singh,Singh
lejano,far
altamente,highly
solías,you used to
ocuparme,take care of
creerá,will believe
vulgar,vulgar
oímos,we hear
estafa,scam
describir,describe
escopeta,shotgun
orquesta,orchestra
sentiste,you felt
sabias,wise
llámeme,Call me
volvimos,We returned
cassie,Cassie
cool,cool
like,like
lester,Lester
hábito,habit
perdono,I forgive
integridad,integrity
melanie,Melanie
orinar,pee
rodar,roll
décadas,decades
cardenal,cardinal
sospecho,I suspect
amarilla,yellow
reese,Reese
entretenimiento,entertainment
arizona,Arizona
escriba,write
dwight,Dwight
hembra,female
f,F
pruebe,try
k,k
restaurantes,restaurants
primaria,primary
convención,convention
debían,they owed
cago,I shit
tiras,strips
firmes,firm
ignorar,ignore
seguidores,followers
falleció,died
quemó,burned
bésame,kiss me
corrió,ran
picante,spicy
déjale,leave him
destruyó,destroyed
marc,Marc
permitió,allowed
cambiarme,change
árabe,Arab
voló,flew
stewart,Stewart
contrabando,smuggling
boxeo,boxing
pintor,painter
ejercito,army
conocieron,they met
delantera,lead
yoga,yoga
time,time
forman,form
disfrute,enjoyment
reggie,Reggie
mulder,Mulder
hope,hope
chi,chi
ríen,They laugh
vicky,Vicky
campanas,bells
dijeras,you would say
fallar,fail
intentaron,they tried
raíz,root
sheldon,Sheldon
marea,tide
buzón,mailbox
monroe,Monroe
pareciera,it would seem
hicieran,they would do
eliminado,removed
rechazado,refused
turistas,tourists
inútiles,useless
facturas,invoices
cortos,short
visiones,visions
habernos,to have
lena,firewood
comparado,compared
ponme,put me
matarle,kill him
lesiones,injuries
desear,want
cerebros,brains
ra,ra
jorge,Jorge
indican,indicate
tuviese,had
oyen,they hear
desaparecieron,disappeared
hermanita,little sister
estallar,burst
paró,arrest
know,know
ejercicios,exercises
flynn,flynn
extras,extras
temes,fears
bromeo,I'm joking
atraer,attract
mear,piss
anunciar,announce
tae,tae
eléctrico,electric
sujetos,subjects
litros,liters
judía,bean
dawn,dawn
pensábamos,we thought
cañones,cannons
golpeando,hitting
acoso,harassment
explicarte,explain
placas,plates
remoto,remote
asesinaron,they murdered
voluntarios,volunteers
conectar,connect
enojar,anger
cuelga,hanging
cuernos,horns
nietos,grandchildren
gallo,rooster
mojado,wet
obtiene,gets
monica,Monica
aprendió,learned
hubieses,you would have
moore,Moore
reid,Reid
entrenado,trained
cuidaré,I will take care
escucharon,they listened
reynolds,Reynolds
convertirte,become
naciste,you were born
escudos,shields
cerradas,closed
palos,sticks
vínculo,bond
básico,essential
kay,Kay
arrestaron,arrested
limpias,clean
municiones,ammunition
evolución,evolution
olviden,forget
convincente,convincing
pelotón,platoon
comprometida,committed
suene,sound
debíamos,we owed
agarró,grab
irlandés,Irish
sudor,sweat
conociera,knew
desesperación,despair
muchachas,girls
huye,flee
nucleares,nuclear
hada,fairy
marcharme,leave
convertí,I converted
haríamos,we would do
similares,similar
comienzan,begin
concierne,concerns
valga,worth
eché,I threw
mito,myth
claras,clear
duró,hard
rencor,rancor
persigue,pursues
trágico,tragic
brandy,brandy
desgraciadamente,unfortunately
violó,raped
practicando,practicing
volverse,become
road,road
wells,wells
escucharte,listen to you
discúlpenme,excuse me
poirot,Poirot
generador,generator
aguanto,I can endure
amelia,Amelia
riñón,kidney
navaja,razor
dedica,dedica
muñeco,doll
matty,Matty
usaron,they used
by,by
delincuentes,criminals
oscuros,dark
niles,niles
cliff,Cliff
ocultando,hiding
hara,hara
comerciales,commercials
polly,Polly
descubrimos,we discovered
saint,saint
cometiendo,committing
protesta,protest
hudson,Hudson
llevarán,they will carry
ruina,ruin
mátalo,kill him
involucrada,involved
gratitud,gratitude
andan,they walk
oraciones,prayers
círculos,circles
decidiste,you decided
plaga,plague
sobredosis,overdose
uses,uses
corazon,heart
revólver,revolver
andre,Andre
independencia,independence
exceso,excess
conexiones,connections
barras,bars
santuario,sanctuary
estrado,dais
insisto,I insist
sirena,siren
are,are
héctor,Hector
áreas,areas
frito,fried
absoluta,absolute
convertirá,will convert
barrera,barrier
estándar,standard
cargando,charging
públicas,public
primos,cousins
perseguir,chase
favores,favors
cuan,how
lizzie,Lizzie
interesados,interested
mierdas,shit
supremo,supreme
matara,will kill
lavandería,laundry
une,one
ohio,Ohio
llamados,calls
farsa,farce
automático,automatic
terminal,terminal
kira,Kira
moriremos,we will die
val,wal
erin,Erin
protegerme,protect me
químicos,chemicals
oyendo,hearing
técnicas,techniques
adulta,adult
venían,they were coming
empiecen,begin
permites,you allow
ocupar,occupy
tijeras,scissors
senos,breasts
calibre,caliber
dominio,domain
instrumentos,tools
demostración,demonstration
rompecabezas,puzzle
asustaste,You scared me
separación,separation
sostener,hold
esperma,sperm
porter,porter
dados,dice
bién,good
firmó,signed
p.m.,p.m.
alias,alias
atento,attentive
inesperado,unexpected
indicado,indicated
unidas,united
movido,moved
lanzó,launched
rápidos,rapid
toallas,towels
carnicero,butcher
hunt,hunt
colgando,hanging
positiva,positive
ari,ari
triunfo,triumph
vendí,I sold
ballena,whale
cállense,shut up
corrupción,corruption
q,que
cayeron,fell
regreses,return
regresemos,Let's go back
uds,You
moriría,I would die
cheryl,Cheryl
extraterrestre,extraterrestrial
terremoto,earthquake
salvé,Hail
habré,I will have
aparcamiento,parking
frutas,fruit
resumen,summary
llevarás,you will take
ricardo,Ricardo
chiflado,crackpot
planea,plan
m.,m.
ahorros,savings
omar,Omar
tuvieran,had
nolan,Nolan
explotó,exploded
flotando,floating
andaba,was walking
demente,insane
automóvil,automobile
acostumbrada,accustomed
bellas,beautiful
doler,hurt
jonas,Jonas
contenedor,container
saldrás,you will go out
ondas,waves
barril,barrel
adopción,adoption
instintos,instincts
patadas,kicks
acostarte,go to bed
satisfacción,satisfaction
moscas,flies
sirvió,served
huésped,guest
existía,there existed
have,have
asia,Asia
inmortal,immortal
comeré,I will eat
cambiaste,you changed
abro,I open
varón,male
cooperación,cooperation
resiste,resist
músicos,musicians
patear,kick
sácame,take me out
grayson,Grayson
cueste,cost
combatir,combat
accidentalmente,accidentally
ponerla,put it
insoportable,unbearable
tour,tour
contaba,told
hoteles,hotels
guardo,I keep
iniciativa,initiative
denme,give me
avergonzada,embarrassed
cambiarlo,change it
comunistas,communists
decidieron,they decided
mejorando,improving
regimiento,regiment
avísame,Let me know
orfanato,orphanage
enseñando,teaching
contratos,contracts
beba,drink
vistas,views
dixon,Dixon
anual,annual
declarado,declared
encubierto,covert
aborto,abortion
paquetes,packages
sospechosa,suspicious
dámela,Give it to me
diseñado,designed
solitaria,solitary
prepare,prepare
salvarla,save her
facil,easy
atraparon,they caught
venda,band
dj,DJ
cacería,hunting
e-mail,e-mail
penas,penalties
británica,British
selección,selection
honestidad,honesty
culto,worship
joyce,Joyce
telefono,phone
dormiste,You slept
amabilidad,kindness
entendió,understood
notar,notice
inestable,unstable
manga,sleeve
mademoiselle,mademoiselle
lava,lava
delicada,delicate
cambias,you change
generales,general
bay,Bay
jugaba,I played
molestaría,would bother
mandy,Mandy
congelado,frozen
nocturna,night shift
marines,marines
estuviéramos,we were
einstein,Einstein
ruinas,ruins
madrugada,early morning
mostrado,shown
bichos,vermin
sácalo,take it out
boris,Boris
celebrando,celebrating
residentes,residents
suponer,suppose
unico,only
conseguirá,will get
ordena,orders
vivirá,will live
champagne,champagne
derrotar,defeat
cavar,dig
sólido,solid
mariposa,butterfly
provocar,provoke
salvarlo,save him
asquerosa,disgusting
sorprendería,would be surprising
recomiendo,I recommend
mantendré,I will maintain
provisiones,provisions
parecerá,it will seem
batallas,battles
temblando,trembling
dragones,dragons
but,but
ferrocarril,railway
súbete,get on
leíste,did you read
agradecerle,thank you
woody,Woody
asustar,scare
mantengo,I maintain
querrán,they will want
trofeo,trophy
espeluznante,creepy
crecen,grow
prácticas,practices
bares,bars
stevens,Stevens
causando,causing
sonia,Sonia
echarme,throw me
cifras,figures
enséñame,teach me
polonia,Poland
cachorro,puppy
aumenta,increases
fractura,fracture
revisado,revised
roberts,Roberts
guante,glove
muros,walls
fu,fu
uniformes,uniforms
confiado,confident
recordarlo,remember it
rotos,broken
leyó,read
mostrando,showing
acompañarme,accompany me
toquen,play
acordado,agreed
apuro,hurry
pañales,diapers
sonando,ringing
comiste,You ate
presos,prisoners
otto,Otto
tomada,taken
mínima,minimum
contárselo,tell him
incluido,including
rindo,I surrender
enseñé,I taught
opuesto,opposite
parecería,it would seem
necesitaría,I would need
catalina,Catalina
pito,whistle
follar,fuck
hamilton,Hamilton
sesenta,sixty
balcón,balcony
jefferson,Jefferson
camilla,stretcher
bauer,bauer
sirva,serve
llueve,it's raining
paloma,pigeon
irlanda,Ireland
ático,penthouse
homicida,murderer
dañado,damaged
preparen,prepare
cálculos,calculations
sinvergüenza,scoundrel
rusty,rusty
hablábamos,we were talking
calvin,Calvin
trozos,pieces
granada,grenade
filas,rows
baúl,trunk
inventar,invent
impide,prevents
not,not
llover,rain
falló,failed
tanner,tanner
cody,Cody
sirviente,servant
rechazar,decline
funciones,functions
June,June
ocurren,occur
instalación,facility
llegaría,would arrive
verificar,verify
abuelos,grandparents
bruto,rough
teorías,theories
separar,separate
crío,child
publicar,post
afectado,affected
alcanzado,reached
estabais,you were
vivian,Vivian
tatuajes,tattoos
clásica,classic
prestar,lend
consiguen,they get
deténganse,stop
acondicionado,conditioned
verduras,vegetables
digital,digital
dirigen,they direct
archer,archer
imperial,imperial
t.,t.
comprobarlo,check it
emboscada,ambush
finanzas,finance
recta,straight
enviamos,we send
disponibles,available
agradecería,I would appreciate it
llévalo,Take it
soga,rope
mudo,dumb
apodo,nickname
intelectual,intellectual
stephanie,Stephanie
courtney,Courtney
paisaje,landscape
surgió,arose
excepcional,exceptional
brennan,Brennan
fletcher,Fletcher
pub,pub
dirijo,I direct
lesión,injury
marvin,Marvin
empujar,push
acabemos,Let's finish
fuma,smokes
suicidarse,commit suicide
regina,Regina
novias,brides
matones,thugs
redes,networks
encendida,turned on
mátame,kill me
entorno,around
expectativas,expectations
hablabas,you were talking
burt,Burt
cambiaría,would change
conseguirte,get you
explicarle,explain
theo,theo
bastón,cane
explico,I explain
canales,channels
armar,arm
preparación,preparation
carlo,Carlo
garcía,Garcia
neumáticos,tires
pedirme,ask me
alá,to the
participación,stake
atacando,attacking
vientos,winds
usada,used
hablara,would speak
verga,cock
estudiado,studied
llamara,would call
cha,cha
cd,CD
avanzando,moving forward
botes,boats
encerrada,locked up
ayudaste,you helped
escondida,hidden
gordos,fat
salidas,Departures
leones,lions
garras,claws
pleno,full
lamentable,regrettable
perfectos,perfect
acompaña,accompanies
promoción,promotion
televisor,TV
masacre,massacre
moveos,move
llegaba,arrived
jet,jet
desperdicio,waste
queen,queen
detendrá,will stop
quedarán,will remain
importará,will matter
margarita,daisy
chau,bye
devuelve,returns
peluca,wig
inspección,inspection
cansados,tired
cosquillas,tickle
factor,factor
recientes,recent
trece,thirteen
violín,violin
navegar,browse
picnic,picnic
beckett,Beckett
incómoda,uncomfortable
patrones,patterns
examinar,examine
lazos,ties
mrs,Mrs.
chantaje,blackmail
alquilar,rent
durmió,slept
artie,artie
enseñe,teach
humanas,human
negativa,negative
talentos,talents
cory,Cory
futura,future
melodía,melody
entierro,burial
sentirá,will feel
permitirá,will allow
reza,pray
cambiamos,we changed
carajos,damn
an,an
fijado,fixed
urgencia,urgency
milla,mile
plomo,lead
deb,must
destruye,destroys
únicamente,only
bufete,office
detroit,Detroit
aparta,set aside
evelyn,Evelyn
conrad,Conrad
creería,I would believe
localización,location
hogares,homes
klaus,Klaus
casaste,you got married
envuelto,wrapped
dexter,Dexter
dinamita,dynamite
avanza,keep it up
porfavor,please
madura,mature
constitución,constitution
cuñada,sister in law
disparaste,you shot
sabés,You know
arturo,Arthur
convenció,convinced
hee,hee
tronco,trunk
there,there
empezaré,I'll start
aplicación,application
todopoderoso,almighty
gray,gray
monja,nun
encontrada,found
campesinos,peasants
herramienta,tool
lake,lake
zoológico,zoological
kane,Kane
insistió,he insisted
creador,creator
monje,monk
convierta,convert
spock,Spock
pertenecía,belonged
presentarme,introduce myself
no.,No.
perdería,would lose
cagar,shit
ganará,will win
burns,burns
roman,Roman
logra,achieves
controles,controls
parlamento,parliament
clavo,nail
utilizó,used
alumno,student
informante,informant
perderé,I will lose
ponle,put it
down,down
túneles,tunnels
furiosa,furious
ivan,Ivan
xena,Xena
apunto,I'm aiming
esperándote,waiting for you
artificial,artificial
cortas,short
abandona,abandon
cuidados,care
hills,hills
terrorismo,terrorism
arrancar,start up
carolina,Carolina
elegiste,You chose
misiones,missions
masculino,male
crack,crack
soporte,medium
pólvora,gunpowder
perderás,you will lose
documental,documentary
lazo,ribbon
jae,jae
mortales,mortals
nicholas,Nicholas
tocan,they play
corrí,I ran
hallamos,we found
gol,goal
dificultad,difficulty
institución,institution
lemon,lemon
intimidad,privacy
hacerlos,do them
rescatar,rescue
podrias,could you
recuerdes,remember
mascotas,pets
just,just
avanzada,advanced
incorrecto,incorrect
invertir,invest
costar,cost
morfina,morphine
creencias,beliefs
banquete,feast
llamarle,call him
pearl,pearl
hastings,hastings
enfoque,approach
enamoré,I fell in love
spike,spike
joya,jewel
gancho,hook
escribiré,I will write
causas,causes
gallinas,chickens
pretendía,intended
deseado,desired
descubrieron,they discovered
sugiriendo,suggesting
perdonado,forgiven
intervención,intervention
brady,Brady
conquistar,conquer
valía,worth
billones,billions
colorado,Colorado
post,post
east,east
capilla,chapel
ofreciendo,offering
espléndido,gorgeous
lucky,lucky
reflejo,reflection
suavemente,gently
avanzado,advanced
deberíais,you should
creyendo,believing
reciben,receive
subo,I go up
manuel,Manuel
duerma,sleep
contador,counter
sexualmente,sexually
necesitaban,they needed
carruaje,carriage
terminando,ending
lote,batch
champaña,champagne
palomitas,Popcorn
registrar,register
quedate,stay
detenerlos,stop them
agresivo,aggressive
grites,shout
mariscal,marshal
gavin,Gavin
brick,brick
zumo,juice
velo,veil
invité,I invited
virtud,virtue
chandler,Chandler
afortunados,lucky
nueces,walnuts
soda,soda
bájate,get off
matón,bully
continente,continent
congresista,congressman
financiero,financial
brody,Brody
pretendo,I intend
colocado,placed
mantenerla,keep it
eco,echo
oriental,eastern
llevarlos,take them
valiosa,valuable
quito,Quito
ernie,Ernie
pelicula,movie
karma,karma
descuida,don't worry
probabilidad,probability
fraternidad,fraternity
dirigido,addressed
expedición,expedition
bestias,beasts
encargarme,take charge
comprueba,check
explicaciones,explanations
tumbas,tombs
industrial,industrial
agnes,Agnes
amos,masters
estupido,idiot
napoleón,Napoleon
dudar,dude
cómico,comic
limpios,clean
unirte,join
chicle,gum
e.,and.
tocino,bacon
respetable,respectable
brett,Brett
encontrarlos,find them
federación,federation
obliga,obliges
miento,I lie
descarga,discharge
corren,run
wang,wang
encontrara,will find
leña,firewood
bond,bond
sylvia,Sylvia
abraham,Abraham
religiosa,religious
perderá,will lose
ilusiones,delusions
saldría,would come out
analizar,analyze
perdidas,losses
chelsea,Chelsea
conocimientos,knowledge
estreno,premiere
manteniendo,maintaining
cosita,little thing
peste,plague
podia,could
software,software
pasajero,passenger
frenos,brakes
experimentar,experiment
perderemos,we will lose
paja,straw
caballería,chivalry
aquél,that
arruinaste,you ruined
herr,herr
cortina,curtain
queramos,we want
puñetazo,punch
habiendo,having
rodney,Rodney
odiar,hate
hugh,Hugh
hostia,host
termines,finish
frasier,frasier
confirma,confirms
psicología,psychology
finch,finch
schmidt,schmidt
delgada,slim
honestos,honest
prepararé,I will prepare
tomarse,take
calzoncillos,underpants
despidieron,they fired
sidney,Sydney
definición,definition
anton,Anton
cocinando,cooking
difunto,deceased
fugitivo,fugitive
violenta,violent
cerrando,closing
cicatrices,scars
donovan,Donovan
excelentes,excellent
danielle,Danielle
enfrentarse,face
conejos,rabbits
preciosas,beautiful
eramos,we were
grecia,Greece
asegurado,insured
actúas,you act
artillería,artillery
panel,panel
desarrollar,develop
asesor,adviser
séptimo,seventh
bando,faction
declaro,I declare
south,south
resfriado,a cold
devuelto,returned
tablero,board
bradley,Bradley
abandonada,abandoned
archie,Archie
turnos,shifts
sesos,brains
movernos,move
viena,Vienna
quitaron,they removed
confíe,trust
atraparlo,catch him
sombreros,hats
oxford,Oxford
relajarte,relax
michel,Michel
nobles,nobles
ética,ethics
apoya,support
munición,ammunition
táctica,tactic
perderlo,lose it
atacan,attack
recordaba,I remembered
admite,admits
comas,commas
millonario,millionaire
sobrevivientes,survivors
éso,that
frio,cold
involucrados,involved
fumo,I smoke
establecido,established
aprieta,squeeze
destruida,destroyed
payasos,clowns
amenazando,threatening
bandidos,bandits
whoo,whoo
estupideces,crap
cruza,cross
llámalo,call him
sofía,Sofia
provecho,advantage
trataron,they tried
envían,send
day,day
perras,bitches
botín,swag
rechazo,rejection
entenderá,will understand
donante,donor
avisado,warned
exhibición,exhibition
consiguieron,they succeeded
candidatos,candidates
maravillosos,wonderful
vitales,vital
genética,genetics
venecia,Venice
ram,RAM
muestre,show
paranoico,paranoid
lynn,Lynn
diciéndome,telling me
silencioso,silent
casaré,I will marry
sucias,dirty
hierbas,herbs
ash,ash
empezaba,it was beginning
insignificante,insignificant
wally,wally
consecuencia,consequence
marchado,left
suspira,sighs
doncella,maid
conocernos,getting to know each other
aspectos,aspects
girl,girl
discutimos,we discussed
conserje,concierge
letal,lethal
arregló,arrangement
explicarme,explain
chang,chang
chen,chen
hormigas,ants
fechas,dates
dvd,DVD
escolta,escort
laurel,laurel
valla,fence
mayordomo,butler
claude,Claude
deportivo,sports
arquitecto,architect
mordió,bit
jacques,Jacques
apuntando,pointing
guardas,guards
establo,barn
asombrosa,amazing
gilbert,Gilbert
religioso,religious
willy,Willy
latas,cans
traerla,bring her
suministro,supply
aislamiento,isolation
perlas,pearls
cargamento,cargo
alrededores,surroundings
entendía,I understood
cristina,Cristina
saltando,jumping
pensaban,they thought
p.,p.
obtuve,I got
pondrás,you will put
corporal,bodily
realista,realistic
italiana,Italian
embarazoso,embarrassing
incumbencia,incumbency
monta,mount
ofrecerte,to offer you
helados,ice cream
apos,apos
cuestiones,questions
admirador,fan
ayudara,will help
montado,mounted
prudente,prudent
generosa,generous
fenomenal,phenomenal
acusa,accuses
comprarme,buy me
regresaste,you came back
barbacoa,barbecue
célula,cell
juguemos,Let's play
rodando,rolling
caigo,I fall
asustando,scaring
sabrías,you would know
celebrarlo,celebrate it
decepción,disappointment
representación,representation
costumbres,traditions
pérdidas,losses
gotas,drops
carbono,carbon
moverte,move
arde,burns
viví,I lived
demandas,demands
rogers,rogers
semestre,semester
javier,Xavier
miramos,we look
recibes,you receive
cristiana,Christian
hacienda,tax authorities
disparan,they shoot
género,gender
cat,cat
wall,wall
refresco,soda
interruptor,switch
conducía,was driving
halcón,hawk
mudarse,move
coloca,place
codo,elbow
valentía,courage
promete,promises
pipa,pipe
sustancia,substance
posterior,later
was,was
atrapó,caught
envíen,send
brisa,breeze
maravillosas,wonderful
reparto,distribution
forenses,forensics
taberna,tavern
deshacerme,get rid of
ratones,mice
aleluya,alleluia
comunicado,release
seguimiento,follow-up
discreción,discretion
gritó,shout
pulgar,thumb
comprensión,comprehension
retroceder,back
originales,originals
disfraces,costumes
frasco,jar
arreglaremos,we'll fix it
tequila,tequila
perdonen,forgive me
bernie,Bernie
pidas,ask
decís,you say
permítanme,allow me
deberiamos,we should
planear,plan
ocúpate,take care of it
es-,is-
volved,return
relojes,watches
lider,leader
convento,convent
tráelo,bring it
regaló,gift
coges,you take
insulto,insult
paces,peace
cargada,loaded
jared,Jared
kid,kid
coña,joke
lloviendo,raining
vigilante,vigilant
metida,inserted
cálido,warm
pero-,but-
abras,open
robada,stolen
gabinete,cabinet
excursión,excursion
filete,steak
acepté,I accepted
dante,Dante
rich,rich
desconocidos,unknown
perteneces,you belong
ésas,those
mecanismo,mechanism
atiende,attends
liv,liv
invento,invention
dorada,golden
seguirán,will continue
exitoso,successful
fronteras,borders
alterado,altered
pulmón,lung
ellis,ellis
frases,phrases
mostrador,counter
precisión,precision
z,z
conste,let it be known
laurie,Laurie
camisas,shirts
bromeaba,he was joking
convierten,convert
manicomio,asylum
freno,brake
hondo,deep
cynthia,Cynthia
america,America
dispares,disparate
basurero,garbage collector
querés,do you want
mini,mini
abriendo,opening
pensara,thought
separarnos,separate
ábrelo,Open it
retrocedan,back off
pertenezco,I belong
infiel,unfaithful
cualidades,qualities
provoca,causes
rodea,surrounds
favoritas,favorites
mataran,They will kill
resolverlo,solve it
respeta,respect
comprador,buyer
domicilio,home
reduce,reduce
obedecer,obey
quemaduras,burns
levanten,lift
antoine,Antoine
juntar,put together
arrepiento,I regret it
moverme,move
hyun,hyun
bóveda,vault
gimnasia,gym
sirvientes,servants
respecta,respect
suéltala,Let her go
baxter,baxter
presentarles,to introduce them
conectados,connected
trayendo,bringing
iván,Ivan
levanto,I get up
doris,Doris
privados,private
antepasados,forefathers
sacrificios,sacrifices
fantasías,fantasies
mantendrá,will maintain
conclusiones,conclusions
confirmación,confirmation
traidores,traitors
residente,resident
joshua,Joshua
gemelas,twins
dibujar,draw
emocionalmente,emotionally
violar,violate
dirigida,directed
cangrejo,crab
burbuja,bubble
ignorante,ignorant
sesiones,sessions
comparación,comparison
ligeramente,slightly
now,now
ejecutar,execute
ciegas,blind
alberto,Alberto
proviene,comes from
dolió,It hurt
ch00ffff,ch00ffff
parcial,partial
empacar,pack
victima,victim
sentamos,we sat down
católica,Catholic
creían,they believed
mocoso,brat
semilla,seed
ring,ring
chatarra,scrap
hablarlo,talk about it
pascua,Passover
sadie,Sadie
vé,go
golpearon,they hit
cómodos,comfortable
aceptaré,I will accept
acercarme,approach
juegues,play
bert,Bert
dicha,bliss
afirma,states
hostil,hostile
calvo,bald
cintura,waist
tomara,would take
separamos,we separate
sincronización,synchronization
barriga,belly
disfruto,I enjoy
survivor,survivor
suprema,supreme
despegar,take off
monitor,monitor
globos,balloons
mandaré,I will send
vagón,wagon
régimen,regime
bates,bats
ward,ward
huracán,hurricane
conferencias,conferences
cera,wax
mirarte,looking at you
protegerla,protect her
aroma,scent
enfrenta,faces
curado,cured
interpretar,interpret
paraguas,umbrella
bloqueado,blocked
misil,missile
ensayos,essays
peligrosas,dangerous
declaró,declared
pasemos,Let's move on
buffy,Buffy
irónico,ironic
busquemos,Let's look
paradero,whereabouts
esther,Esther
rechazó,rejection
aprobado,approved
desesperadamente,desperately
iros,go away
pagaron,they paid
cocinera,cook
felicito,I congratulate
agáchate,bend down
gerald,Gerald
führer,Führer
robinson,Robinson
renuncio,I resign
apretado,tight
serias,serious
escogido,selected
acompañante,companion
catorce,fourteen
liderazgo,leadership
atlanta,Atlanta
fabulosa,fabulous
devuélveme,Give me back
sensacional,sensational
ganadores,winners
olla,pot
cyrus,Cyrus
guarde,save
traicionó,betrayed
ocupación,occupation
hablaban,they were talking
lloras,you cry
bragas,panties
obstáculo,obstacle
inodoro,lavatory
denle,give it to him
terraza,terrace
eternamente,eternally
patricia,Patricia
stacy,Stacy
unica,unique
estancia,stay
confesó,confessed
molestias,discomforts
desarrollado,developed
suelte,release
enfades,anger
american,American
éxtasis,ecstasy
joon,Joon
tranquilamente,quietly
elsa,elsa
colchón,mattress
escoge,choose
formulario,form
profeta,prophet
camille,Camille
world,world
realizado,done
espuma,foam
glen,Glen
huido,fled
ramas,branches
fija,fixed
morimos,we die
cuarentena,quarantine
informó,reported
conocían,they knew
mostrarles,show them
song,song
pala,shovel
entregas,deliveries
acusada,accused
exagerando,exaggerating
recorrer,travel
acabando,ending
interpretación,interpretation
impaciente,impatient
carreteras,roads
mostrarme,show me
precaución,caution
pastilla,tablet
peleamos,we fought
perdon,sorry
viajado,traveled
tardaré,I will be late
metieron,they put
administrador,administrator
eleanor,Eleanor
susie,Susie
bum,boom
latín,Latin
fanny,Fanny
cristales,crystals
francotirador,sniper
interferir,interfere
garantizar,guarantee
callada,silent
cuchara,spoon
casero,home
nasa,pot
billar,billiards
desprecio,contempt
discursos,speeches
descansando,resting
peinado,hairstyle
mola,cool
juvenil,youth
cogiendo,catching
masiva,massive
derribar,bring down
anfitrión,host
tutor,tutor
agujas,needles
iniciales,initials
fino,fine
kilo,kilo
venus,Venus
pollos,chickens
bolos,bowling
elijo,I choose
recordaré,I will remember
ingenioso,witty
cuaderno,notebook
coinciden,they agree
medicamento,medicine
burton,Burton
comprarte,buy you
herman,Herman
walsh,Walsh
públicos,public
oveja,sheep
resultar,result
mande,send
máscaras,masks
impresionar,impress
gases,gases
acabé,I finished
kung,kung
trabajadora,worker
asado,roast
tímida,shy
inmediata,immediate
data,data
oz,oz
sátur,satur
resaca,hangover
ángela,Angela
conocerlos,meet them
cadera,hip
mérito,merit
got,got
compañia,company
ventajas,advantages
santidad,holiness
cancelado,canceled
ninja,ninja
lin,lin
seguid,follow
deprimente,depressing
monty,Monty
blues,blues
contamos,we have
defensor,advocate
sentó,sat
villano,villain
soviética,Soviet
grand,grand
fort,fort
perdonarme,forgive me
universitario,university
capitan,captain
optimista,optimistic
protesto,protest
mejorado,improved
keller,Keller
palma,palm
experimentado,experienced
asegúrese,make sure
reemplazar,replace
luchado,fought
pegarle,hit him
basa,base
anteojos,glasses
yate,yacht
estropeado,spoiled
g.,g.
cobre,copper
superarlo,overcoming it
mejilla,cheek
proceder,proceed
phoenix,Phoenix
cortando,cutting
unirme,join
martín,martin
significaría,would mean
they,they
creerás,you will believe
pica,pica
párate,stop
palanca,lever
merecido,deserved
firmas,signatures
acosté,I went to bed
cooperar,cooperate
conteste,answer
tramando,plotting
llegarás,you will arrive
esclava,slave
enterar,find out
jerusalén,Jerusalem
ando,I'm walking
look,look
hazle,do it
referencias,references
técnicos,technicians
atrevido,bold
investigadores,researchers
práctico,practical
reciba,receive
forzado,forced
consideración,consideration
ganarse,earn
cebolla,onion
vivían,they lived
apropiada,appropriate
levantarte,get up
experta,expert
cogerlo,pick it up
condenados,convicted
duermas,sleep
efectivamente,indeed
limusina,limousine
ancestros,ancestors
superficial,superficial
rebelión,rebellion
motocicleta,motorcycle
tardado,delayed
sede,headquarters
abrimos,We open
ava,ava
póquer,poker
mide,measures
escuchame,Listen to me
pagos,payments
exclusiva,exclusive
cría,breeding
je,je
mudar,move
culos,butts
lesbianas,lesbians
mirarlo,look at it
pusiera,put
està,this
torno,lathe
denver,Denver
sacaremos,we will take out
golpeé,I hit
tentación,temptation
coman,eat
deberás,you will need
callie,Callie
judith,Judith
sermón,sermon
dramático,dramatic
sutil,subtle
localizado,located
fanático,fanatic
cuerno,horn
franz,Franz
sillón,armchair
eduardo,Eduardo
libra,pound
suecia,Sweden
confiable,reliable
detén,stop
autobuses,buses
copiado,copied
buscó,look for
cantidades,quantities
estrictamente,strictly
digitales,digital
surf,surfing
nadia,Nadia
trigo,wheat
comunicarse,communicate
precisa,precise
acercan,approach
recomendación,recommendation
activos,assets
siguieron,they followed
chao,bye
timmy,Timmy
tanya,Tanya
detenerte,stop
milán,Milan
trajimos,we brought
pretendes,you intend
d.c.,d.c.
abres,open
escáner,scanner
daban,they gave
joo,joo
enseñaron,they taught
recogiendo,collecting
nudo,knot
ingredientes,ingredients
baltimore,Baltimore
mentales,mental
disculpan,excuse me
veros,see you
asusté,I scared
félix,Felix
olvidemos,Let's forget
concejal,councilor
dental,dental
potter,Potter
suspendido,suspended
suéter,sweater
entrenando,training
mudarme,move
comprarle,buy from him
dinosaurios,dinosaurs
dirigía,directed
perpetua,life
ofrecí,I offered
punk,punk
molestó,annoying
cuadras,blocks
traía,brought
ríos,rivers
alaska,Alaska
mexicano,Mexican
arroyo,stream
seríamos,we would be
novedades,new features
abuelita,granny
evacuación,evacuation
suero,serum
matthews,Matthews
abren,open
ciegos,blind people
sopla,blow
amorosa,loving
quemando,burning
confiaba,trusted
tenso,tense
ofendido,insulted
ballenas,whales
posada,inn
libera,release
fernando,Fernando
pieles,skins
tremenda,tremendous
píldora,pill
country,country
unió,joined
creativo,creative
sacrificar,sacrifice
escocés,Scottish
casamiento,marriage
bandido,bandit
crucial,crucial
yu,you
filme,film
meten,they put
pónganse,put on
parados,unemployed
summer,summer
dominar,master
infinito,infinite
culpabilidad,culpability
escondió,hid
carteles,posters
marqués,marquis
escritores,writers
gregory,Gregory
astronauta,astronaut
pimienta,pepper
mandíbula,jaw
langosta,lobster
lastima,pity
asustes,scare
kat,kat
notable,remarkable
cultural,cultural
previamente,previously
fideos,noodles
preparo,I prepare
shelly,shelly
rupert,Rupert
desaparezca,disappear
mantenernos,keep us
sacan,they take out
relevante,relevant
musica,music
respetos,respects
químico,chemical
duermen,sleep
oponente,opponent
hallado,found
hércules,Hercules
sujeta,hold
supongamos,Let's suppose
decano,dean
atrapa,catch
at,at
louie,Louie
relajarse,relax
asustados,scared
hipócrita,hypocritical
déjenlo,leave him alone
unida,united
bailarín,dancer
apretar,squeeze
evita,avoid
camisetas,t-shirts
ancho,broad
temen,fear
quitas,you remove
arruinando,ruining
natal,native
ajo,garlic
adoran,They adore
evitando,avoiding
angustia,distress
consiste,consists
andré,Andre
fran,Fran
amé,I loved
shin,shin
definitiva,final
nerviosos,nervous
amenazado,threatened
wesley,Wesley
creamos,we create
desaparecidos,missing persons
informa,reports
relleno,stuffed
pedo,fart
documentación,documentation
zombi,zombie
decido,I decide
quiebra,bankruptcy
good,good
pagarme,pay me
marcel,Marcel
peg,peg
obreros,workers
olvidaba,I forgot
avisaré,I will let you know
fundamental,fundamental
preparé,I prepared
amen,amen
robados,stolen
hood,hood
ponla,put it on
universal,universal
terrestre,land
price,price
reconoció,acknowledged
hipoteca,mortgage
rupias,rupees
jardinero,gardener
preston,Preston
lori,Lori
condón,condom
garrett,Garrett
vuelan,fly
facilidad,ease
pinky,pinky
clarke,Clarke
rejas,bars
subí,I went up
harina,flour
batallón,battalion
exteriores,exteriors
histórico,historical
baba,slime
refugiados,refugees
here,here
agradables,pleasant
pajarito,birdie
condones,condoms
chester,Chester
hábitos,habits
prevenir,prevent
despido,dismissal
padrastro,stepfather
besarte,kiss you
blusa,blouse
ugh,ugh
alimenta,feeds
estudia,study
inmigración,immigration
maridos,husbands
vístete,get dressed
jugó,juice
enfrentamos,we face
disculparte,apologize
colapso,collapse
wong,wong
pesos,pesos
cachorros,puppies
defectos,defects
fragmentos,fragments
pondrán,they will put
menta,mint
gu,gu
claros,clear
internado,boarding school
ofertas,offers
lanzado,launched
ganadora,winner
japonesa,Japanese
gail,Gail
aconsejo,I advise
mencioné,I mentioned
ow,ow
pagarlo,pay it
goa,Goa
cápsula,capsule
cálmense,calm down
sherman,Sherman
bombero,firefighter
cumplió,He/She fulfilled
aparecerá,will appear
acelera,accelerate
lorenzo,Lorenzo
sólida,solid
eugene,Eugene
scully,Scully
arreglando,fixing
amarte,to love you
buda,Buddha
obligaciones,obligations
girando,turning
engaña,deceives
usaremos,we will use
ginger,ginger
lodo,mud
sospechar,suspect
aislado,isolated
exige,demands
ivy,Ivy
ally,ally
deshazte,get rid
calmado,calm
piérdete,get lost
estes,these
fitz,Fitz
enseñaste,you taught
asegura,assures
libremente,freely
poemas,poems
tránsito,transit
musulmanes,Muslims
brooks,Brooks
viviente,living
acostaste,you went to bed
prometer,pledge
funcionamiento,operation
pais,country
tribus,tribes
adjunto,attach
demora,delay
joda,joking
trabajaré,I will work
cortaron,they cut
seguirme,follow me
aficionado,amateur
investigado,investigated
vuelos,flights
filmando,filming
desafortunado,unlucky
burla,derision
anita,Anita
cásate,get married
invitarte,invite you
traten,try
echamos,we threw
cross,cross
mueves,you move
pésimo,appalling
kara,kara
directores,directors
pagarás,you will pay
toc,knock
mapas,maps
tenerlos,to have them
hongos,fungus
mateo,Matthew
gorila,gorilla
facial,facial
sushi,sushi
gabe,gabe
jeep,jeep
shannon,Shannon
cambies,change
calabaza,pumpkin
autógrafo,autograph
topo,mole
financiera,financial
nace,is born
springfield,Springfield
if,if
penal,penal
noto,I notice
amabas,you loved
eliges,you choose
entregue,deliver
aceptamos,we accept
levanté,Levant
agregar,add
sang,blood
nadando,swimming
atentamente,sincerely
clubes,clubs
violador,rapist
suzanne,Suzanne
rompieron,they broke up
respaldo,back
jenkins,Jenkins
simón,Simon
besado,kissed
ofensiva,offensive
continuará,will continue
planeas,plan
apreciar,appreciate
baterías,batteries
abigail,Abigail
grabaciones,recordings
inconveniente,inconvenient
olvidamos,we forget
descubra,discover
legítimo,legitimate
calabozo,dungeon
ésos,those
escapando,escaping
corporación,corporation
inventé,I invented
chispa,spark
grandeza,greatness
paramos,we stop
envenenado,poisoned
satanás,Satan
suélteme,Let me go
abe,abe
escondes,you hide
cantan,they sing
salvavidas,life jacket
retorno,return
abeja,bee
pulgadas,inches
preciosos,beautiful
cargas,loads
fallecido,deceased
programado,programmed
preocuparnos,worry
buzz,buzz
tacos,tacos
regresando,returning
aliado,ally
declara,declares
preguntamos,we asked
mienten,They lie
marion,Marion
sirvienta,maid
asignado,assigned
gasolinera,gas station
nevada,snowfall
tasa,rate
eminencia,eminence
dales,give them
helada,frost
privadas,private
cogiste,you took
plana,flat
cortada,cut
volado,flown
regresas,you return
extiende,extends
simone,Simone
movió,moved
roberto,Roberto
pijama,pajamas
irías,would you go
defecto,flaw
roban,they steal
corrupto,corrupt
luchamos,we fight
ausente,absent
or,or
sensual,sensual
millie,Millie
recupere,recover
naval,naval
concentrarme,concentrate
encárgate,take charge
distante,distant
corra,run
lecho,litter
salid,exit
sinceridad,sincerity
conocéis,you know
roland,Roland
lastimarte,hurt you
acontecimientos,events
dc,dc
milo,Milo
expuesto,exposed
square,square
suaves,soft
jinete,rider
conozcan,get to know
traslado,transfer
camello,camel
húmedo,wet
besa,kiss
dedicas,you dedicate
dele,give
tesoros,treasures
extrema,extreme
profundas,deep
usen,use
reúne,brings together
taco,wad
seguiría,would continue
she,she
tratos,deals
cierro,I'm closing
expedientes,files
caminata,hike
tribunales,courts
nacionales,national
presentaré,I will present
mantienes,you maintain
guardería,daycare
tormentas,storms
agradecemos,We appreciate it.
juliette,Juliette
tubos,tubes
vengarse,revenge
individuos,individuals
ochenta,eighty
daga,dagger
estudié,I studied
tiraste,you threw
adicción,addiction
gemela,twin
cartero,mailman
fichas,cards
dárselo,give it to him
explosivo,explosive
árabes,Arabs
labor,work
fina,fine
pentágono,pentagon
barb,beard
roosevelt,Roosevelt
guardando,saving
ademas,besides
natasha,Natasha
matanza,killing
consiguiendo,achieving
cubiertos,covered
doscientos,two hundred
fax,fax
empujó,pushed
conmoción,shock
reunirnos,meet
traficantes,traffickers
déjalos,leave them be
novelas,novels
tammy,tammy
atardecer,sunset
continuamente,continuously
provocado,caused
jurisdicción,jurisdiction
humillante,humiliating
lacey,lacey
sumamente,extremely
misterios,mysteries
residuos,waste
verónica,veronica
rostros,faces
frances,French
besó,kiss
oposición,opposition
aleja,stay away
intruso,intruder
wu,wu
maní,peanut
gabrielle,Gabrielle
nikita,Nikita
feas,ugly
escuchaba,I was listening
masas,masses
sendero,path
artefacto,artifact
cancha,basketball court
moviéndose,moving
aparecieron,appeared
limonada,lemonade
laberinto,maze
paracaídas,parachute
ardilla,squirrel
horizonte,horizon
menciona,mentions
kenneth,Kenneth
despegue,takeoff
decirse,to say
late,late
representar,represent
cajero,ATM
atún,tuna
inapropiado,inappropriate
deseamos,we wish
pobrecito,poor
creíamos,we believed
explicaría,would explain
comete,commits
explicado,explained
tomates,tomatoes
river,river
negociaciones,talks
haced,do
violada,raped
abandono,abandonment
deberán,they must
yerno,son-in-law
sandwich,sandwich
ingenuo,naive
rol,role
coñac,cognac
fanáticos,fans
pretender,pretend
suenan,sound
tardis,tardis
clinton,Clinton
sugerir,suggest
armonía,harmony
satisfacer,satisfy
salmón,salmon
arreglé,I fixed
arteria,artery
despreciable,negligible
escalar,climb
cazando,hunting
alabado,praised
pasarlo,pass it
cigarros,cigars
correa,belt
contener,contain
feroz,fierce
averiguado,learned
provocó,caused
mirándome,looking at me
contexto,context
quítame,take me away
recogió,collected
violentos,violent
miedos,fears
aparición,appearance
ofrecen,offer
haberlos,to have them
casera,homemade
racha,streak
trent,Trent
distribución,distribution
repentino,sudden
rezo,prayer
trish,Trish
bailes,dances
humillación,humiliation
hallaron,they found
invitarme,invite me
conduzco,I drive
ensayar,test
derrotado,defeated
veterinario,veterinarian
faro,lighthouse
pornografía,pornography
yale,Yale
buscaremos,we will look
semen,semen
creerte,believe you
contestó,he answered
chulo,cool
aceptable,acceptable
nomás,just
cubriendo,covering
reconstruir,rebuild
damien,Damien
ayuden,help
brien,Brien
detuvieron,arrested
mantenlo,keep it
desgraciados,wretches
taxista,taxi driver
rezando,praying
estais,you are
tos,cough
atentos,attentive
dondequiera,wherever
describe,describe
jasper,Jasper
insecto,insect
jr,Jr.
propaganda,propaganda
let,let
cantaba,sang
carros,cars
mudamos,we moved
iluminación,lightning
vacuna,vaccine
mantenemos,we maintain
deshacer,undo
ironía,irony
tregua,truce
funcionaba,It worked
stalin,Stalin
subterráneo,underground
determinado,certain
divertirme,have fun
complicaciones,complications
devuelva,return
soborno,bribery
valer,worth
alba,dawn
ame,love
mandaron,they sent
volcán,volcano
consumo,consumption
presionar,press
tontas,silly
venderlo,sell it
antídoto,antidote
ramera,harlot
burbujas,bubbles
echarte,throw you
reportes,reports
atraco,holdup
ciervo,deer
críticas,reviews
vieras,you would see
belle,belle
nápoles,Naples
hulk,Hulk
intervenir,intervene
generosidad,generosity
saldrán,they will come out
mimi,Mimi
bendita,blessed
defenderse,fend
mandan,they command
tías,aunts
sabrina,Sabrina
viviré,I will live
apúrense,Hurry up
griegos,Greeks
hot,hot
agárrate,Hold on
alejarme,get away
madam,madam
caña,cane
rodaje,filming
Jun,Jun
sígame,follow me
pamela,Pamela
frutos,fruits
rené,René
importó,imported
empleada,employee
who,who
radical,radical
obstante,however
corté,court
papás,potatoes
hector,Hector
convirtieron,they converted
comparar,compare
júpiter,Jupiter
reunirme,meet
us,us
nat,nat
cemento,cement
montaje,mounting
quité,I removed
jang,jang
espiando,spying
pelean,they fight
tocarme,touch me
marcharte,leave
contraté,I hired
divierte,have fun
suposición,assumption
asegurarte,make sure
donación,donation
formidable,formidable
elefantes,elephants
leve,mild
conforme,according
estanque,pond
celulares,cell phones
clarence,Clarence
françois,François
retiró,withdrawal
creencia,belief
reunimos,we gathered
acudir,go
amablemente,kindly
bolígrafo,pen
deshacerte,get rid
encarga,in charge
hagáis,do
productores,producers
valió,it was worth it
capas,layers
salvando,saving
adrenalina,adrenalin
gates,gates
echemos,Let's throw
cuéntanos,Tell us
serviría,would be useful
aléjense,stay away
respondido,answered
hart,hart
conciertos,concerts
publicado,published
extranjera,foreigner
ocuparse,take care
paguen,pay
alojamiento,accommodation
limpiado,cleaned
traerle,bring him
luther,Luther
detenerla,stop her
forzar,force
inventario,inventory
sugirió,suggested
pediría,I would ask
navegación,navigation
tia,aunt
okey,Okay
angelo,angelo
google,Google
panda,panda
contable,accountant
española,Spanish
interrogar,question
ganaron,they won
repentinamente,suddenly
genes,genes
finge,pretends
whitney,Whitney
destruyendo,destroying
eficiente,efficient
arregle,fix
seminario,seminar
shelby,Shelby
pelirroja,redhead
happy,happy
gibson,Gibson
grandiosa,magnificent
cohetes,rockets
hughes,Hughes
pantalón,pants
lionel,Lionel
celestial,heavenly
gideon,Gideon
mirá,look
sonda,probe
secundario,secondary
ingreso,income
suéltenme,Let me go
maduro,ripe
apartamentos,apartments
afrontar,face
esclavitud,slavery
revisen,check
cesta,basket
donnie,Donnie
engañarme,deceive me
muerde,bites
ncis,ncis
pasaportes,passports
retira,withdraw
adoptar,adopt
cuervo,raven
fijamente,fixedly
portland,Portland
art,art
lastimó,hurt
narcóticos,narcotics
simpática,nice
escogió,chose
lila,lilac
clive,Clive
orientación,orientation
moon,moon
apocalipsis,apocalypse
duquesa,duchess
eun,eun
alucinante,hallucinatory
nombrado,named
paras,paras
figuras,figures
terminen,finish
dom,sun
empuje,push
vendes,you sell
du,du
recurso,resource
creyeron,they believed
ramón,Ramón
adicional,additional
delhi,Delhi
zombis,zombies
turco,Turkish
frijoles,beans
internacionales,international
discutirlo,discuss it
cebo,bait
exijo,I demand
pesados,heavy
caía,fell
presentarle,introduce him
life,life
echen,throw
dobles,double
peyton,Peyton
músculo,muscle
mack,mack
edith,Edith
existido,existed
harriet,Harriet
trataste,you tried
apágalo,Turn it off
contabilidad,accounting
ganarme,win me over
deshacernos,get rid of
redada,raid
oportuno,prompt
jardines,grounds
vega,Vega
preguntaron,they asked
tate,tate
ordenadores,computers
chile,chili
janice,Janice
aceptan,accept
henri,Henri
caros,expensive
sophia,Sophia
locuras,crazy
setenta,seventy
alf,alf
suceden,happen
caderas,hips
hayes,hayes
buque,vessel
nana,nana
reconocí,I recognized
suegra,mother-in-law
apuntar,aim
alejarse,move away
ceder,give
encerrados,locked up
pintado,painted
crezca,grow
hospitalidad,hospitality
henderson,Henderson
atleta,athlete
arruiné,I ruined
convencerme,convince me
escritora,writer
devon,Devon
poste,post
bryan,Bryan
acogida,reception
mermelada,jam
injusticia,injustice
ficha,file
reno,reindeer
granos,grain
tendréis,you will have
obstáculos,obstacles
golpeaste,you hit
gobernar,govern
peligros,dangers
intensa,intense
lema,motto
despejen,clear
intentándolo,trying
alejada,distant
reducido,reduced
inauguración,opening
muda,change
tope,stop
terminas,you finish
móviles,mobiles
dirigiendo,directing
pagaste,you paid
podrido,rotten
mula,mule
necesitáis,you need
powell,Powell
variedad,variety
hubiesen,they would have
llévala,Take it
azotea,rooftop
cóctel,cocktail
tripas,guts
tocarlo,play it
díganme,Tell me
regresaremos,we will return
biología,biology
julien,Julien
galaxias,galaxies
correctas,correct
atrapamos,we caught
pillar,catch
lecturas,readings
populares,popular
luchó,fought
luto,mourning
rafael,Rafael
thor,Thor
terminaré,I will finish
ayudarás,you will help
agarre,grip
corres,you run
reactor,reactor
kilómetro,kilometer
demostrarlo,prove it
háganlo,Do it
dígales,tell them
gerry,Gerry
comiencen,begin
entrará,will enter
bonos,bonds
veronica,veronica
edwards,Edwards
despidió,fired
spa,spa
centros,centers
puños,fists
martini,Martini
holt,holt
cuidarte,take care of yourself
visitante,visitor
newton,Newton
enteras,whole
patos,ducks
laboral,labor
molestarme,bother me
apestoso,stinky
agradecidos,grateful
acera,pavement
hombrecito,little man
potente,powerful
bombardeo,bombing
gritaba,he was shouting
borrado,erased
enterarse,find out
becca,Becca
irrelevante,irrelevant
pakistán,Pakistan
guarida,den
acompañar,accompany
tendencia,trend
vacíos,empty
pasarán,will pass
católico,Catholic
comenzará,will begin
descifrar,decipher
brazalete,bracelet
profecía,prophecy
paseando,strolling
briggs,Briggs
intentaremos,we will try
protegerlo,protect it
insensible,insensitive
pruébalo,Try it
obligados,obligated
seguirás,you will continue
consigas,you get
extensión,extension
niñez,childhood
voluntariamente,voluntarily
parrilla,grill
marineros,sailors
benson,Benson
jura,oath
pegamento,glue
supieran,if they knew
cuestan,cost
georgie,Georgie
anochecer,dusk
ronald,Ronald
volverme,to become
porcentaje,percentage
stu,stu
dañar,damage
pálido,pale
cuido,I take care
impuesto,tax
lucía,Lucia
veteranos,veterans
dese,des
justos,just
besarme,kiss me
sensibilidad,sensitivity
prefieren,prefer
diciéndole,telling him
golfo,gulf
ty,ty
y-,and-
mills,mills
tiren,throw
negociación,negotiation
presionando,pressing
calmarte,calm down
prepararme,prepare
darren,Darren
disfrutado,enjoyed
apresúrate,hurry
desacuerdo,disagreement
hallé,I found
modesto,modest
atajo,shortcut
recogido,collected
cambiaré,I will change
flechas,arrows
rapidez,speed
enseñan,they teach
sucediera,happened
fibra,fiber
granjeros,farmers
giovanni,Giovanni
julieta,Juliet
suciedad,dirt
peterson,Peterson
abrirlo,open it
rendirse,surrender
stop,stop
obama,Obama
deliberadamente,deliberately
esconderte,hide
olvídelo,Forget it
ingenieros,engineers
relacionados,related
plasma,plasma
puros,pure
demandar,sue
llanto,crying
tarado,idiot
necesarios,necessary
mae,mae
suponiendo,assuming
sustituto,substitute
ansiosa,anxious
dejarías,would you leave
soplón,snitch
jade,jade
cohen,Cohen
remolque,trailer
peleado,fought
adelanto,advancement
pasados,past
envidio,I envy
relájese,Relax
presiona,press
reclamar,claim
supera,exceeds
importara,would matter
condujo,led
infantería,infantry
presentarse,introduce
nuca,nape
ayúdanos,help us
aprendiz,apprentice
trueno,thunder
operativo,operational
adán,Adam
discreto,discreet
procedimientos,procedures
típica,typical
anónimo,anonymous
enviados,sent
molino,windmill
senor,Sir
despedirte,say goodbye
alcohólico,alcoholic
dispárale,shoot him
desaparecen,disappear
night,night
corrientes,currents
hábil,skilled
sacerdotes,priests
borda,rail
vendemos,We sell
suspensión,suspension
echan,they throw
sutton,Sutton
laboratorios,laboratories
expulsar,expel
médula,marrow
crawford,Crawford
blando,soft
opera,opera
librería,bookshop
importas,you matter
enviaremos,we will send
bam,bam
tiffany,Tiffany
patética,pathetic
divertirte,have fun
gustos,tastes
podriamos,we could
trío,trio
violado,broken
atrapan,catch
hambrientos,hungry
disculparse,apologize
recordé,I remembered
finca,estate
pagarte,pay you
únete,join
montana,mountain
dea,idea
rompa,break
amigable,friendly
nombrar,name
blog,blog
asamblea,assembly
jonah,Jonah
ocupe,occupy
porche,porch
náuseas,nausea
amuleto,amulet
simpatía,sympathy
actualidad,present
púrpura,purple
bono,bond
corría,ran
cumbre,summit
concuerda,agrees
comprarlo,buy it
elija,choose
trama,plot
calefacción,heating
felipe,Felipe
útiles,useful
mostaza,mustard
psiquiátrico,psychiatric
retire,withdraw
bridget,Bridget
protegida,protected
barbie,Barbie
sosteniendo,holding
renunció,resigned
detengas,stop
desperdiciar,waste
sostiene,maintains
reaccionar,react
capitana,captain
high,high
aprendes,you learn
escapé,exhaust
ejecutado,executed
besando,kissing
perderme,get lost
curiosa,curious
imaginarme,imagine
estadísticas,statistics
lateral,side
descubrirlo,discover it
humedad,humidity
contéstame,answer me
traigas,bring
cerramos,We're closed
intuición,intuition
off,off
desees,you wish
erección,erection
digna,worthy
permitirme,allow me
yoo,yo
compran,buy
marcador,marker
dirigimos,we direct
rotas,broken
aw,aw
escúchenme,Listen to me
email,e-mail
darías,would you give
hyung,hyung
rabino,rabbi
terminada,finished
comprometidos,committed
infectado,infected
avisa,warns
macleod,Macleod
deprimida,depressed
arca,ark
reunidos,gathered
morales,morals
comerciante,businessman
utilidad,utility
pasadas,past
exilio,exile
cruzó,crossed
desnudas,naked
gold,gold
consideran,consider
dispararé,I will shoot
traemos,we bring
contarles,tell them
condenada,condemned
moría,I was dying
au,au
inaceptable,unacceptable
marciales,martial arts
mueran,die
queens,queens
riñones,kidneys
enmienda,amendment
encajar,fit
burdel,brothel
indiana,Indiana
santiago,Santiago
pulsera,bracelet
entrego,I deliver
doblar,fold
right,right
greene,greene
tapadera,front
variar,vary
tango,tango
gramos,grams
wolf,wolf
maniobra,maneuver
compensar,compensate
concedido,granted
morder,bite
north,north
inminente,imminent
luca,Luca
acusados,accused
encargue,order
respóndeme,answer me
russ,russ
arbustos,shrubbery
raja,raja
brillar,shine
asumiendo,assuming
sirviendo,serving
ahogó,drowning
mozo,waiter
timón,rudder
apuros,troubles
argentina,Argentina
po,po
lilly,Lilly
virginidad,virginity
comamos,Let's eat
crueldad,cruelty
onu,UN
michigan,Michigan
devuelvo,I return
sueña,sounds
rodeada,surrounded
empezará,will begin
abriré,I will open
cocodrilo,crocodile
bebí,I drank
descuidado,careless
phillips,Phillips
signifique,mean
letrero,sign
trayectoria,path
gala,gala
lucir,show off
evacuar,evacuate
pescador,fisherman
llevemos,Let's take
pagaría,would pay
viajero,traveler
enseñarles,teach them
subimos,we went up
cortaré,I will cut
españoles,Spaniards
quitarse,take off
ladrillos,bricks
bufanda,scarf
explota,explodes
mares,seas
psicólogo,psychologist
ladrona,thief
limitado,limited
huelen,they smell
empresario,businessman
dormiré,I will sleep
admirable,admirable
acusar,accuse
warner,Warner
corteza,crust
siguiera,continued
tenedor,fork
transmitir,convey
sentías,you felt
online,on-line
correspondencia,correspondence
valley,valley
allanamiento,raid
controlarlo,control it
sencillamente,simply
márchate,leave
enterrada,buried
brecha,gap
regresan,return
fruto,fruit
comparte,share
vómito,vomit
enterarme,find out
dividir,split
olvidarte,forget you
ocurriera,happened
secuestró,kidnapping
esqueleto,skeleton
old,old
separadas,separate
difícilmente,hardly
antigüedad,antique
bajé,I went down
detras,behind
see,see
conecta,connect
cap,chap
montando,riding
practica,practice
utilizan,use
bebió,drank
home,home
joyería,jeweler's
tambor,drum
protagonista,protagonist
definitivo,definitive
contarnos,tell us
maddie,Maddie
obligada,obliged
montgomery,Montgomery
navidades,Christmas
atar,tie
esperaría,I would expect
esperaban,they were waiting
cereales,cereals
proposición,proposition
ventilación,ventilation
pídele,ask him
palomas,pigeons
destrozar,shatter
espaciales,space
secuestrador,kidnapper
videojuegos,video games
deriva,drift
luisa,Luisa
campesino,peasant
comía,ate
percy,Percy
órgano,organ
malvados,evil
preparó,prepared
x.,x.
gustara,I would like it
cobertizo,shed
buscándote,looking for you
llévatelo,Take it
reemplazo,replacement
recordarte,remind you
ocultas,hidden
octavo,eighth
faltar,lack
planeo,glide
jornada,day
pensándolo,thinking about it
parecías,you seemed
seguras,safe
dominic,Dominic
air,air
bocado,bite
tragar,swallow
impresionada,impressed
acelerar,accelerate
inversiones,investments
canadiense,Canadian
duelen,they hurt
lunático,lunatic
prohibida,prohibited
surge,arises
glorioso,glorious
irresponsable,irresponsible
honores,honors
florence,Florence
supervivientes,survivors
place,place
funcionaría,would work
tirada,print run
pedía,asked
hale,hale
anónima,anonymous
celdas,cells
point,point
asia-team,asia-team
nativos,natives
prestas,lend
ferrari,Ferrari
escaparon,escaped
hormonas,hormones
salas,rooms
florencia,Florence
inofensivo,harmless
separa,separate
ladrillo,brick
mentalmente,mentally
calmar,calm
atrevo,I dare
hayley,Hayley
manager,manager
funcionario,official
calme,calm
ayudaron,helped
shepherd,shepherd
levantes,lifts
recordado,remembered
ames,ames
meteré,I'll put
hambrienta,hungry
entrañas,bowels
secuestrada,kidnapped
vinos,wines
kramer,kramer
tomarnos,take us
elevado,high
no-,No-
veían,they saw
desesperados,desperate
traicionar,betray
cabreado,angry
medir,measure
when,when
lavabo,washbasin
microondas,microwave
salvará,will save
íntimo,intimate
christy,Christy
detector,detector
cesar,cease
vicki,Vicki
vendiste,you sold
cubiertas,covers
ta,ta
callas,callas
huérfanos,orphans
imprudente,reckless
ignorancia,ignorance
atrapé,I caught
gardner,Gardner
moe,moe
voluntaria,voluntary
veloz,fast
charley,charley
pagarán,they will pay
comeremos,we will eat
distinguir,distinguish
saques,serve
provincia,province
convertiste,you became
gorro,cap
moreno,dark
buscarle,look for him
daniels,Daniels
frederick,Frederick
pobrecita,poor thing
rodeados,surrounded
crystal,crystal
puestas,sunsets
subiré,I'll go up
maxwell,Maxwell
maquina,machine
detectar,detect
banana,banana
tesis,thesis
acabaré,I will finish
enojo,anger
acelerador,accelerator
entenderás,you will understand
weaver,Weaver
cuidarme,take care of myself
quedaras,you will stay
lucifer,Lucifer
marissa,Marissa
repuesto,replacement
holden,holden
alucinaciones,hallucinations
corredores,runners
biológico,biological
púdrete,rot
neill,Neill
tablas,tables
descubriste,you discovered
organismo,body
afectar,affect
acuéstate,lie down
cuevas,caves
servirle,serve him
i.,Yo.
abismo,abyss
equivocadas,wrong
prostitución,prostitution
nudos,knots
perfectas,perfect
picado,chopped
miradas,glances
ambicioso,ambitious
aparatos,devices
escribía,I wrote
dirigió,directed
olía,smelled
confié,I trusted
construyeron,they built
camarote,cabin
determinación,determination
isabelle,Isabelle
dobla,fold
bofetada,slap
equivocó,mistaken
elevador,elevator
persiguen,pursue
leyendas,legends
ejércitos,armies
imagine,imagine
how,how
fumas,Do you smoke?
sueltos,loose
eches,throw
estafador,swindler
h.,h.
felizmente,happily
recuperarlo,recover it
noción,notion
solteros,singles
permitiría,would
corazonada,hunch
agotada,sold out
castigar,punish
rivales,rivals
resolución,resolution
lograron,they achieved
financieros,financial
continúen,continue
exitosa,successful
activado,activated
brindemos,Let's offer
cordón,cord
relajado,relaxed
arrastrado,dragged
tolerar,tolerate
símbolos,symbols
aliviar,relieve
yes,Yes
visitarme,visit me
pope,pope
racional,rational
espionaje,espionage
sientate,sit down
electrónica,electronics
homenaje,tribute
orgasmo,orgasm
usaría,would use
pro,pro
culpes,blame
infernal,infernal
apartado,paragraph
tessa,Tessa
intentos,attempts
banks,banks
matrimonios,marriages
drogadicto,junkie
temporalmente,temporarily
agarré,grip
peluche,teddy
económica,economic
pasillos,hallways
devolverle,return it
supimos,we knew
encargará,will be in charge
espectro,spectrum
sábados,Saturdays
record,record
pensarás,you'll think
wheeler,wheeler
dispararme,shoot me
alexis,Alexis
pabellón,pavilion
traido,brought
representan,represent
et,and
agencias,agencies
avatar,avatar
respire,breathe
mecánica,mechanics
leeré,I will read
tropa,troop
abdomen,abdomen
mencionaste,you mentioned
noruega,Norway
arreglamos,we fixed
zoo,zoo
tómala,Take it
comenzaremos,we will begin
banca,banking
retrete,toilet
tazón,mug
darcy,Darcy
échale,throw it
pensarán,they will think
satisfecha,satisfied
donny,Donny
beck,Beck
alfredo,Alfred
intentemos,Let's try
iii,iii
clayton,Clayton
activar,activate
panqueques,pancakes
marine,marine
cuadrado,square
dejaran,they will leave
futuros,futures
brent,Brent
sándwiches,sandwiches
hyde,hyde
díganos,tell us
proteja,protect
transición,transition
boxeador,boxer
revise,review
cuyos,whose
secundarios,secondary
uvas,grapes
sudando,sweating
congelador,freezer
fallé,I failed
vaughn,Vaughn
atentado,attempt
batido,beaten
canasta,basket
monumento,monument
antorcha,torch
antena,antenna
sacarlos,take them out
colaboración,collaboration
gemma,Gemma
solicito,solicitous
taquilla,ticket office
tenerme,have me
seo,SEO
insignia,insignia
fábricas,factories
conque,so
senté,I sat down
reunió,met
convencida,convinced
frías,cold
asustan,frighten
mojada,wet
seúl,Seoul
leales,loyal
philippe,Philippe
préstamos,loans
callarte,shut up
alejandro,Alexander
banquero,banker
divertidas,fun
artístico,artistic
luchas,struggles
armstrong,Armstrong
dramática,dramatic
roz,rose
tyson,Tyson
coser,sew
temperamento,temper
creerán,they will believe
calzones,breeches
abrirla,open it
dadas,given
andrews,Andrews
emmett,Emmett
vendedores,sellers
patán,lout
patata,potato
flaco,skinny
homosexuales,homosexuals
esteroides,steroids
cuota,share
vendas,bandages
brendan,Brendan
continúan,continue
heidi,Heidi
secuestrar,kidnap
industrias,industries
avergüenza,shameful
arriesgarme,take the risk
ostras,oysters
procesar,process
perdamos,let's lose
tacones,heels
igualdad,equality
exista,exist
cambiarte,change
obtenido,obtained
nigel,Nigel
engañaste,you cheated
saliva,saliva
ofrecieron,offered
carnaval,carnival
mudé,I moved
cenas,dinners
churchill,Churchill
ayudaba,helped
menciones,mentions
line,line
rasguño,scratch
transmisor,transmitter
grandote,huge
recibieron,received
dieciséis,sixteen
defendiendo,defending
quitaré,I will remove
ingresar,get into
empeorar,worsen
quejarte,complain
ideales,ideals
invertido,invested
memorias,memoirs
helicópteros,helicopters
universidades,universities
alejarte,walk away
corro,I run
canciller,chancellor
revelación,revelation
felicity,Felicity
presiones,pressures
debiera,should
inventando,inventing
buenísimo,awesome!
etc.,etc
quiza,perhaps
clare,Clare
ire,go
volverte,to become
seguidos,followed
bajamos,we went down
mentiría,I would lie
dejémoslo,Let's leave it at that
nash,nash
bota,boot
disturbios,unrest
divorciado,divorced
enojes,anger
noventa,ninety
élite,elite
pellejo,skin
odiaría,I would hate
trastorno,disorder
explorador,explorer
produjo,produced
che,che
ike,ike
admítelo,Admit it
cansé,I got tired
formado,formed
desaparecidas,missing
démosle,Let's give it to him
confíes,trust
detenerse,stop
ganaremos,we will win
mallory,Mallory
estribor,starboard
operadora,operator
puré,puree
elegida,chosen
maureen,Maureen
pezones,nipples
nixon,Nixon
otis,Otis
pasarte,pass
ejemplar,copy
bloquear,block
rodeo,rodeo
contestado,answered
cante,sing
entraré,I will enter
plantado,planted
individual,individual
pertenencias,belongings
fuertemente,strongly
noroeste,northwest
biológica,biological
subes,you go up
vegetales,vegetables
tácticas,tactics
rondas,rounds
espejos,mirrors
frustrante,frustrating
aplica,applies
confieso,I confess
triángulo,triangle
funcionarios,officials
titular,holder
yace,lies
catástrofe,catastrophe
plantar,plant
compartido,shared
repetirlo,repeat it
títulos,securities
amplio,broad
back,back
indias,Indians
moisés,Moses
dolly,Dolly
desgraciada,unfortunate
cenamos,We had dinner
solucionarlo,fix it
filmación,shooting
gire,turn
hm,hm
discutido,discussed
secuestradores,kidnappers
entendería,I would understand
visitando,visiting
rastreo,tracking
tambores,drums
crudo,raw
guardianes,guardians
cálculo,calculation
cejas,eyebrows
alambre,wire
recortes,cuts
incidentes,incidents
ayudamos,we help
testículos,testicles
déjenos,leave us
subtítulo,caption
oppa,oppa
cumpliendo,fulfilling
suegro,father-in-law
brindar,toast
escalofríos,shivers
quejarse,complain
homer,Homer
dure,last
kai,kai
regresaron,they returned
acompañaré,I will accompany
ingenio,wit
rindas,surrender
ordené,I ordered
grúa,crane
ganancia,revenue
lloro,cry
manipular,manipulate
llevabas,you were wearing
percepción,perception
cass,cass
comprobando,checking
dirían,they would say
sloan,Sloan
sangrado,bleeding
supervisión,supervision
decoración,decoration
enamoró,fell in love
muelles,docks
cumpla,fulfill
saltado,leapt
compuesto,compound
maligno,malignant
dato,fact
entenderías,you would understand
acantilado,cliff
creerías,would you believe
arrojó,daring
aria,aria
mareado,dizzy
taxis,taxis
podríais,could
acercándose,approaching
il,il
celia,Celia
morena,brunette
ojala,I wish
aburrimiento,boredom
sugieres,you suggest
improbable,unlikely
revela,reveals
tacto,touch
predicador,preacher
partió,left
presidencial,presidential
bailamos,we danced
audio,audio
apestas,You stink
robarle,steal from him
dormimos,we slept
arañas,spiders
créditos,credits
epidemia,epidemic
carlton,Carlton
moción,motion
crió,child
probé,I tried
imitación,imitation
solicitar,request
casual,casual
aprobar,approve
aprecia,appreciates
barca,boat
espacios,spaces
apague,turn off
vainilla,vanilla
aléjese,walk away
vil,vile
estrecho,narrow
cruzada,crusade
banderas,flags
escondidos,hidden
anormal,abnormal
aló,Hello
parecemos,we seem
disputa,quarrel
marianne,Marianne
tradiciones,traditions
manguera,hose
way,way
cases,cases
pregúntele,ask him
want,want
pum,pum
marche,march
condolencias,Condolences
cifra,figure
paco,Paco
sofisticado,sophisticated
eligieron,they chose
vigilado,monitored
jedi,Jedi
marchando,marching
anos,years
sirenas,sirens
bebía,drank
veterano,veteran
manifestación,manifestation
devoción,devotion
espectadores,viewers
mango,mango
atada,tied
gasto,spent
remota,remote
nah,nah
mumbai,Mumbai
abrirá,will open
larguémonos,Let's get out of here
fieles,faithful
francine,Francine
honrar,honor
extracción,extraction
desagradables,unpleasant
proveedor,supplier
enteraste,did you find out
conseguirme,get me
aceptará,will accept
características,characteristics
medallas,medals
eliminación,elimination
escaparse,escape
morse,Morse
halló,found
visible,visible
warp,warp
transformación,transformation
necesarias,necessary
simmons,Simmons
himno,hymn
bon,bon
iglesias,churches
municipal,municipal
enviará,will send
reírse,laugh
calentar,heat
murciélago,bat
ariel,Ariel
dactilares,fingerprints
yi,yi
atómica,atomic
aficionados,fans
cantas,you sing
tito,Tito
recordó,he remembered
expreso,express
quites,removes
dani,Dani
detenidos,detainees
billie,Billie
salirse,to leave
jarra,jug
queráis,you want
amistoso,friendly
mordido,bitten
perla,pearl
gelatina,gelatin
bromear,kidding
chismes,gossip
estrelló,crashed
corregir,correct
hilos,threads
asustarme,scare me
cálida,warm
tocamos,we play
conociendo,getting to know
exagerado,exaggerated
prestarme,lend me
cagado,shit
telefónicas,telephone companies
balance,balance
respetado,respected
ling,ling
rutas,routes
crearon,created
devolverlo,return it
zar,czar
descansen,rest
usual,usual
exponer,expose
bailas,you dance
bah,Bah
beatles,Beatles
vayámonos,Let's go
sensato,sensible
circulación,circulation
conquista,conquest
extraer,extract
encargaremos,we will take care of it
hoguera,bonfire
gracie,grace
monjas,nuns
arrestada,arrested
actuó,acted
alquilado,rented
conocerme,get to know me
molestas,annoying
tortugas,turtles
saul,Saul
celebridad,celebrity
venías,were you coming
kev,kev
manchester,Manchester
uy,oh
diputado,deputy
polaco,Polish
clavos,nails
negado,denied
casara,Casara
actuado,acted
resuelve,solves
complace,please
resonancia,resonance
proxima,next
socia,partner
agradece,thanks
bin,bin
sanders,Sanders
miserables,miserable
severo,severe
ezra,ezra
cuanta,how much
esperó,wait
tornado,tornado
propietarios,owners
pizca,pinch
arreglará,will fix
empleos,jobs
concentrado,concentrated
ollie,Ollie
cora,cora
obtienes,you get
atlántico,Atlantic
bancarrota,bankruptcy
yardas,yards
quemada,burned
monasterio,monastery
quisieran,they would like
stacey,Stacey
abrieron,opened
elegantes,elegant
privilegios,privileges
habeis,you have
monjes,monks
marchas,marches
válvula,valve
casita,cottage
jugué,I played
recogeré,I will pick up
lanzando,launching
arranque,start
conduces,you drive
candy,candy
oral,oral
bancaria,banking
nº,no.
muevo,I move
labial,lip
contarlo,tell it
consigamos,Let's get
hassan,Hassan
recupera,recovers
predecir,predict
secretas,secret
abrázame,hug me
recordarle,remind him
lloraba,she was crying
mariposas,butterflies
anzuelo,hook
devolvió,returned
novatos,novices
quisiéramos,we would like
carnet,license
asustarte,scare you
mindy,mindy
rebaño,herd
w,w
gusten,like
baratos,cheap
económico,economic
mara,Mara
boo,boo
alimentación,feeding
cook,cook
inició,start
críos,kids
vivirás,you will live
yenes,yen
pasajes,passages
grieta,crack
reportera,reporter
dense,dense
besé,I kissed
vip,VIP
tazas,cups
luthor,Luthor
pandillas,gangs
visitó,visited
abrid,open
enviarme,send me
agrado,pleasant
ponche,punch
movida,move
escoba,broom
atravesando,crossing
recado,message
arrojar,throw
planeamos,we plan
pijamas,pajamas
hipótesis,hypothesis
milady,milady
guapas,beautiful
tocarla,play it
caíste,you fell
callen,be quiet
respondiendo,responding
mudado,moved
flora,flora
gemelo,twin
desmayó,fainting
apariencias,appearances
permito,I allow
porción,portion
columbia,Columbia
mantendremos,we will maintain
pensemos,Let's think
dedico,I dedicate
tostadas,toast
reportaje,reportage
necesitado,needy
chófer,driver
probemos,Let's try it
ofendas,offenses
protegernos,protect us
enseñas,you teach
redención,redemption
cosmos,cosmos
prisionera,prisoner
perdonaré,I will forgive
ramo,bouquet
producido,produced
antigüedades,antiques
amplia,wide
precauciones,precautions
útero,uterus
palm,palm
mayormente,mainly
bajaré,I'll go down
trey,trey
matarás,you will kill
mantas,blankets
sufren,suffer
necesiten,need
aburridos,boring
apelación,appeal
dewey,Dewey
enviada,sent
sobras,leftovers
detenernos,stop
comprensible,understandable
vito,Vito
pino,pine
carrito,shopping cart
índice,index
ba,ba
musicales,musicals
estara,will be
micro,micro
aplastar,crush
tires,tires
básica,basic
audaz,bold
mejillas,cheeks
descargar,discharge
apuñalado,stabbed
horarios,schedules
animado,lively
norteamericano,American
miraré,I'll look
metáfora,metaphor
redonda,round
tensa,tense
mantenerlos,keep them
campeones,champions
coronas,crowns
derrame,spill
reporteros,reporters
espina,thorn
frontal,frontal
tramposo,cheating
ferry,ferry
apasionado,passionate
rendimiento,performance
frankenstein,Frankenstein
darryl,Darryl
fallas,failures
invitaste,you invited
salvarnos,save us
ajustar,adjust
cierran,close
escombros,debris
tengáis,have
señalar,point out
floyd,Floyd
escritos,writings
tercio,third
olvidando,forgetting
gritan,they shout
bi,bi
ss,H.H
pensáis,you think
jerome,Jerome
royal,royal
ahogado,drowned
defensas,defenses
comparten,share
legítima,legitimate
regazo,lap
dígamelo,Tell me
preocuparía,would worry
usados,used
cambien,change
divertidos,fun
corras,run
iríamos,we would go
sacarnos,get us out
preparativos,preparations
repita,repeat
timothy,Timothy
poción,potion
atravesó,crossed
rahul,rahul
diálogo,dialogue
byron,Byron
acusando,accusing
luchan,they fight
morirse,to die
dinozzo,dinozzo
cabras,goats
amargo,bitter
dinamarca,Denmark
acercarte,approach
críticos,critics
joanna,Joanna
aidan,Aidan
seguidas,followed
fi,fi
enviarle,send him
interese,interest
cafe,coffee
motivación,motivation
zoey,Zoey
verdaderas,true
rap,rap
salvarle,save him
intenten,try
permanezca,stay
vaticano,Vatican
separe,separate
arrogancia,arrogance
vencida,defeated
veías,you saw
acabada,finished
casará,will marry
presidencia,presidency
conductores,drivers
beben,they drink
curry,curry
tarzán,Tarzan
ordene,order
cinturones,belts
adicta,addict
implicado,involved
ganso,goose
lloré,I cried
telefónico,telephone
sobrevive,survives
edna,Edna
molestan,bother
argumentos,arguments
quisieron,they wanted
oía,I heard
peculiar,peculiar
melinda,Melinda
entusiasmado,enthusiastic
distraído,distracted
encargarse,take charge
exploradores,explorers
carreta,cart
mentor,mentor
coged,take
ajuste,adjustment
consciencia,consciousness
judas,Judas
observador,observer
aprenderás,you will learn
mediana,median
frost,Frost
recogerlo,pick it up
vestirme,get dressed
uh-huh,uh-huh
bebamos,Let's drink
ming,Ming
recordará,will remember
explosiones,explosions
inmigrantes,immigrants
enfermó,sick
intentará,will try
abrazar,embrace
abandone,abandon
entraba,entered
medico,doctor
diseñador,designer
expulsada,expelled
advirtió,warned
from,from
encerrar,enclose
tomarla,take it
impulsos,impulses
aceptaría,would accept
isabella,Isabella
entrara,will enter
ataquen,attack
encontrados,found
leonardo,Leonardo
alérgico,allergic
bree,bree
parecida,similar
pilas,batteries
vales,vouchers
antibióticos,antibiotics
pasto,grass
cho,cho
forzada,forced
golpee,hit
destruirlo,destroy it
calentamiento,heating
lloró,cry
holanda,Holland
ilegalmente,illegally
vendía,sold
tractor,tractor
sanos,healthy
thesubfactory,thesubfactory
ande,and
compensación,compensation
víbora,snake
wanda,Wanda
gallagher,Gallagher
inmenso,immense
aspirina,aspirin
previo,previous
quiten,remove
asociados,associates
sentaos,sit down
rompen,break
tubería,pipeline
theresa,Theresa
detuve,I stopped
ordinario,ordinary
exploración,exploration
sueco,Swedish
prepararse,prepare
agradas,please
wright,Wright
informarle,inform him
turista,tourist
tendido,lying
satán,Satan
kentucky,Kentucky
arquitectura,architecture
adoraba,I adored
jurar,swear
propuso,proposed
veinticinco,twenty-five
afirmativo,affirmative
geoffrey,Geoffrey
carpa,large tent
comportarse,behave
mccoy,McCoy
intercambiar,exchange
twitter,Twitter
rifles,rifles
perseguido,pursued
notó,noticed
preferirías,would you prefer
atacada,attacked
tac,tac
superintendente,superintendent
específica,specific
empate,draw
rompo,I break
seguían,they continued
inspirado,inspired
seguiste,you followed
genético,genetic
mutuo,mutual
recuperó,recovered
gonna,gonna
lima,lime
advertido,warned
reparación,repair
desvío,detour
rastreando,tracking
mezclar,mingle
vernon,Vernon
milton,Milton
afeitar,shave
conducto,conduit
alterada,altered
karate,karate
permanezcan,remain
pirámide,pyramid
respondes,you answer
vivan,live
aseguró,he assured
morada,dwelling
secos,dry
familiarizado,acquainted
tened,have
funeraria,mortuary
usaban,they used
esconderme,hide
cruzados,crusaders
sung,sung
ricas,rich
mercurio,mercury
afectó,keen
destrozada,shattered
movemos,we move
acta,minutes
quedaban,there remained
busques,look for
dieciocho,eighteen
deciros,tell you
sexta,sixth
apártense,step aside
diligencia,diligence
creíble,credible
bronce,bronze
madeline,Madeline
sugar,sugar
confirmó,confirmed
katrina,Katrina
gravemente,seriously
editorial,editorial
crié,I raised
r.,r.
registrada,registered
humphrey,Humphrey
recurrir,appeal
conducido,driven
metan,metan
mentirosos,liars
harley,Harley
disfrazado,disguised
suelten,let go
travieso,mischievous
trapo,rag
acostó,lay down
cortés,courteous
habremos,we will have
maricas,faggots
levantas,you lift
cafés,coffees
dalton,Dalton
barbilla,chin
dire,I will say
diplomático,diplomatic
define,define
empeorando,worsening
cancela,cancel
agonía,agony
ahorrado,saved
caitlin,Caitlin
patrullas,patrols
motos,motorcycles
escondí,I hid
responden,they respond
hiciese,did
ternera,veal
contactado,contacted
mantenía,maintained
trajera,brought
fritz,Fritz
golpearme,hit me
pálida,pale
huérfano,orphan
compraron,they bought
enfrentarme,face
strike,strike
peli,movie
disparas,you shoot
klingon,Klingon
bridge,bridge
crueles,cruel
comporta,behaves
consultar,consult
prototipo,prototype
bromea,jokes
conectada,connected
peón,pawn
yuri,Yuri
acampar,camp
exigente,demanding
cuadrados,squares
chupa,suck
ábrela,open it
justificar,justify
alegres,cheerful
acabaría,would end
madrastra,stepmother
judías,beans
autoestima,self-esteem
destruirá,will destroy
asustas,You scare
colby,Colby
secuestraron,kidnapped
lang,lang
ganaré,I will win
psicológico,psychological
cumplí,I fulfilled
beethoven,Beethoven
preparatoria,preparatory
acercamos,we approach
programación,programming
ayudaremos,we will help
representantes,representatives
zeus,Zeus
árbitro,referee
interferencia,interference
note,note
betsy,Betsy
recetas,recipes
radiante,radiant
andrés,Andrew
creek,creek
terminarlo,finish it
idiomas,languages
halla,find
bennet,Bennett
decepcionada,disappointed
frescos,fresh
considere,consider
relacionada,related
altitud,altitude
romperé,I will break
sacará,will take out
ponerlos,put them
fiar,trust
erupción,rash
bailo,I dance
pony,pony
puntual,punctual
sumo,sumo
brujería,witchcraft
vestirse,get dressed
excita,excites
impecable,flawless
actuales,current
merlín,marline
sirves,you serve
casillero,locker
presiento,I have a feeling
bocadillos,snacks
aurora,Aurora
take,take
voyager,voyager
pasatiempo,hobby
opino,I think
masajes,massages
discusiones,discussions
levántese,stand up
echaba,was throwing
absurda,absurd
estéis,you are
póngame,put me
rastreador,tracker
soñaba,dreamed
gen,gen
juegue,play
sanguínea,blood
robamos,we robbed
realeza,royalty
muestro,I show
hawkins,Hawkins
agotador,exhausting
circuitos,circuits
pedirles,ask them
sorprendentemente,surprisingly
buscabas,were you looking for
mexicanos,Mexicans
circular,circular
pesas,weights
destruidos,destroyed
acompañado,accompanied
fríos,cold
pasarás,you will pass
pizarra,board
confusa,confusing
levantada,raised
recibirás,you will receive
vitaminas,vitamins
beta,beta
asociado,associated
apple,Apple
arrepentirás,You will regret it
panza,belly
chistoso,funny
estrecha,narrow
chupar,suck
neutral,neutral
volverías,would you return
gritas,you shout
ingenua,naive
extinción,extinction
completado,filled
pedidos,orders
buscarlos,look for them
prepararte,prepare
repartir,distribute
escotilla,hatch
haria,would
bocadillo,sandwich
viviremos,we will live
creímos,we believed
debra,Debra
vieran,they saw
trineo,sled
foco,focus
diseños,designs
considerable,considerable
placeres,pleasures
comunitario,community
circunstancia,circumstance
encendedor,lighter
esconden,hide
k.,k.
recuperarse,recover
buscaban,they were looking
permitirnos,allow us
temblar,tremble
turcos,Turks
nochebuena,Christmas Eve
malik,Malik
catedral,cathedral
grosera,rude
atrasado,late
peluquería,hair salon
concha,shell
contestas,you answer
sobrevivirá,will survive
ibamos,we were going
higiénico,hygienic
fibras,fibers
maratón,marathon
duran,they last
frescas,fresh
juana,Juana
armando,Armando
madeleine,Madeleine
pauline,Pauline
respondo,I reply
consultorio,office
relámpago,lightning
norteamericanos,Americans
esponja,sponge
naranjas,oranges
oswald,oswald
charlas,talks
públicamente,publicly
ganaba,I was winning
samurai,samurai
scarlett,Scarlett
intensidad,intensity
profundos,deep
mudanza,moving
continuemos,Let's continue
sangrar,bleed
encuentros,encounters
preocupar,worry
dieran,they would give
obsesionada,obsessed
juré,I swore
alcanzó,reached
tinto,red
compartirlo,share it
entraremos,we will enter
abel,Abel
pilar,pillar
honra,honor
de-,of-
castigada,punished
viola,viola
construida,built
expansión,expansion
reposo,repose
créanme,Believe me
revolucionario,revolutionary
controlando,controlling
estima,esteem
relajarme,relax
codicia,greed
investiga,investigates
invitaron,invited
mudarte,move
light,light
adecuadamente,properly
logros,achievements
rechaza,rejects
illinois,Illinois
higgins,Higgins
convicto,convicted
paulie,Paulie
compromisos,commitments
maine,Maine
proponer,propose
bong,bong
decencia,decency
abandonaste,you abandoned
rompes,break
trabajaste,you worked
osito,teddy bear
juicios,trials
reventar,burst
calificaciones,ratings
sawyer,sawyer
explicó,he explained
bunny,bunny
mudarnos,move
praga,Prague
originalmente,originally
acuérdate,remember
butch,butch
vivíamos,we lived
cuidará,will take care
greta,Greta
julius,Julius
fragmento,fragment
gretchen,Gretchen
besaste,you kissed
hacerlas,make them
conmovedor,touching
sobreviviente,survivor
soviéticos,Soviets
anota,note
creyera,believed
florrick,Florrick
quentin,quentin
barcelona,Barcelona
aprendizaje,learning
duérmete,go to sleep
chocó,crashed
guapos,handsome
pinzas,tweezers
histérica,hysterical
descubren,discover
addison,Addison
sebastián,Sebastian
chet,chet
alférez,ensign
carnada,bait
pegarme,hit me
emperatriz,empress
manténgase,stay
bárbaro,barbarian
recogí,I picked up
ocultos,hidden
renee,Renee
culturas,cultures
atraído,attracted
rush,rush
conscientes,conscious
esfera,sphere
reuniremos,we will meet
encantados,delighted
comienzas,you begin
reparaciones,repairs
decenas,dozens
míreme,Look at me
abiertamente,openly
hardy,hardy
educada,educated
lyle,Lyle
masculina,male
defensiva,defensive
profundidades,depths
anestesia,anesthesia
alcaide,warden
mississippi,Mississippi
arsenal,arsenal
marcial,martial
dude,dude
monseñor,Mgr
enfadar,anger
barriles,barrels
francesca,Francesca
machos,males
composición,composition
interesaba,interested
genios,geniuses
detectado,detected
perderla,lose it
latido,beat
necesitemos,we need
dilema,dilemma
escucharla,listen to her
bye,bye
íntimos,intimate
ocurriría,would happen
edie,edie
obtuviste,you got
acostar,to lie down
colgó,hung up
lograremos,we will achieve
side,side
librarse,get rid of
espiar,spy
arruines,ruins
vagabundos,vagrants
magnus,magnus
encontre,I found
tasha,Tasha
terminara,will end
menoyos,menoyos
gustarle,like
controlan,control
alarmas,alarms
propone,proposes
talentoso,talented
aguante,endurance
vena,vein
revelado,revealed
paranoia,paranoia
recordando,remembering
manuscrito,manuscript
dinosaurio,dinosaur
yard,yard
agresiva,aggressive
omega,omega
viajeros,travelers
flint,flint
avances,advances
adictos,addicts
springs,springs
yeo,yeo
victimas,victims
aumentando,increasing
anotar,write down
comodidad,comfort
publico,public
averigüe,find out
eje,axis
transferido,transferred
enviarlo,send it
conflictos,conflicts
dolorosa,painful
aigoo,aigoo
willis,Willis
murdoch,Murdoch
truman,Truman
pistolero,gunman
estropear,spoil
juliet,Juliet
cary,Cary
dispositivos,devices
cm,cm
compadre,buddy
alejados,distant
toros,bullfighting
enterrados,buried
encontrando,finding
insistir,insist
rompimos,we broke up
legión,legion
adivino,soothsayer
dwayne,dwayne
solicitado,required
vivienda,dwelling
limitada,limited
encargó,charge
volador,flying
celebramos,we celebrate
austria,Austria
sellado,sealed
visitado,visited
físicos,physical
entendimiento,understanding
nico,Nico
interrupción,interruption
represento,I represent
credibilidad,credibility
cereal,cereal
convencerlo,convince him
despedirse,say goodbye
preliminar,preliminary
detonador,detonator
puntuación,punctuation
víspera,eve
explicas,you explain
peniques,pennies
divertimos,we have fun
amnesia,amnesia
daros,give
mabel,Mabel
labio,lip
alejar,remove
lujuria,lust
lancha,boat
construimos,we build
umm,umm
ano,year
sensibles,sensitive
vice,vice
mezclado,mixed
escuchará,will hear
fundador,founder
contribución,contribution
desafíos,challenges
agricultura,agriculture
terco,stubborn
dimensiones,dimensions
paramédicos,paramedics
romana,Roman
mozart,Mozart
funcionara,would work
recuperando,recovering
multas,fines
luchadores,wrestlers
tarifa,fee
parroquia,parish
sapo,toad
reich,Reich
perderse,be lost
unen,join
trompeta,trumpet
granadas,pomegranates
atrapen,catch
asistentes,attendees
enemiga,enemy
transportar,transport
pararlo,stop it
americanas,American
culpas,blame
dejalo,Leave it.
sinclair,Sinclair
rod,rod
fueses,were
donar,donate
patterson,Patterson
sueltes,loose
puentes,bridges
incluir,include
extremos,extremes
juzgando,judging
stanford,Stanford
amaré,I will love
avisó,warning
sherry,Sherry
muéstrale,show him
villanos,villains
confunde,confuses
electrónicos,electronics
rodean,surround
cerraron,closed
canceló,canceled
abrazos,hugs
republicanos,Republicans
actúan,act
recuérdame,remind me
zanahorias,carrots
creciente,growing
golpeo,hitting
adoptado,adopted
shows,shows
diviértanse,have fun
aplicar,apply
silas,silas
automáticamente,automatically
guardaba,kept
permitirse,afford
renunciado,resigned
cassidy,Cassidy
búfalo,buffalo
evitado,avoided
vistes,you saw
satélites,satellites
mandaste,you sent
vengar,avenge
horca,gallows
narrador,narrator
barrios,neighborhoods
sunny,sunny
comerme,eat me
guardan,they keep
porsche,Porsche
intacto,intact
convencí,I convinced
pierdan,lose
pego,glue
preservar,preserve
suben,go up
sa,sa
occidente,West
traeremos,we will bring
recordad,remember
desaparecerá,will disappear
choca,crash
malone,Malone
trance,trance
llamemos,Let's call
acordar,agree
éxitos,successes
casarás,you will marry
armadas,armed forces
col,cabbage
acompañarnos,join us
recipiente,bowl
sergei,Sergei
negación,denial
entretenido,amusing
ganarte,win you
adorables,adorable
tigres,tigers
silbato,whistle
sorda,deaf
miriam,Miriam
admitió,admitted
plátano,banana
sinceros,sincere
míralos,Look at them
dependiendo,depending
pitido,whistle
instructor,instructor
deciden,decide
irlandeses,Irish
jude,Jude
cursi,corny
cereza,cherry
knox,Knox
confió,trusted
cometas,comets
cogieron,they caught
liza,liza
astronautas,astronauts
inversores,investors
prioridades,priorities
titulares,headlines
priya,Priya
pratt,Pratt
ayudame,help me
conseguirle,get him
esperándome,waiting for me
bronx,Bronx
hi,hi
ventilador,fan
observado,observed
pintando,painting
ofensivo,offensive
engañas,You deceive
paolo,Paolo
falsificación,falsification
olvidarme,forget
conserva,preserves
silenciosa,silent
acuesta,lies down
armamento,armament
terminaremos,we will finish
vídeos,videos
veréis,you'll see
empujando,pushing
benton,benton
chin,Chinese
destinados,intended
chelines,shillings
guardé,I saved
butler,butler
futbol,soccer
libreta,notebook
probaré,I'll try
sanguíneo,blood
látigo,whip
admisión,admission
póker,poker
state,state
subtitulado,subtitled
caminaba,I was walking
europea,European
bajes,you go down
tiran,they throw
elegimos,we chose
cariñoso,affectionate
húmeda,wet
asuste,scare
bloques,blocks
fluye,flows
madrina,godmother
aproxima,approximates
fabricar,manufacture
clavado,nailed
comerte,eat you
tiende,tends
dejare,I will leave
bender,bender
invitaciones,invitations
doctorado,doctorate
pureza,purity
pasarle,pass it
entrante,incoming
gasta,spends
despiertas,you wake up
quitaste,you removed
jacuzzi,jacuzzi
perdonas,forgive
recuperará,will recover
agudo,sharp
parecidos,similarities
longitud,length
pórtate,behave
corrido,corrido
sabroso,tasty
tómese,take
encerró,locked up
continuamos,we continue
tailandia,Thailand
aprieto,fix
hablarles,talk to them
oklahoma,Oklahoma
olvidan,forget
aprovecha,take advantage
connecticut,Connecticut
eficaz,effective
bianca,Bianca
morrison,Morrison
marquesa,marquise
jeannie,Jeannie
carcel,jail
rendir,yield
operador,operator
controlada,controlled
salte,jump
etcétera,etc.
tuberías,pipes
grifo,tap
arruina,ruins
pasaban,they were passing
psíquico,psychic
magos,magicians
jed,jed
grady,Grady
ayudarán,will help
votantes,voters
remordimiento,remorse
sultán,sultan
anular,annular
ventanilla,window
enviarte,send you
carpeta,file
hundido,sunken
colonias,colonies
planeaba,planned
desmayado,faint
siniestro,sinister
trabajaban,they worked
arrestos,arrests
traería,would bring
echaste,you threw
pagaremos,we will pay
ruega,beg
arresten,arrest
muérete,die
miraste,you looked
excitado,excited
karan,Karan
quitan,they remove
opio,opium
cabos,capes
presenté,present
esperará,will wait
hidrógeno,hydrogen
entrad,enter
invitas,invite
mei,mei
tic,tic
shelley,Shelley
hundió,sank
requieren,require
team,team
haven,haven
significativo,significant
telescopio,telescope
compradores,buyers
jaque,check
rías,estuaries
alterar,alter
frustrado,frustrated
jeanne,Jeanne
detenemos,we stop
valentine,Valentine
amoroso,loving
flauta,flute
reacciones,reactions
grabó,recorded
monton,lot
gerard,Gerard
estante,shelf
milicia,militia
trasplante,transplant
pizzas,pizzas
sentiré,I will feel
anímate,cheer up
bendiciones,blessings
jamas,never
michele,michele
youtube,YouTube
módulo,module
tobillos,ankles
dora,dora
atlantic,Atlantic
convencional,conventional
allan,Allan
robarme,steal me
teneis,you have
desarmado,disarmed
enseñanza,teaching
cenando,having dinner
alérgica,allergic
lindsey,Lindsey
mandas,commands
contestador,answering machine
estudió,study
rayas,stripes
quedaos,stay
rellenar,fill out
recoja,pick up
verdugo,executioner
gatita,kitten
comprobé,I checked
manteca,butter
curvas,curves
contestes,answer
cúpula,dome
phyllis,phyllis
veto,veto
póliza,policy
entregaré,I will deliver
josie,Josie
sentaba,sat
retener,retain
jubilación,retirement
mineral,mineral
woods,woods
estare,I will be
fluido,fluent
lucen,they look
penes,penises
herbert,Herbert
estofado,stew
capucha,hood
maternidad,maternity
hiciéramos,we would do
l.,l.
kg,kg
zanahoria,carrot
mirarla,look at her
olvidará,will forget
retirarme,retire
despertarte,wake up
ingrid,Ingrid
marjorie,Marjorie
disney,Disney
ernest,Ernest
progresos,progress
morí,I died
apagó,turned off
resurrección,Resurrection
propinas,tips
muslos,thighs
pecadores,sinners
mckay,McKay
dormidos,asleep
hablaría,I would speak
ignora,ignores
avena,oatmeal
tocaste,you played
gobiernos,governments
cabellos,hairs
confían,trust
poderosas,powerful
etiquetas,labels
significó,meant
nerd,nerd
gata,cat
congelada,frozen
popa,stern
tienden,tend
salio,left
enamorarse,fall in love
ahogando,drowning
about,about
arrancó,started
arriesgarse,take a risk
lars,Lars
ruidoso,noisy
disgustado,disgusted
reforma,reform
recreo,recreation
republicano,republican
pagaba,paid
nop,nope
lópez,Lopez
cerré,I closed
identificó,identified
ganarás,you will win
arder,burn
soporta,supports
mantuve,I kept
vendrían,would come
haciéndome,making me
heil,Heil
cayera,fell
anomalía,anomaly
cucarachas,cockroaches
formularios,forms
disfruté,enjoyment
caviar,caviar
abordar,tackle
chocar,crash
casan,they marry
contármelo,Tell me about it
buscador,seeker
casaría,would marry
celeste,sky blue
importo,I import
caminas,you walk
matemática,mathematics
faith,faith
interrogado,interrogated
descenso,decline
insistes,you insist
modernos,modern
rituales,rituals
ocupará,will occupy
brote,outbreak
tributo,tribute
solicita,requests
arterial,arterial
consejera,advisor
hágame,do it to me
filtro,filter
baek,baek
aceptada,accepted
denunciar,report
ace,ace
mcdonald,McDonald's
comprendí,I understood
well,well
maquinaria,machinery
reglamento,regulation
cumplo,I fulfill
dieras,you would give
habituales,usual
invencible,invincible
complacer,please
escogí,I chose
confiamos,we trust
llamaras,you will call
masivo,massive
hamlet,Hamlet
extrañamente,strangely
hawai,Hawaii
diaria,daily
sentaré,I will sit
seung,seung
lamentamos,we regret
bikini,bikini
fidelidad,fidelity
camara,camera
gastando,spending
apaguen,turn off
nuera,daughter-in-law
farol,lantern
colada,wash
alcanzo,reached
alergia,allergy
impostor,impostor
quítese,take it off
convoy,convoy
negativos,negative
clásicos,classics
richards,Richards
iron,iron
equivalente,equivalent
cuéntamelo,Tell me about it
cuéntale,tell him/her
arrestados,arrested
movía,moved
darwin,Darwin
curas,priests
firmé,firm
atletas,athletes
arrepentimiento,repentance
balística,ballistics
querrían,they would want
brújula,compass
jaime,Jaime
creativa,creative
acérquense,come closer
atraviesa,crosses
calienta,heats
contaminación,pollution
podés,you can
olga,Olga
scout,scout
irritante,annoying
cadillac,Cadillac
griega,Greek
willow,willow
alguién,someone
fenómenos,phenomena
comieron,They ate
insultos,abuse
lenguas,languages
permitas,allow
mataremos,we will kill
insolente,insolent
cascos,helmets
alabama,Alabama
nsa,nsa
bicicletas,bicycles
yeon,Yeon
cobro,collection
musulmán,Muslim
tomarás,you will take
acontecimiento,event
marcy,Marcy
mostrará,will show
lleváis,you have
mineros,miners
abrigos,coats
probamos,we tried
secta,sect
sácala,take it out
missy,Missy
gitanos,Gypsies
humillado,humiliated
graduado,graduate
burlando,mocking
mantengas,keep
limpie,clean
lorraine,Lorraine
neumático,tire
buster,buster
conduzca,drive
diarrea,diarrhea
hablarás,you will speak
mon,mon
mostré,I showed
espantosa,dreadful
paraba,stopped
nacen,are born
carolyn,Carolyn
acosador,stalker
sangriento,bloody
pegué,I glued
orlando,Orlando
prejuicios,prejudices
permanentemente,permanently
médicas,medical
preguntándome,wondering
pese,tough
roble,oak
quinientos,five hundred
marsella,Marseilles
fresas,strawberries
marchaos,leave
prince,prince
completos,complete
dormitorios,bedrooms
tonelada,ton
regularmente,regularly
delia,Delia
darían,would give
dolerá,It will hurt
zumbido,buzz
mexicana,Mexican
casaron,they got married
cavando,digging
trudy,Trudy
bribón,rascal
mandando,sending
cólera,anger
magistrado,magistrate
compañeras,colleagues
oírla,hear her
reconstrucción,reconstruction
vara,stick
discoteca,disco
fastidio,nuisance
him,him
toronto,Toronto
sellos,stamps
apoyado,supported
episodios,episodes
averiguaremos,we'll find out
consígueme,get me
bryce,Bryce
lavadora,washing machine
sudar,sweat
recibos,receipts
teal,teal
aprenda,learn
barrett,Barrett
proyección,projection
fresa,strawberry
lidiando,dealing
trabajes,work
atropellado,run over
adivinen,guess
morton,Morton
hum,hum
mendigo,beggar
sálvame,save me
preste,lend
turquía,Türkiye
defiende,defends
reinas,queens
abu,abu
inmensa,immense
nuez,nut
vance,advance
penique,penny
sugieren,suggest
hirió,wounded
besamos,we kissed
dedicada,dedicated
confidencialidad,confidentiality
sáquenlo,Take him out
notaste,did you notice
fosa,pit
news,news
ecuación,equation
acuestas,you lie down
nostalgia,nostalgia
resistente,resistant
imaginarlo,imagine it
tráela,bring it
webster,Webster
apropiadamente,properly
vagos,lazy people
diecisiete,seventeen
uld,uld
experimentando,experimenting
tomás,Thomas
natación,swimming
departamentos,departments
incumbe,it concerns
gong,gong
fabricante,manufacturer
hip,hip
ozzy,ozzy
amores,loves
peludo,furry
sintiera,felt
cuestionar,question
elegidos,chosen
ding,ding
décimo,tenth
recuperarla,recover it
adicionales,additional
estricta,strict
depósitos,deposits
oi,I heard
cuadrante,quadrant
hala,hey
leah,Leah
cierras,close
habértelo,have it
ocuparemos,we will occupy
wagner,Wagner
criados,servants
centímetro,centimeter
organizaciones,organizations
bundy,Bundy
richmond,Richmond
aprisa,quickly
viajan,travel
carpintero,carpenter
delfines,dolphins
stanton,Stanton
coreano,Korean
parques,parks
estricto,strict
ligas,suspenders
revisamos,we reviewed
asma,asthma
molestarlo,bother him
encubierta,covert
duchas,showers
cartón,cardboard
rima,rhyme
dog,dog
pañal,honeycomb
tortilla,tortilla
modus,modus
llévenselo,Take it away
cenicienta,Cinderella
ligar,bind
sexualidad,sexuality
tocarte,touch you
tirarlo,throw it away
cuénteme,Tell me
merced,mercy
merecemos,we deserve
arre,arre
jode,fucks
giles,Giles
escóndete,hide
anticuado,dated
rossi,Rossi
entrenados,trained
stewie,Stewie
insinuando,hinting
dev,dev
cruces,crosses
continuó,continuous
trasladado,moved
camarones,shrimp
descartar,rule out
men,men
complicadas,complicated
manténganse,stay
léelo,read it
almacenes,warehouses
impotente,powerless
sudáfrica,South Africa
imbecil,moron
cometiste,you committed
ranas,frogs
planeó,glide
obvia,obvious
costas,coasts
callejero,street
jueza,judge
colleen,Colleen
tiraron,they threw
llamarás,you will call
quedemos,Let's stay
conocíamos,we knew
repasar,review
recojo,I pick up
imaginando,imagining
celebridades,celebrities
sacos,sacks
hacker,hacker
blaine,Blaine
pasarla,pass it
axl,Axl
despiadado,ruthless
delantero,front
compórtate,behave
construí,I built
instrucción,instruction
logras,you achieve
agitado,hectic
vinnie,Vinnie
brujo,sorcerer
veíamos,we saw
nobleza,nobility
ethel,Ethel
demostró,demonstrated
apestan,They stink
lanzas,spears
coca-cola,coca-cola
carly,Carly
metálico,metal
meternos,get involved
relato,story
ríndete,give up
emocionados,excited
guardaré,I will keep
arrastrar,drag
enserio,oh really
universitaria,university
ingles,English
intacta,intact
comerse,eat
sujetador,bra
bull,bull
bea,Bea
pidiera,asked
carnicería,carnage
retorcido,twisted
ejecutivos,executives
nalgas,buttocks
incorrecta,incorrect
inés,Agnes
usará,will use
vocación,vocation
papito,daddy
lawson,lawson
estresante,stressful
ajustado,tight
paddy,Paddy
protegeré,I will protect
alce,moose
despiertes,wake up
bones,bones
vivieron,lived
more,more
venderla,sell it
libby,Libby
aposentos,rooms
gonzalo,Gonzalo
coral,coral
tierna,tender
acabarás,you will end
esquinas,corners
escapaste,you escaped
diccionario,dictionary
firmemente,firmly
mentirle,lie to him
portado,ported
vestirte,get dressed
aéreas,aerial
jamal,Jamal
cebollas,onions
aiden,aiden
protocolos,protocols
laguna,lagoon
gestapo,gestapo
reveló,revealed
acerquen,come closer
moretones,bruises
apuñaló,stabbed
mandato,mandate
perkins,Perkins
pégame,hit me
folleto,brochure
yeso,and so
habitacion,room
africa,Africa
ministros,ministers
prestó,presto
senadora,senator
arrestarlo,arrest him
catálogo,catalog
sastre,tailor
abandonaron,abandoned
acabados,finishes
v.,v.
proyectar,project
ritchie,Ritchie
marketing,marketing
sookie,Sookie
estresado,stressed
fabrica,factory
rodeos,rodeos
instalado,installed
empujón,push
compartiendo,sharing
habérmelo,have it
negligencia,negligence
dáselo,Give it to him
steele,steele
apostaría,I'd bet
compositor,composer
conocerás,you will know
marley,Marley
atascada,stuck
aplastado,crushed
chequeo,check
diabetes,diabetes
establecimiento,establishment
arruinada,ruined
generar,trigger
oprah,Oprah
sí.,Yeah.
reportar,report
recepcionista,receptionist
pisar,step
holandés,Dutch
jarod,jarod
cogen,they take
duende,elf
dakota,Dakota
renuncié,I resigned
atrevería,would dare
yates,yachts
canguro,kangaroo
acabaremos,we will finish
eileen,Eileen
apareces,you appear
rosario,rosary
interpol,Interpol
lillian,Lillian
hayáis,you have
scotland,Scotland
convertiré,I will convert
mutantes,mutants
sudamérica,South America
vanidad,vanity
trágica,tragic
vulnerables,vulnerable
newman,newman
regresara,would return
emisión,emission
cerebrales,cerebral
anónimos,anonymous
salvamos,we saved
infiltrado,infiltrate
estacionado,parked
arriesgando,risking
arruine,ruin
yo-yo,yo-yo
liberal,liberal
semental,stallion
devolverte,return you
encargarte,take charge
abandoné,I abandoned
stein,Stein
proa,bow
saltos,jumps
fluidos,fluids
lectores,readers
cocinas,kitchens
fíjese,look
aluminio,aluminum
gustaron,they liked
jeong,Jeong
alpha,alpha
extrañaré,I will miss it
lona,canvas
horace,Horace
quebrado,broken
cassandra,Cassandra
loro,parrot
creyente,believer
inspira,inspires
reúnen,meet
tolerancia,tolerance
negarlo,deny it
bocas,mouths
mamada,blow job
arroja,throws
rollos,rolls
kerry,Kerry
producen,produce
escrituras,writings
memphis,Memphis
nino,child
edmund,Edmund
agresor,aggressor
sobrenatural,supernatural
ferguson,Ferguson
corregido,corrected
innecesario,unnecessary
legendario,legendary
restaurar,restore
balsa,raft
gi,gi
cofre,chest
niegas,deny
puntería,aim
preferida,preferred
sing,sing
màs,further
macgyver,MacGyver
aperitivo,appetizer
destruyeron,destroyed
fijar,set
pelearon,they fought
acabara,it would end
accidental,accidental
conseguiría,would get
leía,I was reading
sorprender,surprise
paternidad,paternity
enviarán,they will send
inmune,immune
enseñará,will teach
mutante,mutant
pegue,glue
cambridge,Cambridge
seok,seok
matarse,kill oneself
tacaño,mean
presumir,show off
indicios,clues
drogada,drugged
reacciona,reacts
criterio,criterion
doméstica,domestic
rangers,rangers
fritos,fried
atenas,Athens
f.,F.
latidos,heartbeats
gin,gin
obligar,force
acostumbrados,accustomed
dominante,dominant
comportas,you behave
coincidencias,coincidences
poseer,possess
parásito,parasite
motín,riot
enanos,dwarves
honorarios,fee
olvidaron,forgot
pisa,steps
separaron,separated
molesten,bother
despertarme,wake up
say,say
quemados,burns
operando,operating
contratista,contractor
perdonará,will forgive
sonrisas,smiles
pittsburgh,Pittsburgh
paulo,Paulo
matriz,matrix
paré,I stopped
fascista,fascist
proteínas,proteins
decidida,determined
estatus,status
chocolates,chocolates
prometedor,promising
bastará,that will suffice
inquieto,restless
langley,Langley
pesadas,heavy
jeans,jeans
pescadores,fishermen
ganarle,beat him
sospechaba,suspected
seáis,you will be
instalar,install
tomarán,they will take
alonso,Alonso
señas,address
recordatorio,reminder
harbor,harbor
déjamelo,leave it to me
seguirlo,follow him
flexible,flexible
destructor,destroyer
esquí,ski
dividido,divided
bronceado,tanned
virtual,virtual
alien,alien
trabajaremos,we will work
depender,depend
bmw,BMW
molestarla,bother her
indicada,indicated
delantal,apron
pianista,pianist
cricket,cricket
trabajaron,they worked
quitamos,we remove
gasté,I spent
corred,run
pinto,I paint
choza,hut
nell,nell
bocina,horn
magdalena,Magdalena
altavoz,speaker
católicos,Catholics
confesado,confessed
jaleo,fuss
mágicos,magical
investigué,I investigated
virgil,Virgil
vírgenes,virgins
camine,walk
acuerdos,agreements
plancha,iron
plegarias,prayers
colaborar,collaborate
sangrienta,bloody
obedece,obeys
micrófonos,microphones
demas,too much
viktor,Viktor
reservada,reserved
meterlo,put it in
podrida,rotten
karin,Karin
ultimamente,lately
perdonad,forgive me
sobria,sober
flojo,loose
jai,jai
ino,ino
visitarte,visit you
renacimiento,Renaissance
defenderme,defend myself
salían,they were leaving
vistiendo,wearing
avisarle,to notify him
confiesa,confesses
norteamérica,North America
ayudantes,assistants
religiosos,religious
comparto,I share
infame,infamous
convertiría,would convert
ternura,tenderness
operandi,operandi
smart,smart
cortan,cut
cyril,Cyril
capricho,whim
maniobras,maneuvers
feos,ugly
never,never
rendido,surrendered
haciéndose,becoming
playas,beaches
conviertes,you convert
atraparemos,we will catch
textos,texts
bloom,bloom
evaluar,assess
inicia,start
admiración,admiration
construye,builds
calmate,calm down
morado,purple
directiva,directive
imán,magnet
iras,anger
dadme,give me
falls,falls
puja,bid
trabajen,work
perdiera,lost
europeo,European
ratito,a little while
canela,cinnamon
pregunten,ask
grite,shout
pulgas,fleas
caldo,broth
vicio,vice
visa,visa
reflejos,highlights
involucra,involves
tratamientos,treatments
caminamos,we walked
reuniré,I will gather
bebas,drink
ejercer,exercise
fracturas,fractures
clienta,client
equivocan,They are wrong.
vistos,seen
iv,iv
mismísimo,very
csi,csi
saquemos,Let's take out
reflexionar,reflect
fuller,fuller
asiático,Asian
empeño,endeavor
independientes,independent
golden,golden
continuo,continuous
detienen,arrest
faltó,short
cultivar,cultivate
paran,stop
regalado,given
juró,swore
whiskey,whiskey
alfombras,carpets
lavando,washing
acabaste,you finished
resulte,result
jensen,Jensen
torpedos,torpedoes
dependen,they depend
seno,breast
contrataron,they hired
organizó,organized
policiales,police
tenes,you have
escalones,steps
britney,Britney
llamarlos,call them
relativamente,relatively
usarlos,use them
bacterias,bacteria
jasmine,Jasmine
consulado,consulate
protegerse,protect
calorías,calories
respondas,answer
revisaré,I will check
mordida,bite
dedicación,dedication
dañada,damaged
cierres,closures
sterling,sterling
escriben,they write
oui,oui
matarían,would kill
her,her
traed,bring
presto,presto
precedentes,precedents
organizando,organizing
parche,patch
granjas,farms
disculpes,apologies
quitando,removing
elise,Elise
uf,Phew
europeos,Europeans
gustarme,I like it
realizó,performed
detendré,I will stop
contaron,they told
deeks,deeks
sentirías,you would feel
histórica,historical
tomad,take
creeme,believe me
cultivo,crop
atrapaste,you caught
tratara,would try
estocolmo,Stockholm
hembras,females
georges,Georges
madonna,Madonna
acercas,nears
conejito,bunny
union,union
básicas,basics
admiradores,admirers
robe,robe
elegancia,elegance
celebra,celebrates
cuelgue,hang
sonríes,You smile
bledo,amaranth
karaoke,karaoke
surgido,emerged
estacionar,park
perezoso,lazy
cantantes,singers
potenciales,potential
presten,lend
fachada,facade
burlas,teasing
revivir,revive
infantiles,children
hawaii,Hawaii
arrastró,dragged
acabes,finish
planificación,planning
quemaron,they burned
receso,recess
averiguaré,I'll find out
querias,you wanted
artefactos,artifacts
pedos,farts
traducidos,translated
vota,vote
coordinación,coordination
jugaremos,we will play
registró,record
habria,there would
locutor,announcer
bien.,good.
sugerencias,suggestions
nieves,snows
bourbon,bourbon
pégale,hit him
marian,Marian
casaremos,we will get married
romperá,will break
vagando,wandering
diploma,diploma
cogemos,we take
muévase,move
fiable,reliable
venís,come
drácula,Dracula
cortaste,cut
llámala,call her
hechicero,sorcerer
bistec,steak
receptor,receiver
regresarás,you will return
considerada,considered
deliciosos,delicious
recuento,count
matrimonial,matrimonial
capataz,foreman
hubiésemos,we would have
advertirte,warn you
murio,died
experimental,experimental
kgb,kgb
almohadas,pillows
apunten,aim
hangar,hangar
elijah,Elijah
cerraduras,locks
srita,Miss
hammer,hammer
acusó,accused
invadir,invade
acosando,harassing
conocieras,you knew
atadas,tied
recibirán,they will receive
dillon,dillon
ocuparte,take care of
hágase,Let it be done
skinner,Skinner
africano,African
escuchadme,Listen to me
atuendo,attire
alumna,schoolgirl
mártir,martyr
hayden,Hayden
hoffman,Hoffman
metales,metals
stripper,stripper
equivocaste,You were wrong
peleó,fought
alternativas,alternatives
lina,Lina
advertirle,warn him
pensarías,you would think
repentina,sudden
picasso,Picasso
devolverme,return me
inclusive,inclusive
enojados,angry
iowa,Iowa
entendiendo,understanding
odie,I hate
seréis,you will be
liu,Liu
costilla,rib
reconocerlo,recognize it
estã,this
ri,ri
vinieran,came
ganaría,would win
tinieblas,darkness
cagada,shit
lavarme,wash
rompan,break
aprueba,approves
contactó,contact
comerciantes,merchants
sã,sã
tostada,toast
atacados,attacked
amistades,friendships
refleja,reflects
tennessee,Tennessee
inscripción,registration
borg,Borg
pulpo,octopus
vegetal,vegetable
caerse,fall
comimos,We ate
protegerá,will protect
esmoquin,tuxedo
aliviado,relieved
sánchez,Sanchez
manning,Manning
teniamos,we had
individuales,individual
soviético,Soviet
andrómeda,Andromeda
panadería,bakery
zorras,foxes
estabilidad,stability
amó,loved
kirby,Kirby
clasificado,classified
enfrentarte,face
despiertos,awake
ofrecemos,we offer
pregúntame,ask me
nervio,nerve
bailemos,Let's dance
bitácora,binnacle
jarrón,vase
convencerla,convince her
cuidarse,take care
exactos,exact
paradas,stops
intrusos,intruders
interrogatorios,interrogations
obligaron,forced
llévenlo,Take it
gamma,gamma
cómete,eat
grueso,thick
paralizado,paralyzed
uña,a
hindú,Hindu
bolsos,bags
bajan,go down
calcular,calculate
eddy,Eddy
coop,coop
cuidadosa,careful
exclusivo,exclusive
stargate,Stargate
hicisteis,you did
grises,gray
asegúrense,make sure
creé,I created
gladys,gladys
estufa,stove
despejar,clear
lastimes,hurts
mamás,moms
bro,bro
comunicarme,communicate
obstrucción,obstruction
blanche,blanche
pike,pike
sully,Sully
cayo,fell
presentan,present
irresistible,irresistible
suburbios,suburbs
brock,Brock
alejes,move away
fry,fry
enigma,enigma
lloran,they cry
maravillosamente,wonderfully
poker,poker
claudio,Claudio
colt,colt
castro,hill fort
gaby,Gaby
morirme,die
permisos,permits
regional,regional
físicas,physical
levantando,lifting
severa,severe
previa,preview
music,music
necesitarán,they will need
porro,joint
alvin,Alvin
constantes,constants
metidos,involved
master,master
corral,corral
cercanas,nearby
worf,worf
cirujanos,surgeons
apuntes,notes
charco,puddle
prue,test
reir,laugh
jamaica,Jamaica
garden,garden
fuesen,were
restaurant,restaurant
arrepentido,repentant
introducir,introduce
noveno,ninth
esten,this
kelso,kelso
skip,skip
yankees,Yankees
informal,informal
rápidas,fast
boletín,bulletin
asignación,assignment
clic,click
beatrice,Beatrice
acompañarte,accompany you
anders,anders
heterosexual,heterosexual
castor,beaver
jinetes,riders
quã,quã
demencia,dementia
admitido,admitted
vals,waltz
recaudación,collection
pegas,sticks
sustancias,substances
atropelló,ran over
boyle,Boyle
traga,swallows
envejecer,age
logre,I achieved
nazca,Nazca
implacable,relentless
davey,Davey
potencialmente,potentially
nacieron,were born
audiciones,auditions
sake,sake
decia,he said
inquieta,restless
boone,Boone
nocturnos,night shifts
jody,Jody
daily,daily
masterchef,MasterChef
co,co
revancha,rematch
abrirse,open
alegrará,will gladden
avergonzarse,cringe
séptima,seventh
estudiantil,student
crías,offspring
preparamos,we prepare
auxiliar,assistant
mentirme,lie to me
violaciones,violations
compruebe,check
ebria,drunk
forastero,stranger
terminaría,would end
chun,chun
prohibición,prohibition
corey,Corey
maníaco,maniac
entusiasta,enthusiastic
klein,Klein
convence,convinces
servidores,servers
reproducción,reproduction
county,county
sabelotodo,smarty
creerle,believe him
sergio,Sergio
drive,drive
aumentado,increased
sacrificado,sacrificed
escalofriante,spooky
uní,uni
artística,artistic
fogata,bonfire
correctos,correct
nicolás,Nicholas
abundancia,abundance
equipamiento,equipment
filo,edge
camerino,dressing room
umbral,threshold
viviera,lived
daria,daria
transacción,transaction
molestarle,bother him
entrevistar,interview
piña,pineapple
debilidades,weaknesses
espectáculos,shows
dinastía,dynasty
identidades,identities
solucionado,solved
nicki,Nicki
entregarme,surrender
leas,read
fregadero,sink
cimientos,foundations
despertaste,You woke up
publicó,public
ofensa,offense
sobornos,bribes
volvieras,you would return
disfrutas,enjoy
cisne,swan
superhéroe,superhero
lorelai,Lorelai
estomago,stomach
avise,notify
perritos,puppies
porta,holder
arriesgarnos,risking
dejéis,leave
escultura,sculpture
viajo,I travel
triunfar,succeed
algas,algae
rodrigo,Rodrigo
zombie,zombie
enfermero,nurse
vudú,voodoo
chispas,sparks
tintorería,dry cleaner
hirviendo,boiling
esquiar,skiing
personalidades,personalities
creada,created
transformar,transform
acaben,finish
turk,Turk
arcilla,clay
mágicas,magical
talones,heels
inyecciones,injections
grité,I screamed
ciao,ciao
victorias,victories
cuyas,whose
pingüino,penguin
molestaba,bothered
encaje,lace
imaginarte,imagine
hábleme,talk to me
emitir,issue
necesitara,would need
pos,pos
prosperidad,prosperity
inmortalidad,immortality
marrones,brown
llegaras,you will arrive
lara,Lara
esencialmente,essentially
comerá,will eat
presentamos,We present
francesas,French
izzy,Izzy
golpeada,beaten
daos,daos
national,national
polar,polar
destrozó,destroyed
lagarto,lizard
frustración,frustration
demostraré,I will prove
llegaran,they will arrive
respetan,respect
lamenta,regrets
engañé,I deceived
telón,curtain
aspiradora,vacuum cleaner
bélgica,Belgium
talentosa,talented
mejore,improve
concede,grants
apareciste,you appeared
emocionales,emotional
transbordador,ferry
vacante,vacant
océanos,oceans
lastimé,I hurt
apártese,step aside
tocará,will play
inquilinos,tenants
estaria,would be
tropical,tropical
rampa,ramp
sloane,Sloane
importado,imported
formando,forming
hundir,sink
pepper,Pepper
fine,fine
ampliar,enlarge
prestada,borrowed
cucaracha,cockroach
bruselas,Brussels
fugitivos,fugitives
dejaban,they left
guiar,guide
fallaste,You failed
encendidas,lit
albergue,hostel
trimestre,quarter
distinguido,distinguished
clint,Clint
imprenta,printing
soltó,released
apolo,Apollo
pecador,sinner
parabrisas,windshield
hetero,hetero
manejado,handled
torturado,tortured
preocupéis,don't worry
locamente,madly
pepe,Pepe
patriota,patriot
marioneta,puppet
utah,Utah
cuidadosos,careful
sanar,heal
planean,plan
resentimiento,resentment
permanecen,remain
brindo,I toast
abortar,abort
varsovia,Warsaw
decepcionante,disappointing
tiger,tiger
consigan,get
asquerosos,disgusting
acertado,right
molestos,annoying
existió,existed
patinar,skate
milímetros,millimeters
caídos,fallen
momia,mummy
congelados,frozen
heno,hay
irracional,irrational
olfato,smell
aguda,acute
lu,lu
visitarnos,Visit us
suspiro,sigh
ajustes,settings
fallando,failing
manifiesto,manifest
cortarle,cut it
futuras,future
per,per
ocurría,it happened
rinde,yields
emilio,Emilio
aterrorizado,terrified
compleja,complex
said,said
broche,brooch
cualidad,quality
boys,boys
príncipes,princes
talbot,Talbot
malley,malley
haberles,to have them
cubro,I cover
carné,meat
rasgos,traits
entregué,I handed it over
turismo,tourism
aceptaron,accepted
hechizos,spells
atlantis,Atlantis
crichton,Crichton
enloqueció,went mad
marinos,sailors
preguntárselo,ask him
atrape,catch
morty,Morty
doe,doe
cobb,Cobb
vargas,Vargas
golpean,they hit
rufus,Rufus
realiza,performs
impresiones,impressions
interminable,endless
cargador,charger
protestar,protest
lockhart,Lockhart
puntas,tips
farsante,phony
componentes,components
averiguó,found out
sucesos,events
prepararnos,prepare
reuniendo,gathering
chivo,billy goat
adele,Adele
tartas,cakes
bailarines,dancers
enamorarme,fall in love
trabajabas,you worked
kirsten,Kirsten
agarro,grab
niegan,deny
quítale,take it away
katy,Katy
muslo,thigh
people,people
baronesa,baroness
encontraras,you will find
jarabe,syrup
incompetente,incompetent
aprenden,learn
mercados,markets
apagón,blackout
reducción,reduction
sírvete,help yourself
end,end
temperaturas,temperatures
diamond,diamond
alcantarilla,sewer
existiera,existed
gitano,Gypsy
cuidas,you take care
síntoma,symptom
piojos,lice
entendieron,they understood
rocco,Rocco
ensayando,rehearsing
atroz,atrocious
estalló,exploded
cataratas,cataracts
contención,containment
drag,drag
bailarinas,dancers
murciélagos,bats
contara,would tell
fantásticos,fantastic
aviación,aviation
estatuas,statues
repartidor,dealer
preparadas,prepared
tai,tai
gabi,Gabi
gestión,management
donaciones,donations
despensa,pantry
caribe,Caribbean
bacon,bacon
desastres,disasters
sorbo,sip
odiado,hated
átomos,atoms
faraón,Pharaoh
adaptarse,adapt
impredecible,unpredictable
buey,ox
chambers,chambers
balde,bucket
cecilia,Cecilia
procede,proceeds
echará,will throw
series,series
traicionaste,You betrayed
baratas,cheap
permanecerá,will remain
puerco,pig
angus,Angus
orson,Orson
ada,ada
xx,xx
sentará,will sit
estructuras,structures
dejarse,let
mirame,Look at me
vení,come
knight,knight
imposibles,impossible
anti,anti
servilleta,napkin
hillary,Hillary
zane,Zane
panorama,panorama
gales,Welsh
dais,dais
eligen,choose
massachusetts,Massachusetts
village,village
currículum,resume
consume,consume
ziva,ziva
astuta,cunning
kristen,Kristen
hunde,sinks
gruñidos,grunts
trofeos,trophies
estupendamente,wonderfully
colocó,placed
meditación,meditation
fitzgerald,Fitzgerald
limpiarlo,clean it
aduana,customs
barton,Barton
lambert,Lambert
díganle,tell him
tejidos,tissues
seymour,Seymour
garantiza,guarantees
decidas,decide
enfrentamiento,confrontation
desmond,Desmond
genitales,genitals
és,is
ejecutiva,executive
vertical,vertical
bagdad,Baghdad
sucedería,would happen
agarren,grab
ocupadas,occupied
freud,Freud
apurado,in a hurry
bloqueando,blocking
riquezas,riches
sufro,I suffer
robadas,stolen
trek,trek
dudes,doubts
jovenes,youths
subieron,they went up
sedante,sedative
herb,herb
abordo,on board
tragado,swallowed
reservar,reserve
sangra,bleeds
leroy,Leroy
nadine,Nadine
remordimientos,remorse
contrólate,control yourself
aperitivos,appetizers
obrero,worker
yvonne,Yvonne
vibraciones,vibrations
costaría,would cost
jugaste,you played
conservador,conservative
quisimos,we wanted
cansancio,fatigue
lluvias,rains
dutch,Dutch
tóxico,toxic
garantizado,guaranteed
cómplices,accomplices
niza,Nice
maddy,Maddy
cuiden,take care
moverlo,move it
garage,garage
cuídese,Take care of yourself
comediante,comedian
coach,coach
acostumbrarme,get used to it
riéndose,laughing
peleen,fight
seducir,seduce
divertir,amuse
llenó,full
traves,through
citación,citation
improvisar,improvise
problemático,problematic
dirigirse,address
litro,liter
trapos,rags
aguafiestas,spoilsport
drones,drones
soja,soy
merezca,deserve
prometieron,they promised
hobby,hobby
avenue,avenue
metemos,we put
mascar,chew
juerga,spree
aterrorizada,terrified
sudes,sweats
chapman,Chapman
describió,described
uva,grape
mediocre,mediocre
gama,range
medallón,medallion
acogedor,cozy
pacífica,peaceful
gestos,gestures
lárguense,get out
equivocación,mistake
mercenarios,mercenaries
ranger,ranger
soleado,sunny
marshal,marshal
poseído,possessed
sauna,sauna
agarrado,grabbed
atacante,attacker
pip,pip
aro,ring
bailan,they dance
acercarnos,approach
pintó,painted
coleman,Coleman
exhausto,exhausted
periodismo,journalism
establece,establishes
tratados,treaties
quítense,get out
universitarios,university students
manipulación,handling
llevaran,they would take
popularidad,popularity
déjela,leave her
mera,mere
cherry,cherry
harlem,Harlem
apretón,grip
slater,slater
desafiar,challenge
vendieron,they sold
pasad,pass
levántense,stand up
cleo,Cleo
anunció,advertisement
hippie,hippie
prisiones,prisons
mesías,Messiah
sofia,Sofia
pronunciar,pronounce
cruzamos,we crossed
transferir,transfer
justifica,justifies
analista,analyst
gloriosa,glorious
gruñón,grumpy
inseguro,insecure
energia,energy
escupir,spit
solicitó,solicitous
podáis,you can
bienvenidas,welcome
obtengo,I get
indicio,indication
spray,spray
cogeremos,we will take
despierten,wake up
peticiones,requests
lagos,lakes
inferiores,lower
indiferente,indifferent
gratuita,free
encienda,turn on
randolph,randolph
cocinado,cooked
cartman,Cartman
arreglaste,you fixed
arrastra,drag
parásitos,parasites
infinita,infinite
abandones,abandonments
wood,wood
expliqué,I explained
estaca,stake
manejas,you drive
cubos,cubes
múltiple,multiple
pietro,Pietro
inmobiliario,real estate
ee.uu,USA
colectivo,collective
despejada,clear
agárralo,grab it
lavarte,wash yourself
míranos,look at us
prestigio,prestige
cause,cause
marchen,marchen
intriga,intrigue
cambiemos,Let's change
marsh,marsh
convertirlo,convert it
doc.,doc.
dodge,Dodge
mangas,sleeves
arjun,arjun
babor,port
amarillas,yellow
primitivo,primitive
envenenamiento,poisoning
terrenos,land
librado,released
verdades,truths
cambiara,would change
liberó,freed
gustarte,like
acuesto,I lie down
impresiona,impresses
gino,Gino
alfonso,Alfonso
famosas,famous
salvarlos,save them
dad,dad
recinto,enclosure
mosquitos,mosquitoes
enganchado,hooked
bbc,BBC
jj,jj
fleming,Fleming
recuérdalo,Remember that
johan,Johan
golpeas,you hit
inspectora,inspector
reía,laughed
mentalidad,mindset
enloquecer,go crazy
palestina,Palestine
ametralladora,machine gun
costos,costs
prohíbe,prohibits
chow,chow
spence,Spence
interrumpido,disrupted
tokyo,Tokyo
ip,ip
flanco,flank
amistosa,friendly
envíame,send me
tardó,It took
xander,Xander
albóndigas,meatballs
ca,AC
contará,will tell
explicártelo,explain it to you
tiramos,we throw
noreste,northeast
serial,serial
abdominales,abdominal exercises
pertenecer,belong
ernesto,Ernesto
wisconsin,Wisconsin
eliot,Eliot
kyung,kyung
enormemente,enormously
rubias,blondes
devuelves,return
continuaremos,we will continue
acerqué,I approached
valdrá,will be worth
diriges,you direct
patrimonio,heritage
inundación,flood
rondando,hovering
manden,send
comentar,comment
destruya,destroy
redacción,drafting
encarcelado,imprisoned
llamarse,to be called
recompensas,rewards
christie,Christie
fío,I trust
acerco,I approach
succión,suction
cleopatra,Cleopatra
pedirá,will ask
raven,Raven
destinada,intended
pulgada,inch
dolido,hurt
imaginario,imaginary
especias,spices
maryland,Maryland
vayáis,go
cairo,Cairo
apostando,betting
empire,empire
empezara,will begin
vigile,watch
transparente,transparent
directos,live
iniciado,initiated
bombay,Bombay
supieron,they knew
influencias,influences
plenamente,fully
pesetas,pesetas
express,express
sufra,suffer
chiquilla,little girl
incluida,included
consideras,do you consider
telefónicos,telephones
carroza,float
propones,you propose
reinado,reign
cartuchos,cartridges
búnker,bunker
muevete,move
espiral,spiral
respondí,I replied
malinterpretes,misinterpreters
soplo,breath
ardillas,squirrels
librarme,free me
inesperada,unexpected
simulación,simulation
vinagre,vinegar
contártelo,tell you
len,len
neumonía,pneumonia
ahmed,Ahmed
concentrarse,concentrate
cece,cece
rompas,break
bird,bird
encargar,order
crowley,Crowley
rotación,rotation
cojan,grab
temores,fears
aterrizó,landed
rió,river
guardó,saved
tell,tell
desconectado,offline
patines,roller skates
grabadora,recorder
nobel,Nobel Prize
convencerte,convince yourself
ingrediente,ingredient
animar,encourage
invisibles,invisible
marcó,frame
electoral,electoral
bollos,buns
winter,winter
cómics,comics
afecte,affect
temprana,early
islam,Islam
posesiones,possessions
chavales,kids
impactante,shocking
castaño,chestnut
merodeando,lurking
salvatore,Salvatore
cambiarse,change
pagues,pay
zeke,zeke
devuelvan,return
perdones,pardons
cursos,courses
conocidas,known
linaje,lineage
informaré,I will inform you
coqueteando,flirting
extorsión,extortion
afectada,affected
raramente,rarely
gráfico,graphic
pérez,Perez
soluciones,solutions
aventón,lift
informada,informed
tibia,tibia
masters,masters
pillas,you catch
frena,brake
jennings,Jennings
arrancado,started
secas,dry
observen,observe
pretexto,pretext
paralelo,parallel
complot,plot
pegada,punch
resolveremos,we will resolve
torcido,crooked
kitt,kitt
nómina,roster
refrescos,soft drinks
porquerías,filth
díaz,Díaz
inquilino,tenant
iraq,Iraq
entiendan,understand
mandamos,we send
oigas,listen
expulsión,expulsion
fusil,rifle
margot,Margot
terminarás,you will finish
aprendimos,we learned
intestino,intestine
estimulante,stimulating
shiva,Shiva
nova,nova
igor,Igor
enteros,whole
invitamos,We invite you
polacos,Poles
encendió,turned on
esquema,scheme
amenazar,threaten
faz,face
amazonas,Amazon
diviertas,have fun
totalidad,whole
denunció,denounced
olvidarás,you will forget
tranvía,tram
nicola,Nicola
cox,cox
negociando,negotiating
garantías,guarantees
maldicion,curse
detenida,arrested
tenerle,to have him
lastime,I feel sorry
decker,Decker
inquietante,disturbing
regalar,give a present
salvarse,to save
tranquilas,calm
contrata,hire
escondernos,hide
encontraran,they will find
center,center
submarinos,submarines
acertijo,riddle
reconfortante,comforting
recogerme,pick me up
tendras,you will have
besas,kisses
psicológica,psychological
vladimir,Vladimir
chanel,Chanel
tirarme,throw myself
sartén,frying pan
sheridan,Sheridan
rand,rand
echarlo,throw it
accionistas,shareholders
bromees,jokes
cash,cash
molestará,will bother
bisturí,scalpel
aguantando,enduring
shhh,Shhh
transportador,conveyor
costera,coastal
snow,snow
agradecerles,thank you
insultar,insult
e-mails,emails
bendecido,blessed
pipí,pee
sucesor,successor
brillando,shining
verso,verse
ángulos,angles
demócratas,Democrats
eléctricos,electric
portador,carrier
lunas,moons
echaremos,we will throw
verguenza,shame
encuesta,survey
marcharnos,leave
escolares,schoolchildren
aceptaste,you accepted
empapado,soggy
asumí,I assumed
culparme,blame me
bájala,lower it
eliza,Eliza
básicos,basics
dead,dead
llenando,filling
hetty,hetty
atraparé,I will catch
engreído,conceited
meteorito,meteorite
cerillas,matches
discutiremos,we will discuss
conducción,driving
desarrollando,developing
postales,postcards
aburre,boring
lamentar,regret
unirnos,join
genera,generates
escorpión,scorpion
margo,margo
champú,shampoo
escucharé,I will listen
zombies,zombies
transforma,transforms
muñecos,dolls
vs,vs
hodgins,Hodgins
robas,you steal
hopkins,Hopkins
decidme,Tell me
provocando,causing
mai,mai
enloqueciendo,going crazy
camelot,Camelot
mundiales,world
kiki,Kiki
delegación,delegation
ansiosos,anxious
recogerte,pick you up
area,area
consistente,consistent
mediados,mid
cantina,canteen
acompañará,will accompany
indefenso,helpless
salada,salty
acompañas,you accompany
reverencia,reverence
razonar,reason
descubran,discover
round,round
ticket,ticket
lechuga,lettuce
excesivo,excessive
hanson,Hanson
egipcios,Egyptians
portugal,Portugal
lennox,Lennox
virtudes,virtues
ancla,anchor
viajó,traveled
dote,dowry
policias,police
borra,erase
bertie,Bertie
probó,tried
pozos,wells
fascistas,fascists
xavier,Xavier
bulto,bulk
volamos,we fly
swat,swat
intentara,I would try
competidores,competitors
caldera,boiler
callados,silent
costura,sewing
rosado,pink
adquirir,acquire
sueltas,loose
fé,faith
introducción,introduction
rosemary,rosemary
ofende,offends
pegaste,you stuck
mustang,Mustang
preparan,prepare
mármol,marble
huyeron,they fled
temple,temper
costoso,expensive
winchester,Winchester
relajante,relaxing
demócrata,democrat
averiguaste,did you find out
enfrentado,faced
resultará,it will result
mírale,look at him
esmeralda,emerald
formó,formed
señuelo,lure
huida,flight
siberia,Siberia
traerlos,bring them
pidan,ask
llevada,carried
perdición,perdition
zen,Zen
moralidad,morality
decidirá,will decide
reformatorio,reformatory
corremos,we run
sacramento,sacrament
humildad,modesty
yegua,mare
butters,butters
compraría,would buy
tratemos,Let's try
shore,shore
supiese,I knew
lejana,distant
pequeñito,wee
zanja,ditch
mayonesa,mayonnaise
violando,violating
concentrarte,concentrate
aburridas,boring
psiquiatría,psychiatry
ambiciones,ambitions
hijita,daughter
callaos,shut up
plástica,plastic
retrasar,delay
crei,I believed
plateado,silver
contienen,They contain
internas,internal
graciosos,funny
avergüenzo,I'm ashamed
erais,you were
guisantes,peas
actualización,update
arrastrando,dragging
subconsciente,subconscious
comprensivo,comprehensive
darrin,darrin
propuesto,proposed
cazadora,huntress
o.,either.
revuelta,revolt
magnética,magnetic
gotham,Gotham
non,no
especialistas,specialists
vegetariano,vegetarian
programada,scheduled
caluroso,warm
compraremos,we will buy
amarillos,yellow
animación,animation
acres,acres
castigados,punished
externa,external
ganga,bargain
lámparas,lamps
bloquea,block
carver,carver
tranquilícese,calm down
consideraba,considered
niñito,little boy
comenzaste,you started
compren,buy
cuelgues,hang-ups
protegen,protect
playboy,playboy
corruptos,corrupt
demostrarle,show him
intentaría,I would try
lucho,fought
liberen,release
ascender,ascend
reclutas,recruits
cojas,lame
encuestas,surveys
melvin,Melvin
tristemente,sadly
baseball,baseball
ping,ping
esteban,Esteban
siéntete,feel
paseos,walks
interesaría,would be interested
meyer,Meyer
extrañaba,I missed it
intestinos,bowels
investigamos,we investigate
cumplida,fulfilled
mareada,dizzy
haciéndole,doing it
gordito,chubby
tornillo,screw
apreciamos,we appreciate
rogar,pray
orgía,orgy
picard,Picard
mordisco,nibble
tratará,will try
terciopelo,velvet
apollo,Apollo
orar,pray
over,over
actuaba,acted
roxy,Roxy
llenado,fill
roberta,Roberta
rechazada,rejected
revolver,revolver
cordura,sanity
prefería,preferred
razas,breeds
coste,cost
elimina,eliminates
cangrejos,crabs
cógela,grab it
encantos,charms
colisión,collision
verles,see them
explote,explode
babylon,babylon
firmo,I sign
mienta,lie
abusar,abuse
floja,loose
olvidalo,forget it
suplente,alternate
pocilga,pigsty
ocultado,hidden
siria,Syria
imprimir,print
salvaron,saved
eua,USA
terrence,terrence
venderé,I will sell
cagando,shitting
aula,classroom
corporaciones,corporations
atreven,dare
emociona,exciting
ryder,Ryder
presté,I lent
espléndida,splendid
comería,I would eat
feto,fetus
suspender,suspend
enfado,anger
traernos,bring us
cortamos,we cut
copiar,copy
robbins,Robbins
wan,wan
llore,I cried
frenar,curb
saturno,Saturn
eliminados,deleted
pedirlo,ask for it
ocasionalmente,occasionally
inmoral,immoral
soltado,released
financiar,finance
sabotaje,sabotage
carril,lane
romero,rosemary
borrador,draft
maura,Maura
atrajo,attracted
colas,queues
buscándolo,looking for it
imagínese,imagine
duela,stave
ignorando,ignoring
cuchilla,blade
apuntas,you point
presentaron,presented
clemencia,clemency
dígaselo,tell him
enfrentando,facing
tómelo,Take it
comunión,communion
engañan,they deceive
exclusivamente,exclusively
rover,rover
pillé,I caught
ocultarlo,hide it
sonado,sounded
romperse,break
eclipse,eclipse
race,race
sensei,sensei
cuidaba,took care
restricción,restriction
vivamos,Let us live
derribado,felled
comunismo,communism
sicilia,Sicily
olvidarse,forget
chips,chips
suizo,Swiss
pronóstico,forecast
funerales,funeral
ayudaros,help you
savage,savage
equivoque,mistake
weston,Weston
recaudar,collect
metía,put
almacenamiento,storage
subas,increases
llamabas,you called
sarcasmo,sarcasm
casualmente,casually
tragó,drink
brevemente,briefly
leopardo,leopard
aceptes,accept
violaron,raped
faldas,skirts
muscular,muscular
llevárselo,take it
enoja,angers
filósofo,philosopher
barbero,barber
apostado,bet
mccarthy,McCarthy
embarque,shipment
malditamente,damn
apoyan,support
lente,lens
ramsey,Ramsey
herrero,blacksmith
alemanas,Germans
librar,rid
vente,come
comenzaré,I will begin
interiores,interiors
estándares,standards
asesinaste,You murdered
invención,invention
serte,to be
alimentan,feed
colmo,height
sordos,deaf
suicidas,suicides
cafeína,caffeine
prenda,garment
der,der
latino,Latin
enemigas,enemies
pulmonar,pulmonary
contesto,I answer
causan,cause
descendientes,descendants
contribuir,contribute
pésima,terrible
minnie,Minnie
escogiste,you chose
tocaré,I will play
diseñada,designed
uranio,uranium
dinámica,dynamic
antro,joint
rae,rae
buscaste,you searched
precipicio,precipice
town,town
aldeanos,villagers
where,where
usuario,user
obsequio,gift
amarme,love me
ayudadme,help me
sufría,suffered
aparente,apparent
porcelana,porcelain
dándome,giving me
cruda,raw
tomografía,tomography
quejarme,complain
rendición,surrender
savannah,savannah
firmada,signed
girls,girls
make,make
comestibles,groceries
ziggy,Ziggy
obtenga,get
arrojado,thrown
expuestos,exposed
descarado,sassy
fiscales,prosecutors
analizando,analyzing
barman,bartender
depredadores,predators
cuidarla,take care of her
sonriente,smiling
mapache,raccoon
tentador,tempting
winnie,Winnie
perdonadme,forgive me
embarazadas,pregnant women
creatividad,creativity
llantas,tires
gandhi,Gandhi
atiendo,I attend
sabios,wise men
respondan,respond
arbusto,bush
moran,Moran
teta,tit
football,football
estéril,sterile
colombia,Colombia
cava,digging
acostando,lying down
margaritas,daisies
mu,mu
martínez,Martinez
thea,thea
presentando,presenting
encargamos,we ordered
avergonzarte,embarrass you
alzheimer,Alzheimer's
hoover,Hoover
distribuidor,distributor
sujétate,hold on
invite,invite
encerraron,they locked up
w.,w.
captar,capture
remo,rowing
geoff,Geoff
confirmarlo,confirm it
hicks,Hicks
cínico,cynical
empujado,pushed
bentley,Bentley
chiquita,little one
barnaby,barnaby
frecuentemente,frequently
aparcado,parked
sabores,flavors
pescando,fishing
cazas,fighters
versiones,versions
anfitriona,hostess
participantes,participants
logrará,will achieve
informática,computing
cuervos,crows
íntima,intimate
firmaré,I will sign
kendall,Kendall
com,com
suspiros,sighs
pequeñín,little one
riendas,reins
llamarán,they will call
yogur,yogurt
minnesota,Minnesota
fish,fish
abbott,Abbott
cadete,cadet
zero,zero
vocabulario,vocabulary
magnético,magnetic
empeora,worsens
gentes,people
hueca,hollow
coleccionista,collector
impresionantes,impressive
acusan,accuse
chiquillo,kid
racial,racial
jillian,Jillian
denegada,denied
prometerme,promise me
competente,competent
honrada,honest
thornton,Thornton
laptop,laptop
aguarde,wait
escalón,step
entregarle,give it to him
arrestarme,arrest me
manía,mania
calculado,calculated
enfrentan,face
aspirante,applicant
abriste,You opened
moss,moss
escribirlo,write it
adivinado,guessed
hirieron,wounded
edison,Edison
peters,Peters
grabada,recorded
conseguía,I got
cascada,waterfall
asteroide,asteroid
condescendiente,condescending
caine,Caine
cultivos,crops
contagioso,contagious
babe,babe
perdonarte,forgive you
violeta,violet
disgustada,disgusted
automática,automatic
eleva,raises
dickie,Dickie
tte,tte
pose,pose
desapareciera,disappeared
cuidarlo,take care of it
civilizado,civilized
cónsul,consul
arreglas,fix
hai,hai
descubrimientos,discoveries
perdedora,loser
suceso,event
dunn,dunn
enséñale,teach him
his,his
diseñar,design
académico,academic
estaréis,you will be
ético,ethical
atravesado,crossed
vaciar,empty
festín,feast
extender,extend
equivocamos,we were wrong
arrestó,arrest
sky,sky
transmite,transmits
filetes,steaks
factores,factors
ofrenda,offering
podréis,you will be able to
atrápenlo,Catch him
adversario,adversary
allie,allie
si.,Yeah.
mamita,Mommy
power,power
luigi,Luigi
lasaña,lasagna
titanic,Titanic
jurados,juries
navideño,Christmas
poetas,poets
luché,I fought
vuele,fly
maricones,faggots
pararme,stop
muralla,wall
espinas,thorns
ártico,arctic
reilly,Reilly
convertimos,we converted
moribundo,dying
estirar,stretch
atraen,attract
etapas,stages
testarudo,stubborn
lucille,Lucille
hawk,Hawk
lastimaste,You hurt
madurar,mature
matadero,slaughterhouse
brighton,brighton
aleje,move away
publicación,publication
spanish,Spanish
llevábamos,we had
acostumbrarse,get used
piénselo,think about it
prado,meadow
mentirte,lie to you
escapan,escape
usara,would use
acéptalo,Accept it
alucinando,hallucinating
conducen,they drive
aubrey,Aubrey
recuperamos,we recovered
relajate,relax
añade,duck
psíquica,psychic
procura,try
injusta,unfair
delfín,dolphin
amarga,bitter
lágrima,tear
jengibre,ginger
buitres,vultures
prestes,lend
automóviles,cars
habra,There will be
funda,sheath
distancias,distances
atencion,attention
veníamos,we were coming
reg,reg
taladro,drill
visitarla,visit it
contenedores,containers
rhonda,Rhonda
volaré,I will fly
controlo,I control
sucedía,it was happening
meterle,put it in
domina,domina
semáforo,traffic light
tratarme,treat me
doo,doo
ny,ny
escritas,written
dell,Dell
bárbaros,barbarians
acuario,aquarium
acordé,chord
why,Why
accedió,agreed
sediento,thirsty
caminan,walk
házmelo,Do it for me
presentará,will present
retos,challenges
bellos,beautiful
haras,stud farm
pasarse,go
protegidos,protected
efectiva,effective
superviviente,survivor
estambul,Istanbul
interrumpo,I interrupt
syd,syd
admites,do you admit
ultra,ultra
acercaba,approaching
pará,for
afectando,affecting
cardiaco,cardiac
think,think
caigan,fall
teri,teri
eléctricas,electric
prestando,lending
transformó,transformed
hablarnos,talk to us
novak,Novak
singapur,Singapore
accesorios,accessories
trataremos,we will try
ocurrieron,occurred
tendencias,tendencies
hazel,Hazel
animadora,cheerleader
traidora,traitor
parálisis,paralysis
fowler,fowler
marisa,Marisa
subida,rise
reunirte,meet
mención,mention
cochran,Cochran
destripador,ripper
besito,little kiss
lynette,Lynette
progresando,progressing
viajamos,we travel
obligarme,force me
logran,they achieve
yanquis,Yankees
vinci,vinci
obligues,force
lil,lil
mejoras,improvements
manchado,stained
folletos,brochures
adivine,guess
follando,fucking
restantes,remaining
pintas,pints
rabo,tail
hobbs,Hobbs
cortarme,cut me
dirija,direct
armarios,wardrobes
versos,verses
refrescante,refreshing
princeton,Princeton
cumplidos,compliments
deacon,Deacon
separada,separate
seguidme,follow me
mostraron,they showed
suicidarme,to commit suicide
simulacro,simulacrum
irving,Irving
lector,reader
pensaras,you'll think
escarabajo,beetle
dígalo,say it
señorito,young gentleman
camisón,nightgown
hilda,Hilda
asfixia,suffocation
marx,Marx
barreras,barriers
propósitos,purposes
aprobó,approved
amsterdam,Amsterdam
realizando,performing
invasores,invaders
criticar,criticize
capitolio,Capitol
silvia,Silvia
hongo,fungus
depredador,predator
reconocería,would recognize
proporcionar,provide
comportarte,behave
goo,goo
permitirlo,allow it
tradicionales,traditional
buffalo,buffalo
portavoz,spokesman
salté,I jumped
abandonados,abandoned
socialista,socialist
merecer,deserve
tomadas,taken
dardos,darts
mantengamos,Let's keep
confortable,comfortable
retírense,withdraw
recital,recital
burlarse,mock
espectros,spectra
odiamos,we hate
asume,assumes
bronca,row
leela,read it
sobretodo,above all
adecuadas,appropriate
animados,animated
munich,Munich
reúna,gather
escondía,hid
aparcar,park
bombón,chocolate
dolía,It hurt
frecuencias,frequencies
formalidad,formality
leen,read
sacaba,he took out
constance,constancy
escupe,spits
jaguar,jaguar
preliminares,preliminary
blah,blah
tortitas,pancakes
faltas,faults
darius,Darius
pirámides,pyramids
plazca,please
desarrolló,development
estrategias,strategies
golpearte,hit you
recogida,collection
creciste,you grew up
entrenadora,coach
pésame,condolence
perverso,perverse
cabalgar,ride
tirano,tyrant
comprenden,understand
jugaré,I will play
demandante,demanding
resplandor,radiance
exquisito,exquisite
dubois,dubois
dal,dal
pooja,pooja
protegerlos,protect them
plantación,plantation
estatura,stature
carece,lacks
teclado,keyboard
columnas,columns
dex,dex
dre,Dr.
brutalmente,brutally
lápices,pencils
lanzador,pitcher
prem,premium
franqueza,frankness
trayecto,journey
mencionarlo,mention it
afectará,will affect
explícame,explain to me
orígenes,origins
apagarlo,turn it off
dormirá,will sleep
aceptación,acceptance
godzilla,Godzilla
perú,Peru
escribimos,we write
escribieron,they wrote
glee,glee
excitación,excitement
lléveme,take me
vengarme,to get revenge
griffith,Griffith
krishna,Krishna
raúl,Raúl
ocular,ocular
divide,divide
puras,pure
finalistas,finalists
olive,olive
independientemente,regardless
recados,errands
higiene,hygiene
acercamiento,approach
ánimos,cheers
liberada,freed
lastimada,hurt
clon,clone
organiza,organizes
remover,remove
iniciando,starting
retrasados,delayed
libere,free
caracoles,snails
capone,Capone
pañuelos,handkerchiefs
vigilantes,security guards
calmarse,calm down
presionado,pressed
hipo,hiccup
proceda,proceed
dispararte,shoot you
odiabas,you hated
dixie,Dixie
molde,mold
t.j.,t.j.
candado,padlock
varones,males
golpearlo,hit him
ahogar,drown
mayoria,most
divorciada,divorcee
mariquita,ladybug
concentrarnos,concentrate
considéralo,consider it
irían,they would go
ocupando,occupying
bromista,joker
políticamente,politically
cortarte,cut yourself
beneficencia,charity
hollis,hollis
bordes,borders
bajemos,Let's go down
forzó,forced
supones,you assume
retardado,delayed
apareciendo,appearing
limpió,clean
claves,keys
obligatorio,mandatory
graba,record
guárdalo,save it
encargué,I ordered
troya,Troy
traviesa,sleeper
husmeando,snooping
subamos,Let's go up
soberano,sovereign
invernadero,greenhouse
frecuente,frequent
anhelo,longing
querré,I will want
vencidos,defeated
kathleen,Kathleen
entregarte,surrender to you
picar,chop
territorios,territories
paranoica,paranoid
envías,you send
quicio,hinge
enojó,anger
póntelo,put it on
bebemos,we drink
ahorro,saving
dejarles,leave them
bombarderos,bombers
decentes,decent
arándanos,blueberries
implantes,implants
radios,radios
patente,patent
devuelvas,return
norris,Norris
teníais,you had
recordarme,remind me
terrestres,terrestrial
hijito,sonny
transformado,turned
avancen,advance
enfrentó,faced
estiércol,manure
desventaja,disadvantage
arruinarlo,ruin it
comprenderlo,understand it
verías,you would see
pegando,sticking
cantó,singing
palmas,palms
mafioso,mobster
cansando,tiring
bajito,short
hablaras,you will speak
diseñó,design
sweet,sweet
gastó,spent
esposos,spouses
irina,Irina
extravagante,extravagant
ahorrando,saving
quererte,loving you
derramar,shed
cuides,take care
daryl,Daryl
wendell,Wendell
edén,Eden
encantadores,charming
cancion,song
vomitando,vomiting
ancestral,ancestral
heredera,heiress
caerán,will fall
protestas,protests
vengadores,Avengers
soltadme,Let me go
jarvis,Jarvis
presentaciones,presentations
manten,keep
genéticamente,genetically
culparte,blame you
fallos,failures
resistirse,resist
acompáñame,come with me
imitar,mock
pásalo,pass it on
freeman,freeman
mareo,dizziness
ahorra,save
esperara,would wait
hilton,Hilton
tiradores,shooters
serge,Serge
lulu,Lulu
habláis,you speak
brutalidad,brutality
contenía,contained
ceniza,ash
grove,grove
cupones,coupons
octava,octave
guerrera,warrior
mc,mc
colmillos,fangs
cerdito,piggy
búscate,find yourself
decisivo,decisive
venció,expired
brillan,shine
colonos,settlers
valgo,I am worth
atados,tied
susurrando,whispering
envenenada,poisoned
abatido,dejected
búho,owl
patinaje,skating
heroe,hero
tardaste,You took
adornos,decorations
quédatelo,Keep it
forzados,forced
cocodrilos,crocodiles
haciéndote,making you
acorde,chord
brittany,Brittany
colgada,hanging
ehh,ehh
bájame,put me down
mandarme,send me
calificado,qualified
cliché,cliche
bebiste,you drank
escasez,shortage
recomendó,recommended
entendéis,Do you understand?
delegado,delegate
convicción,conviction
hoyos,holes
memorial,memorial
j.d.,j.d.
prohíbo,I forbid
ordinaria,ordinary
leerla,read it
flote,float
contrataste,you hired
fertilidad,fertility
realistas,realistic
avisarme,notify me
disfrutarlo,Enjoy it
deberé,I will have to
rhodes,Rhodes
yakuza,yakuza
duración,duration
aura,aura
compitiendo,competing
cocino,I cook
webb,webb
prepárese,get ready
wei,wei
kris,Kris
detecto,I detect
obtendrá,you will get
apto,suitable
conocerá,will know
petra,Petra
hoo,hoo
brothers,brothers
a-,to-
rin,rim
aparecía,appeared
dejarían,would leave
tardaremos,we will take
golpeaba,hit
males,evils
infectados,infected
chiflada,crazy
párrafo,paragraph
instituciones,institutions
demuestre,demonstrate
reinos,kingdoms
viviría,would live
coyote,coyote
finalizar,finish
crecimos,we grew up
táctico,tactical
visitarlo,visit it
preguntarles,ask them
gordas,fat
vih,HIV
informados,informed
enteramos,we find out
hae,hae
occidentales,Westerners
slim,slim
pi,pi
suspenso,suspense
acercar,zoom in
lizzy,lizzy
contraria,contrary
póngalo,put it on
julián,Julian
gritado,yelled
metrópolis,metropolis
jacqueline,Jacqueline
disgusto,disgust
nam,nam
grietas,cracks
explicárselo,explain it to him
examinado,examined
emisora,radio station
bowl,bowl
vidente,seer
liado,tied
vejiga,bladder
fez,fez
recordarás,you will remember
arabia,Arabia
definir,define
alcohólica,alcoholic
siervo,servant
directorio,directory
j.j.,j.j.
pinche,lousy
prométemelo,promise me
sheppard,Sheppard
luc,luc
lorna,Lorna
ahjussi,ahjussi
guillermo,Guillermo
death,death
detuvimos,we stopped
llevados,carried
beberé,I will drink
demuestran,demonstrate
ki,ki
pegues,glues
tómatelo,Take it
penitencia,penance
separan,separate
sunbae,sunbae
anotado,noted
civilizaciones,civilizations
shea,shea
supón,suppose
giras,tours
nacida,born
foro,forum
urgentemente,urgently
jax,jax
vaga,vagrant
trescientos,three hundred
divisiones,divisions
trincheras,trenches
orgánico,organic
enamora,fall in love
dedicar,devote
deshecho,undone
envuelta,wrapped
cariñosa,affectionate
principiante,beginner
missouri,Missouri
huerto,vegetable patch
indemnización,compensation
expuesta,exposed
chili,chili
tenian,they had
redondo,round
céntimo,penny
retroceda,back
ga,ga
cuenten,tell
fundido,molten
cito,I quote
anatomía,anatomy
zelanda,New Zealand
ruiz,Ruiz
francotiradores,snipers
bu,bu
kensi,kensi
luciano,Luciano
advertir,warn
regulares,regular
capturados,captured
via,via
existo,I exist
best,best
retenido,detained
destornillador,screwdriver
relaja,relax
prender,turn on
imperdonable,unforgivable
norton,Norton
montreal,Montreal
sobresaliente,outstanding
jodió,screwed
ketchup,ketchup
united,united
owens,Owens
teatral,theatrical
levantate,Get up
donuts,donuts
posponer,postpone
desagüe,drain
tirón,jerk
gérmenes,germs
entregando,delivering
despertará,will awaken
vermont,Vermont
our,our
comprarla,buy it
mao,Mao
juzgados,courts
enteran,find out
recogerla,pick it up
conduje,I drove
buceo,dive
presione,press
restricciones,restrictions
sobrevivieron,survived
irlandesa,Irish
divorciados,divorced
obediencia,obedience
fracasar,fail
pilló,rascal
votado,voted
tiraré,I'll throw
jeeves,Jeeves
anticipo,advance
neville,Neville
alza,rise
poseo,I possess
calavera,skull
comunicar,communicate
miremos,Let's look
remotamente,remotely
charlatán,charlatan
gilmore,Gilmore
viviendas,housing
sable,saber
caería,would fall
heroico,heroic
reliquia,relic
preocupante,worrying
llene,fill
formalmente,formally
suicidado,suicide
leland,Leland
medieval,medieval
presas,dams
cáscara,peel
publica,publishes
librarte,free yourself
aburro,I'm bored
fantastico,fantastic
werner,werner
preguntarse,wonder
quebró,broke
químicas,chemicals
comprenda,understand
faltado,missing
servimos,we serve
dejenme,Leave me
arrancaré,I'll start
mackenzie,Mackenzie
vejez,old age
pongámonos,Let's get started
servía,served
congregación,congregation
escuchemos,Let's listen
delicadeza,delicacy
ruleta,roulette
pervertidos,perverts
enfada,angers
galán,gallant
adulterio,adultery
unirá,will unite
raciones,portions
stiles,stiles
enorgullece,proud
secretamente,secretly
contaría,would tell
caminado,walked
linus,Linus
marruecos,Morocco
sire,sire
credenciales,credentials
devolverá,will return
solicitudes,applications
anuario,yearbook
mountain,mountain
ajusta,adjust
truenos,thunder
limosna,alms
informacion,information
elliott,Elliott
yanqui,Yankee
auxilios,aid
ginny,Ginny
protectora,protective
satisfechos,satisfied
cajones,drawers
destruiré,I will destroy
conway,Conway
seguirte,follow you
pulgares,thumbs
cometen,commit
gabby,Gabby
asesinadas,murdered
calentando,warming up
descubro,I discover
escribirle,write to him
gemidos,wailing
cansa,tires
caminé,I walked
imaginen,imagine
langostas,lobsters
bangkok,Bangkok
moya,Moya
ganes,win
consumir,consume
perdía,lost
fuisteis,you went
pennsylvania,Pennsylvania
grimm,grimm
acérquese,come closer
amara,amara
timo,scam
relacionadas,related
interrogando,interrogating
lograrás,you will achieve
ilumina,illuminates
tardan,they take
podeis,you can
tios,uncles
golosinas,candies
hostiles,hostile
bad,bad
disculpame,excuse me
tang,tang
comerlo,eat it
condenar,condemn
conseguirla,get it
cookie,cookie
candidata,candidate
desapareciste,You disappeared
felicia,Felicia
combates,battles
joderme,fuck me
mostraba,showed
quejo,I complain
solares,solar
reconocen,recognize
ejemplos,examples
cócteles,cocktails
mildred,mildred
mezquita,mosque
limpiaré,I will clean
disfrútalo,Enjoy it
defunción,death
torrente,torrent
ceo,CEO
perturbado,disturbed
grial,grail
cocineros,cooks
presentas,you present
anal,anal
sentémonos,Let's sit down
carroll,Carroll
irrumpir,burst
financiación,financing
actúe,act
caimán,caiman
away,away
derrick,derrick
evie,evie
quimioterapia,chemotherapy
garra,claw
pearson,Pearson
panamá,Panama
abrazarte,hug you
diabólico,diabolical
copiloto,co-pilot
afeitado,shaving
queman,burn
conversando,conversing
radiografía,radiography
deborah,Deborah
controlador,controller
devoto,devotee
lastimando,hurting
gustes,you like
reservación,reservation
london,London
insultado,insulted
pasarela,gangway
cuántica,quantum
cain,Cain
locke,Locke
épocas,eras
laden,laden
biopsia,biopsy
tremendamente,tremendously
escribas,write
remate,auction
nacidos,born
gigi,gigi
modificar,modify
duck,duck
vikram,vikram
apartar,set aside
herirte,hurt you
ahorcado,hanged man
opone,opposes
lárguese,Get out
emerson,Emerson
salem,Salem
boba,silly
cobran,they charge
conozcamos,Let's get to know each other
acabarán,will end
hilary,Hilary
crecieron,they grew
lentos,slow
discúlpate,apologize
interrogarlo,question him
bette,bette
levi,Levi
identificarlo,identify it
louisa,Louisa
apreciaría,I would appreciate it
elisabeth,Elizabeth
manto,mantle
run,run
intermediario,intermediary
granuja,rascal
estupida,stupid
tumbado,lying down
subtitle,subtitle
melón,melon
rembrandt,Rembrandt
bloqueada,blocked
torso,torso
gaseosa,soda
tarro,jar
tesla,Tesla
excepciones,exceptions
invitarla,invite her
heights,heights
escenarios,scenarios
racismo,racism
abandonando,abandoning
rice,rice
clifford,Clifford
campeona,champion
hormiga,ant
principe,prince
muevanse,move
fósforo,phosphorus
lencería,lingerie
llorado,cried
bess,bess
clubs,clubs
sonya,Sonya
desechos,waste
libertades,freedoms
casarías,would you marry
pegan,stick
extendido,extended
naciera,was born
abusos,abuses
giorgio,Giorgio
kappa,kappa
drenaje,drainage
navegando,browsing
molestarse,trouble
dimitri,Dimitri
colgante,pendant
penetrar,penetrate
harlan,Harlan
mazo,mallet
dársela,give it to her
page,page
llevare,I will take
presenciar,witness
ex-esposa,ex-wife
capullos,buds
tao,CAT
enfermas,sick
descubrirá,will discover
beban,drink
preciado,valued
presidentes,presidents
rendirme,give up
enfadados,angry
macarrones,macaroni
considerarlo,consider it
rodríguez,Rodriguez
honey,honey
encargada,in charge
irregular,irregular
fargo,Fargo
entregará,will deliver
carguen,load
hop,hop
pararse,stop
riggs,riggs
dare,dare
lyon,Lyon
buffet,buffet
islandia,Iceland
cylon,Cylon
representando,representing
mostraste,you showed
llamarías,would you call
anuncia,announces
descubierta,discovered
confundir,confuse
striptease,striptease
usemos,Let's use
chisme,gossip
seguirle,follow him
cacahuete,peanut
solitarios,lonely
magnitud,magnitude
guardamos,we save
defendido,defended
hedor,stench
emitido,issued
duramente,harshly
afirmación,affirmation
entusiasmada,enthusiastic
baldwin,Baldwin
utilice,use
idéntico,identical
noticiero,news
justine,Justine
sonrió,She smiled
sincronizado,synchronized
reírte,laugh
entregarlo,hand it over
sonja,Sonja
retaguardia,rear
satisfactorio,satisfying
crucé,crossing
valentina,Valentina
fang,fang
mosquito,mosquito
becker,Becker
aprendas,learn
reclutamiento,recruitment
too,too
pié,foot
tóxicos,toxic
discreta,discreet
quemadura,burn
inventaron,invented
arzobispo,archbishop
joanne,Joanne
bajaron,they went down
celo,zeal
zhang,Zhang
patea,kick
cheyenne,Cheyenne
compatible,compatible
soplar,blow
egipcio,Egyptian
reportó,reported
afilado,sharp
forrest,Forrest
tetera,kettle
sensor,sensor
delicia,delight
strauss,Strauss
reside,reside
margie,Margie
mesera,waitress
autorizada,authorized
trabajará,will work
ovni,UFO
weiss,weiss
uhm,uhm
carita,little face
israelí,Israeli
postres,desserts
caigas,fall
vence,defeats
lean,lean
relaciona,relate
gatitos,kittens
transportes,transportation
bethany,Bethany
botiquín,kit
orgánica,organic
animada,animated
venia,permission
sábana,sheet
vegetariana,vegetarian
peine,comb
marchan,march
singular,singular
microscopio,microscope
foreman,foreman
transplante,transplant
diviertes,you have fun
salarios,wages
ball,ball
partimos,we depart
danés,Danish
arden,burn
mercy,Mercy
informaron,they reported
arrugas,wrinkles
externo,external
informando,reporting
saturación,saturation
lisbon,Lisbon
alexandra,Alexandra
aclara,clarifies
enterró,buried
avisos,notices
detienes,you stop
lápida,stone
tráigame,bring me
holland,Holland
detenerle,arrest him
pilla,catch
radicales,radicals
intérprete,interpreter
dorados,golden
reunion,meeting
marcada,marked
guardarlo,save it
stern,stern
amateur,amateur
dalek,Dalek
diria,I would say
infectada,infected
manicura,manicure
consultor,consultant
mataba,killed
hazla,Make it
aceptando,accepting
centrado,centered
causada,caused
jueguen,play
asegurada,insured
cúbreme,cover me
detenlo,stop him
actuaciones,actions
deportiva,sports
ctu,ctu
arnie,Arnie
mars,Mars
sofisticada,sophisticated
theodore,Theodore
metimos,we put
estudiaba,I was studying
autobus,bus
bajará,will go down
estuvieses,you were
lisiado,crippled
camellos,camels
semanal,weekly
mari,Mari
venenosa,poisonous
curación,healing
mencionas,you mention
olimpiadas,Olympics
cuídense,Take care
hacés,you do
sequía,drought
sagrados,sacred
cuerdo,sane
excavación,excavation
ascendido,promoted
seguís,you continue
webber,webber
osa,bear
loretta,Loretta
animadoras,cheerleaders
despertarse,wake up
astrid,Astrid
panecillos,bread rolls
peliculas,movies
monto,amount
parará,will stop
mero,mere
pepinillos,pickles
colectiva,collective
usarlas,use them
persistente,persistent
incluyen,include
aclarado,rinse
been,been
gustav,Gustav
denegado,denied
incisión,incision
gokuh,Goku
servida,served
reclamo,claim
fumado,smoked
zoom,zoom
lucharon,they fought
benjamín,Benjamin
computador,computer
religiosas,religious
aqu,here
plantada,planted
saunders,Saunders
drogadictos,drug addicts
encuéntrame,find me
repleto,full
engañaron,they deceived
idiotez,idiocy
atrasados,late
consideramos,we consider
describirlo,describe it
charlando,chatting
cantamos,we sing
alimentarse,feed
quemé,I burned
oleg,oleg
energías,energies
buscara,would look
indicaciones,instructions
gótica,Gothic
comienzos,beginnings
buscará,will seek
águilas,eagles
beau,beautiful
houdini,Houdini
profesionalmente,professionally
miraban,they were looking
decreto,decree
records,records
horrores,horrors
kayla,Kayla
retrasada,delayed
bachillerato,baccalaureate
anima,anima
estatales,state
sacudir,shake
desactivar,deactivate
torpedo,torpedo
plegaria,prayer
compres,buy
shanghai,Shanghai
ignorantes,ignorant
bass,bass
radiografías,x-rays
gilipolleces,nonsense
darlo,give it
zurdo,southpaw
vello,hair
liberados,released
cumplen,They comply
ahhh,ahhh
gillian,gillian
entrenadores,coaches
marcia,Marcia
largó,long
mentía,He was lying
milenio,millennium
recluta,recruit
volaron,they flew
diplomática,diplomat
consejeros,advisors
agarraron,they grabbed
uhh,uhh
cardíaca,cardiac
nan,nan
edwin,Edwin
engañe,deceive
bautizo,christening
réplica,replica
pegaba,hit
solomon,Solomon
mugre,dirt
adriana,Adriana
janine,Janine
katya,Katya
respondiste,you answered
suspendida,suspended
cruzan,cross
conduciré,I will drive
necesitó,need
aprenderá,will learn
destreza,skill
exactas,exact
bendice,bless
déle,give it to him
patsy,Patsy
lujoso,luxurious
comino,cumin
interrogación,question
arriesga,risk
sorprenderte,surprise
inmobiliaria,real estate
ghost,ghost
cantaré,I will sing
moléculas,molecules
reality,reality
insulina,insulin
échame,throw me
tratarse,to be about
donas,donuts
extrañamos,we miss
merci,Thank you
entretener,entertain
donantes,donors
infelices,unhappy people
liderar,lead
cogerme,grab me
auténticos,authentic
laurent,Laurent
olvídese,forget it
enfermar,get sick
ceremonias,ceremonies
trataban,they were trying
interrumpiendo,interrupting
deberemos,we will have to
lynch,Lynch
huyes,you flee
howie,Howie
censura,censorship
horatio,Horatio
genuino,genuine
abstinencia,abstinence
musa,muse
atendiendo,attending
emite,emits
válido,valid
lucien,Lucien
solia,used to
copenhague,Copenhagen
proxeneta,procurer
pacey,pacey
sardinas,sardines
aterradora,terrifying
desierta,deserted
comunidades,communities
rocío,dew
decorado,decorated
hannibal,Hannibal
gruesa,gross
peluquero,hairdresser
salado,salty
parsons,Parsons
intelectuales,intellectuals
raquel,Raquel
miligramos,milligrams
allah,Allah
ravi,ravi
anulación,annulment
some,some
descendiente,descendant
mezquino,mean
décima,tenth
estresada,stressed
rindes,yields
procurador,attorney
delirando,delirious
argo,argo
apuntan,point
pinchazo,prick
gitana,gypsy
everett,Everett
reaccionó,reacted
proximo,next
escondiste,you hid
bufón,jester
discípulos,disciples
responderé,I will answer
descomposición,decomposition
apuntó,pointed out
abi,abi
pradera,meadow
separarse,separate
diarias,daily
pensilvania,Pennsylvania
marfil,ivory
cantado,sung
encajan,fit
transmitiendo,transmitting
cesare,Caesar
mude,mute
madurez,maturity
prometimos,we promised
traducir,translate
blindado,armored
fundadores,founders
contramaestre,boatswain
cate,cate
barrido,scanning
tómame,take me
tíralo,throw it away
vestía,she was wearing
estudias,you study
ombligo,belly button
pingüinos,penguins
cm.,cm.
alejó,moved away
obtienen,they obtain
bájalo,lower it
rural,rural
sanidad,health
deliciosas,delicious
vanguardia,vanguard
jugadas,plays
honda,sling
repetición,repetition
presentador,presenter
permitía,allowed
indicar,indicate
egoístas,selfish
wo,wo
bajad,go down
calcetín,sock
liverpool,Liverpool
bambú,bamboo
extrañado,surprised
nata,cream
nupcial,bridal
atrápalo,catch it
disparamos,we shot
latina,Latina
marlene,Marlene
poblado,populated
norm,norm
alcohólicos,alcoholics
escandaloso,scandalous
talón,bead
marchamos,we march
durado,lasted
festejar,celebrate
cuidaremos,we will take care
limitaciones,limitations
planeé,I planned
cachondo,horny
anunciado,announced
cenado,dinner
mutua,mutual
poseen,possess
devuélvemelo,Give it back to me
organismos,organisms
divertí,I had fun
actrices,actresses
vertedero,dump
decidan,decide
foso,pit
complejos,complex
capitalismo,capitalism
mucama,maid
portugués,Portuguese
capitanes,captains
sáquenme,get me out
adecuados,suitable
incomoda,uncomfortable
aliviada,relieved
eden,Eden
pegajoso,clingy
unicornio,unicorn
encuéntralo,find it
ponían,they put
tiembla,trembles
observe,observe
rosquillas,doughnuts
ucrania,Ukraine
apareciera,appeared
establos,stables
lavo,I wash
godfrey,Godfrey
emil,Emil
solidaridad,solidarity
cláusula,clause
maleducado,rude
indefensa,defenseless
terri,terri
implante,implant
netflix,Netflix
ambiental,environmental
reddington,reddington
ordenaron,they ordered
híbrido,hybrid
mujeriego,womanizer
game,game
aprovechando,taking advantage
aliens,aliens
flotante,floating
asusto,I'm scared
suzy,Suzy
dot,dot
cordones,laces
veríamos,we would see
estableció,established
berkeley,Berkeley
ametralladoras,machine guns
desempleo,unemployment
apenado,sorry
andes,Andes
buckley,buckley
azafata,stewardess
suponga,suppose
contarás,you will tell
adolf,Adolf
enfrentas,you face
dejadlo,leave it alone
astilla,sliver
añadido,added
abdominal,abdominal
apunte,note
tocara,would play
garfio,hook
erótico,erotic
crujiente,crunchy
africanos,Africans
habérselo,to have it
berry,berry
bank,bank
demo,demo
probaste,did you try
matemático,mathematical
borgia,Borgia
lávate,wash
señala,points out
fénix,phoenix
calmarme,calm down
luzco,I look
hipnosis,hypnosis
ramos,bouquets
jacobs,Jacobs
destrozando,destroying
inspiró,inspired
valiosos,valuable
esconderlo,hide it
tardarán,will take
hades,Hades
horroroso,horrifying
retiren,withdraw
comprará,will buy
subid,climb
gun,gun
chat,chat
poneos,put on
chiquito,little one
coronación,coronation
cogerla,take it
deshizo,undid
discretamente,discreetly
rugby,rugby
banqueros,bankers
sutura,suture
picada,chopped
limpiador,cleaner
emmy,Emmy
enviaría,would send
varita,wand
quitará,will remove
ojeada,look
dispárame,shoot me
hello,hello
llévanos,take us
capacidades,capabilities
homo,homo
incendió,fire
predecible,predictable
completas,complete
dinah,Dinah
entregamos,we deliver
entenderé,I will understand
kimberly,Kimberly
marlowe,Marlowe
geografía,geography
arreglarme,get ready
convocado,summoned
marks,marks
organizada,organized
chu,chu
suzie,Suzie
hervir,boil
recibía,received
franca,frank
huérfana,orphan
coulson,Coulson
pronuncia,pronounces
steph,Steph
despídete,say goodbye
bowie,bowie
sabeis,you know
descortés,blunt
religiones,religions
decidirlo,decide it
cantera,quarry
secciones,sections
oxidado,rusty
filmes,films
solteras,single women
compatriotas,compatriots
cometieron,committed
inspirador,inspiring
charleston,Charleston
pascal,pascal
pantera,panther
lili,lili
instancia,instance
avisé,I warned
vengarte,avenge
olerlo,smell it
dominado,dominated
involucrarme,get involved
ataduras,ties
hopper,hopper
colmena,hive
codos,elbows
iniciación,initiation
hostias,holy shit
penales,criminal
servirte,to serve you
recuperaré,I will recover
admirar,admire
augusto,august
hogan,Hogan
fósforos,matches
saludables,healthy
mediterráneo,Mediterranean
mayday,may Day
tendre,I will have
sombrío,gloomy
acordarme,remember
bancarias,banking
herpes,herpes
setas,mushrooms
preparaos,get ready
intentémoslo,Let's try it
moho,mold
josef,Josef
vd,you
perdoname,forgive me
ko,ko
camuflaje,camouflage
numerosos,numerous
expresa,expresses
amorcito,sweetheart
aprendo,I learn
entrepierna,crotch
halagado,flattered
skye,skye
ración,ration
llenan,fill
rolling,rolling
untranslated,untranslated
manipulado,manipulated
auriculares,headphones
asaltar,assault
filtración,filtration
land,land
desapareciendo,disappearing
urbana,urban
avaricia,avarice
llamare,I will call
whitey,whitey
cafetera,coffee maker
cabezota,stubborn
mariana,Mariana
venderle,sell to
steed,steed
mátala,kill her
myers,Myers
provisional,provisional
aislada,isolated
aterrizado,landed
incapaces,incapable
durmiente,sleeping
eficiencia,efficiency
comadreja,weasel
elevar,raise
asno,ass
pupilas,pupils
ridge,ridge
podes,you can
avion,plane
josephine,Josephine
meterla,put it in
lexi,lexi
constructor,builder
guarden,save
them,them
despidan,fire
mussolini,Mussolini
crónica,chronicle
balanza,balance
ofrecerles,offer them
calzado,footwear
vestimenta,outfit
trasladar,move
mitzvah,mitzvah
despliegue,deployment
ballard,Ballard
identificaciones,identifications
sonrían,smile
apuntado,pointed
destacamento,detachment
situacion,situation
natalia,Natalia
despertando,waking up
fracción,fraction
cono,Pussy
pitt,Pitt
involucrar,involve
vendida,sold
itinerario,itinerary
regresarán,they will return
muéstranos,show us
inventa,invents
hydra,hydra
empujen,push
sentenciado,sentenced
call,call
casadas,married
registra,registers
modesta,modest
kathryn,Kathryn
ofreces,you offer
terremotos,earthquakes
aproveche,take advantage
retirarte,withdraw
puramente,purely
belén,nativity scene
apasionada,passionate
wilfred,Wilfred
discriminación,discrimination
parcialmente,partially
asiática,Asian
bombilla,lightbulb
méjico,Mexico
western,western
sacaría,I would take out
murdock,Murdock
rendirte,give up
escaparme,escape
educar,educate
patrocinador,sponsor
ouch,ouch
graduó,graduated
inténtelo,Try it
fijas,fixed
dictador,dictator
oiste,you heard
sandalias,sandals
viruela,smallpox
desviar,divert
c.j.,c.j.
pequeñita,tiny
basados,based
largarnos,leave
designado,designated
agricultores,farmers
arrepientes,repent
minerales,minerals
mudaron,they moved
ke,ke
bazo,spleen
ensueño,dream
opinan,their opinion
miniatura,miniature
enfermizo,sickly
tormento,torment
actuamos,we act
sobreviva,survive
desempeño,performance
deportivos,sports
tirarte,throw yourself
enseñanzas,teachings
desarrolla,develops
bryant,Bryant
controlarme,control myself
granger,granger
creados,created
slade,slade
bollo,bun
especulación,speculation
cuidador,carer
resuelva,resolve
estribos,stirrups
opuestos,opposites
wolfe,wolfe
revisarlo,check it
heavy,heavy
empaca,pack
particulares,private individuals
rip,RIP
ósea,I mean
ka,ka
mitología,mythology
hmmm,hmmm
dones,gifts
conteo,count
sustituir,replace
escalada,escalation
enterará,will find out
galones,gallons
galletitas,cookies
dijese,said
temporales,temporary
ases,aces
apéndice,appendix
j.t.,j.t.
divierten,have fun
comprometer,engage
insomnio,insomnia
cianuro,cyanide
ansias,longings
juras,swear
enterrarlo,bury it
serle,to be
preguntará,will ask
dejeme,leave me
norteamericana,North American
montó,amount
boulevard,boulevard
taj,taj
averigüé,I found out
batir,break
bese,kiss
conductos,ducts
femeninas,female
trivial,trivial
duendes,goblins
calmada,calm
esplendor,splendor
idénticos,identical
programar,program
recordamos,we remember
ikerslot,ikerslot
háblale,talk to him
superó,surpassed
tapas,lids
cogerte,to grab you
dance,dance
venado,deer
guido,Guido
aeryn,aeryn
productora,production company
explotación,exploitation
resolverá,will resolve
golpearé,I will hit
cacahuetes,peanuts
fiera,wild beast
algoritmo,algorithm
disculpad,excuse me
tripp,tripp
masticar,chew
preocupó,worried
llevaras,you will wear
échate,lie down
arruinará,will ruin
despertador,alarm clock
jovencitas,young girls
atenta,attentive
cubra,cover
montada,mounted
ahoga,drowns
prendas,garments
autores,authors
abandonen,abandon
elisa,Elisa
escrúpulos,scruples
tuberculosis,tuberculosis
traerán,they will bring
enloquecido,driven mad
convulsiones,seizures
rusas,Russians
ocultó,hidden
preparas,you prepare
arréglalo,fix it
riker,Riker
accedido,accessed
uci,ICU
determinada,determined
interponga,interpose
inmortales,immortals
heart,heart
escapatoria,escape
muchachito,little boy
dyson,Dyson
fabricación,manufacturing
sepárense,separate
actúes,act
tocaron,they played
proporciona,provides
aros,hoops
soul,soul
inspeccionar,inspect
parió,gave birth
destinos,destinations
delató,betrayed
numerosas,numerous
congo,Congo
persiguió,pursued
sueñas,you dream
trabajemos,Let's work
rosen,rosen
comenzaba,it was beginning
misteriosas,mysterious
precedente,preceding
moriste,You died
pararte,stop
alimentado,fed
cogimos,we took
guiso,stew
daly,daly
llévatela,Take it
controle,control
arrepentir,repent
fastidiado,annoyed
viudas,widows
presenten,present
embrujada,haunted
unes,ones
convertirás,you will become
eugenio,Eugenio
iluminado,illuminated
apruebo,I approve
existían,there existed
ayudarías,would you help
chuletas,chops
discutas,discuss
harté,I got fed up
arenas,sands
gel,gel
latir,beat
yen,yen
perseguía,pursued
enloquece,goes crazy
israelíes,Israelis
ofrecerme,offer me
mejorará,will improve
last,last
inmersión,immersion
buscados,wanted
giuseppe,Giuseppe
jabalí,wild boar
nashville,Nashville
comerás,you will eat
enfade,anger
kel,kel
diciéndote,telling you
ahorita,right now
dormirás,you will sleep
cristianismo,Christianity
utilizamos,we use
relajada,relaxed
ocupan,occupy
destello,flash
cuidó,took care
evangelio,gospel
much,much
regresaría,would return
janie,Janie
refuerzo,booster
banquillo,dock
dirk,Dirk
rito,rite
malta,Malta
swing,swing
nicolas,Nicolas
lóbulo,lobe
mulas,mules
two,two
royce,Royce
picos,peaks
descender,descend
perforación,drilling
instantánea,snapshot
aj,aj
jethro,Jethro
crecerá,will grow
pasábamos,we were passing
casemos,Let's get married
guarnición,garrison
válida,valid
tapar,cover
chances,chances
descaro,nerve
trixie,Trixie
convenciste,you convinced
doméstico,domestic
devlin,devlin
gurú,guru
apoyando,supporting
hubert,Hubert
reunieron,they met
andrei,Andrei
entidad,entity
seras,you will be
marionetas,puppets
aislados,isolated
valdría,would be worth
retorcida,twisted
analgésicos,analgesics
fracasó,failure
hectáreas,hectares
capó,hood
jeringa,syringe
fabio,Fabio
servilletas,napkins
pediremos,we will ask
responderá,will respond
parking,parking
cártel,sign
androide,android
serviré,I will serve
despedí,I said goodbye
merche,Merche
borrachera,drunkenness
aspirar,aspire
razonamiento,reasoning
lamentas,regrets
necio,foolish
apelar,appeal
memorable,memorable
seal,signal
veranos,summers
muéstreme,show me
urna,urn
lisboa,Lisbon
andie,Andie
ami,me
coquetear,flirt
della,of the
habitualmente,usually
extraordinarias,extraordinary
tírala,throw it away
novena,novena
profetas,prophets
represalias,retaliation
obligan,force
ocuparnos,take care of
tamara,Tamara
súbditos,subjects
fijé,I fixed
vere,I will see
odiarme,hate me
estaras,you will be
hippies,hippies
disparate,folly
plató,dish
huck,Huck
aneurisma,aneurysm
jubilado,retired
alégrate,rejoice
resultan,result
buscarnos,look for us
kimmy,Kimmy
clientela,clientele
chaplin,Chaplin
thorne,Thorne
alquiló,rented
dijeran,they said
persianas,blinds
viable,viable
rogando,begging
obtuvimos,we obtained
quimio,chemo
angelito,little angel
compruébalo,Check it out
què,that
meñique,little finger
angelina,Angelina
memo,memo
pegarte,stick to you
qué-,that-
dúo,duo
echaría,would throw
modernas,modern
preguntaría,I would ask
regiones,regions
buenísima,excellent
cerezas,cherries
corporativo,corporate
cómprate,buy yourself
barker,Barker
saddam,Saddam
braun,Braun
retiene,retains
llorón,weeping
distracciones,distractions
sobreviven,survive
newport,Newport
manejaba,was driving
misericordioso,merciful
chiflados,crazy
fuere,it was
llueva,rain
impresionó,impressed
compara,compare
golpéame,hit me
caldwell,Caldwell
fa,fa
solito,all by myself
emails,emails
proteína,protein
sellar,seal
rayna,Rayna
vicente,Vicente
tori,Tori
contundente,overwhelming
vivías,you lived
davies,davies
mostrarnos,show us
averigüemos,Let's find out
tree,tree
tratada,treated
closet,closet
podrian,could
formen,form
compraba,bought
sobrevivimos,We survived
creyentes,believers
pedírselo,ask him/her
cerraré,I will close
vivientes,living
jalea,jelly
intoxicación,poisoning
jaulas,cages
berta,Bertha
dominique,Dominique
bellezas,beauties
abad,abbot
conlleva,entails
louisiana,Louisiana
elenco,cast
horriblemente,horribly
canoa,canoe
dragon,dragon
esperaste,you waited
deshonra,dishonor
marnie,Marnie
solicitando,requesting
mensual,monthly
subirse,get on
levantan,they lift
ambulante,walking
positivos,positive
hinchado,swollen
prematuro,premature
ocupamos,we occupy
románticas,romantic
condenas,convictions
olvidaremos,we will forget
vuelen,fly
moro,Moor
lucia,Lucia
cuidad,city
contusión,contusion
pol,pol
echarán,they will throw
camareros,waiters
August,August
sermones,sermons
acercado,approached
fontanero,plumber
lem,lem
tostado,toasted
antorchas,torches
gambas,prawns
testimonios,testimonies
jerez,sherry
auschwitz,Auschwitz
molecular,molecular
estática,static
lucrecia,Lucrecia
desmayo,fainting
hungría,Hungary
oliendo,smelling
renovar,renew
fugaz,fleeting
lonnie,Lonnie
acostaba,lay
powers,powers
actué,I acted
fatiga,fatigue
dax,dax
detendremos,we will stop
hansen,Hansen
acusarme,accuse me
mattie,Mattie
hamburgo,Hamburg
quejando,complaining
destruyen,destroy
fantásticas,fantastic
carguero,cargo ship
citado,aforementioned
explotará,will explode
perdi,I lost
salvados,saved
tratarlo,treat it
sucursal,branch
callo,callus
impulsivo,impulsive
imponer,impose
explicará,will explain
cerrojo,bolt
inclina,tilts
componente,component
compartimento,compartment
inventor,inventor
filipinas,Philippines
sodio,sodium
adquisición,acquisition
dibujando,drawing
guiones,scripts
razonables,reasonable
lamer,lick
sagradas,sacred
perteneció,belonged
quebrar,break
sacude,shakes
tiranía,tyranny
relacion,relationship
platillo,saucer
gale,gale
cubren,cover
cenicero,ashtray
annette,Annette
complacido,pleased
hostilidad,hostility
ignorado,ignored
would,would
contracciones,contractions
comunicarnos,communicate
exito,success
relevo,relief
hut,hut
comics,comics
muchísima,a lot
desertor,deserter
coloque,place
trepar,climb
empresarios,businessmen
summers,summers
enfadó,anger
sólo-,only-
prodigio,prodigy
exótico,exotic
tendió,he stretched
harmon,harmon
confirman,confirm
feng,feng
bigotes,whiskers
gigantesco,gigantic
arbol,tree
diminuto,tiny
wa,wa
rivers,rivers
amiguita,girlfriend
acostumbra,usually
diviertan,have fun
enterraron,they buried
puertos,ports
give,give
winters,winters
preciosidad,preciousness
queme,burn
cecil,Cecil
torturar,torture
habana,Havana
logo,logo
alí,Ali
excéntrico,eccentric
reclama,claims
circulo,circle
pantallas,screens
salíamos,we went out
pc,PC
volará,will fly
títere,puppet
nebraska,Nebraska
explotado,exploited
despedidos,fired
nativo,native
ultimos,last
cerda,sow
prescott,Prescott
descuido,neglect
did,did
optimismo,optimism
cure,cure
psicótico,psychotic
yoko,Yoko
rector,rector
preferimos,we prefer
practicado,practiced
malaria,malaria
salvas,salvos
combatientes,combatants
maneje,drive
cuidan,take care
reunirá,will meet
ovnis,UFOs
bombones,chocolates
comprobaré,I will check
adhesiva,adhesive
estables,stable
lucharé,I will fight
finlandia,Finland
tomare,I will take
ciudadana,citizen
aceitunas,olives
enteramente,entirely
cubriré,I will cover
desordenado,messy
bacteria,bacterium
dona,dona
fastidiar,annoy
tejas,roof tiles
debut,debut
saga,saga
asaltos,assaults
head,head
decíamos,we were saying
voladores,flying
cortadas,cuts
superestrella,superstar
rohan,Rohan
collier,collar
vigilen,keep watch
odioso,hateful
apagada,turned off
abriremos,we will open
alimenticia,food
holograma,hologram
elite,elite
main,main
edades,ages
gorilas,gorillas
shepard,shepherd
llévese,take it
llamame,call me
distinción,distinction
cumpliré,I will fulfill
alimentando,feeding
espiritu,spirit
rastreado,tracked
pasiones,passions
audiencias,audiences
heredado,inherited
plomero,plumber
biografía,biography
usadas,used
loción,lotion
callarse,shut up
lux,lux
notario,notary
odié,I hated
agradecerme,thank me
afectan,affect
caminó,path
llévale,Take him
medusa,jellyfish
had,had
devolví,I returned
fay,fay
agradan,please
recrear,recreate
juntamos,we join
falte,missing
encargas,orders
escondo,I hide
apartaos,step aside
roth,Roth
canallas,scoundrels
paleta,pallette
gueto,ghetto
intentabas,you were trying
jugábamos,we played
observaciones,observations
característica,feature
pedacitos,little pieces
utilizarlo,use it
hampshire,Hampshire
telas,fabrics
sindicatos,unions
barrer,sweep
mouse,mouse
alegras,you are happy
mmmm,mmm
alfabeto,alphabet
traumatismo,trauma
culpando,blaming
perderán,they will lose
pepino,cucumber
procesado,processed
mentón,chin
conjetura,guess
candace,Candace
atraparme,catch me
shaun,Shaun
tomarle,take it
disfrutes,Enjoy
superstición,superstition
vigilan,they watch
enzo,Enzo
inversa,reverse
atraída,attracted
viral,viral
vendería,would sell
sahib,sahib
propietaria,owner
leucemia,leukemia
puñetazos,punching
concluir,conclude
unimos,we unite
actúo,I act
alucinación,hallucination
mencione,mention
traductor,translator
borroso,blurred
sonará,will sound
pertenecemos,we belong
ducharme,take a shower
extremidades,limbs
denunciado,denounced
platino,platinum
desciende,descends
huiste,you fled
mendoza,Mendoza
anya,Anya
descrito,described
vomitó,vomit
recomienda,recommends
difunta,deceased
mírenme,Look at me
inmaduro,immature
reuní,I gathered
buscaron,they searched
rollins,Rollins
only,only
stig,stig
waters,waters
litera,bunk
karev,Karev
pateando,kicking
escapamos,we escaped
editora,editor
necesité,I needed
contemplar,contemplate
propuestas,proposals
isis,Isis
robaba,he stole
fotógrafos,photographers
lucharemos,we will fight
amargado,embittered
jerga,jargon
seleccionado,selected
rindió,surrendered
lei,read
dash,dash
afectados,affected
strange,strange
full,full
averiguamos,we found out
marcando,marking
detengo,I stop
rígido,rigid
cactus,cactus
mostramos,we show
mercer,mercer
agatha,Agatha
huí,I fled
odies,hate
imaginarse,imagine
yong,young
disculpar,excuse
sencillas,simple
habian,there were
despedirnos,say goodbye
céntimos,cents
distraída,distracted
revisó,reviewed
jardinería,gardening
cremallera,zipper
reportado,reported
portón,gate
empujes,pushes
ye,ye
xiao,xiao
ringo,ringo
aquiles,Achilles
provienen,come from
viajaba,traveled
callejera,street
esposado,handcuffed
morning,morning
amenazada,threatened
bernadette,Bernadette
colón,colon
dobbs,dobbs
informático,computer
simio,ape
aduanas,customs
escapo,I escape
exhausta,exhausted
congelando,freezing
historietas,comics
veinticuatro,twenty-four
inclinación,inclination
rastrearlo,track it
parvati,parvati
renuncie,resign
parecia,it seemed
utilizada,used
reconozca,recognize
pastelito,cupcake
impedirlo,prevent it
capellán,chaplain
capítulos,chapters
walden,walden
sobornar,bribe
enfrentarlo,face it
3d,3D
limpié,I cleaned
crosby,Crosby
canadienses,Canadians
bananas,bananas
bautismo,baptism
gradualmente,gradually
produciendo,producing
mantenme,keep me
magnifico,magnificent
preparaba,was preparing
expulsados,expelled
consideraría,would consider
surgir,emerge
bubba,Bubba
arrastre,drag
chequear,check
admira,admire
gustabas,you liked
multimillonario,multimillionaire
proveedores,suppliers
reemplazado,replaced
budapest,Budapest
lt,lt
paneles,panels
forbes,Forbes
enseñaba,taught
barrow,Barrow
exactitud,accuracy
duane,Duane
apoyarte,to support you
dougie,dougie
elias,Elias
ruda,rue
juzgues,judge
francesco,Francesco
degenerado,degenerate
antemano,beforehand
metanfetamina,methamphetamine
plantó,planted
notará,will notice
salomón,Solomon
concursantes,contestants
conviertas,convert
aspirinas,aspirin
titus,Titus
lavarse,wash
viéndote,seeing you
tracción,traction
lanzaron,launched
ducky,ducky
sácate,take it out
watts,watts
interpreta,interprets
gianni,Gianni
sensata,sensible
trinidad,trinity
live,live
adquirido,acquired
cosechas,harvests
maxine,maxine
conjuro,incantation
tonos,tones
beatriz,Beatriz
masajista,masseuse
azufre,sulfur
fanática,fanatic
cuidara,would take care
unni,unni
senadores,senators
abraza,hugs
jeremiah,Jeremiah
catering,catering
cobardía,cowardice
boss,boss
australiano,Australian
capitulo,chapter
tendria,would have
congelar,freeze
manana,tomorrow
citar,cite
paremos,Let's stop
nombró,named
nodriza,nurse
grissom,grissom
arriesgaré,I will risk
costaba,it cost
retomar,resume
burles,mocking
mirabas,you were looking
arreglarse,get ready
sugerí,I suggested
pensaremos,we will think
seriedad,seriousness
alo,Hello
cortarlo,cut it
sex,sex
sudeste,southeast
swan,swan
indecente,indecent
prueban,test
kip,kip
quedaros,stay
oasis,oasis
resucitar,resurrect
liberales,liberals
dino,dinosaur
apoye,support
chorradas,nonsense
simios,apes
cuarteles,quarters
farrell,Farrell
marlon,Marlon
pedófilo,pedophile
colegios,schools
capturaron,captured
desperdiciando,wasting
espinal,spinal
adaptación,adaptation
expiatorio,expiatory
mein,mein
apoyarme,support me
tin,tin
venenoso,poisonous
cromwell,Cromwell
ahogo,drowning
gritarme,yell at me
convencidos,convinced
contaminado,contaminated
dimisión,resignation
confidente,confident
semejantes,similar
explicando,explaining
shi,shi
michaels,Michaels
cosmo,cosmo
haceros,make yourselves
resultaron,they turned out
permitirte,allow you
monique,Monique
barbaridad,barbarity
permitan,allow
comandos,commands
contusiones,bruises
candice,Candice
planet,planet
ríete,laugh
consiguiera,I would get
yuki,Yuki
cirugías,surgeries
oirá,will hear
manifestantes,protesters
lenin,Lenin
incapacidad,inability
cresta,crest
palace,palace
niki,niki
engaños,wiles
resolvió,resolved
psiquiátrica,psychiatric
homosexualidad,homosexuality
cabaret,cabaret
johann,Johann
retírate,withdraw
plátanos,bananas
vagones,train cars
cumplimiento,compliance
basicamente,basically
ata,ata
silva,Silva
wilkes,Wilkes
resentimientos,resentments
going,going
pantanos,swamps
asteroides,asteroids
rompería,would break
comprenderá,will understand
preferencia,preference
yogurt,yogurt
desconectar,disconnect
indispensable,indispensable
n.,n.
intravenosa,intravenous
colocada,placed
llamarnos,call us
matemos,Let's kill
juraría,I would swear
deténganlo,Stop him
exagerar,exaggerate
incrustar,embed
ignoro,I don't know
ascensores,elevators
sublime,sublime
starbuck,Starbucks
anarquía,anarchy
ridículos,ridiculous
sacara,would take out
proveer,provide
nombra,name
amir,amir
recibirme,receive me
mort,death
salirte,leave
prescindir,dispense with
abandonan,abandon
enviarla,send it
radha,Radha
temible,fearsome
enteraron,they found out
horn,horn
preguntábamos,we were asking
insegura,insecure
were,were
solemne,solemn
supuesta,alleged
africana,African
abed,abed
admiradora,admirer
queres,you want
trabajarás,you will work
adolescencia,adolescence
mercancías,goods
fragancia,fragrance
llamándome,calling me
supervisar,supervise
cruzadas,crusades
columbo,Colombo
extranjeras,foreigners
negarse,decline
descubres,you discover
wild,wild
bear,bear
quítatelo,Take it off
gunnar,Gunnar
mitos,myths
histeria,hysteria
engañarte,deceive you
encontradas,found
monitores,monitors
fotografiar,photograph
adorar,worship
jang-geum,jang-geum
parezcan,look
noé,Noah
desconocidas,unknown
subestimes,underestimate
recuperé,I recovered
considerados,considered
subirme,get on
aprovechó,took advantage
guías,guides
equipado,equipped
reímos,we laughed
cubrió,covered
ne,ne
invitan,invite
xix,19
tórax,chest
pelvis,pelvis
mã,mã
estilos,styles
detuviste,you stopped
guitarrista,guitarist
astucia,cunning
usuarios,users
reproductor,reproductive
lomo,back
could,could
sobres,envelopes
orillas,shores
separó,separated
digame,tell me
vitamina,vitamin
invitaré,I will invite
limite,limit
restringida,restricted
tuvok,tuvok
abandonas,you abandon
llevarías,you would wear
huyen,flee
intersección,intersection
ajay,ajay
visten,they wear
russo,Russian
líquidos,liquids
complica,complica
atractivos,attractive
prime,prime
diesel,diesel
empatía,empathy
firmaste,you signed
disfrutan,enjoy
unieron,joined
contacta,contact
ju,ju
dejarlas,leave them
proporción,proportion
buchanan,Buchanan
animo,cheer up
vínculos,links
mortimer,Mortimer
delirio,delirium
económicos,economic
escaparte,escape
indiferencia,indifference
cambiaremos,we will change
besarla,kiss her
cancer,cancer
opongo,I oppose
transacciones,transactions
probarla,try it
callahan,Callahan
cámbiate,switch
amorío,love affair
sweeney,Sweeney
chinas,Chinese
buscándola,looking for her
mirándote,looking at you
borró,erased
palestinos,Palestinians
búscalo,look for it
muestres,samples
recien,newly
sorprenda,surprise
vibración,vibration
renovación,renewal
dharma,dharma
idaho,Idaho
pisadas,footprints
cancelada,cancelled
wars,wars
salvaré,I will save
jóven,young
levántalo,pick it up
premeditado,premeditated
intrigante,intriguing
promover,promote
construyen,build
faye,Faye
satisface,satisfies
suicidios,suicides
civilizada,civilized
whitman,Whitman
preocúpate,worry
aterrado,terrified
corinne,Corinne
darling,darling
inflamación,inflammation
creeré,I will believe
aislar,isolate
sudadera,hoodie
sueñes,dream
atropello,hit-and-run
hip-hop,hip-hop
asegurarle,assure him
levantaste,you got up
sádico,sadistic
mudas,changes
cachorrito,puppy
ponerlas,put them
salven,save
acelerado,accelerated
pera,pear
lineas,lines
enteren,find out
juntan,they come together
nocturnas,night shifts
andá,go
componer,compose
pinza,clamp
curó,cured
jodidas,fucked up
localizador,locator
penélope,Penelope
enterramos,we buried
buscábamos,we were looking
enterara,found out
field,field
tardé,late
vigor,vigor
ganemos,Let's win
saluden,greetings
bunker,bunker
déjennos,leave us
museos,museums
cuotas,fees
bañarse,take a bath
tirarse,throw
palco,box
colon,colon
axel,Axel
lao,lao
andamos,we walk
benito,Benedict
comportan,behave
alianzas,alliances
fumaba,smoked
bailaba,danced
larson,Larson
enciendan,turn on
walters,Walters
bandos,factions
oregon,Oregon
envenenó,poisoned
fischer,Fischer
disminuye,decreases
cutter,cutter
maniquí,manikin
distraer,distract
alfie,Alfie
play,play
dron,drone
significativa,significant
nenas,girls
arrodíllate,kneel down
invitando,inviting
revisaste,did you check
dentadura,teeth
darnell,Darnell
acudió,attended
metería,would put
diva,diva
centrales,centrals
arreglada,fixed
sobreviví,I survived
aerolínea,airline
violentas,violent
parks,parks
hearst,heartst
competitivo,competitive
vacunas,vaccines
modestia,modesty
abbey,abbey
resbaló,slipped
burrito,burrito
descubriremos,we will discover
barranco,ravine
despide,dismisses
bullock,Bullock
athena,Athena
sucesión,succession
vagar,wander
incluidos,included
siobhan,Siobhan
requisitos,requirements
terminaba,it was ending
uh-oh,uh-oh
avisarte,to warn you
desviado,deflected
hackear,hack
exigir,demand
reclutar,recruit
trip,trip
criando,raising
clasificada,classified
pandora,Pandora
calamar,squid
dorian,Dorian
supiéramos,we knew
expandir,expand
nellie,Nellie
tocador,dresser
levantamos,we lifted
fields,fields
hepatitis,hepatitis
excavar,dig
pagara,would pay
guapísima,gorgeous
monstruoso,monstrous
magnum,magnum
salvada,saved
párroco,parish priest
guinea,Guinea
mexico,Mexico
nudillos,knuckles
parámetros,parameters
vigilada,monitored
destruirla,destroy it
úsalo,use it
llámenme,Call me
acechando,lurking
perdónenme,forgive me
hallazgo,find
impidió,prevented
concuerdan,agree
átomo,atom
cráter,crater
otan,NATO
minoría,minority
hollow,hollow
anomalías,anomalies
recojan,collect
calificación,qualification
opresión,oppression
great,great
reptiles,reptiles
declan,declan
mudando,moving
sorprendentes,surprising
merlin,marline
cambiarla,change it
ambrose,Ambrose
centenar,hundred
confiese,confess
machete,machete
muestren,show
bisabuelo,great-grandfather
obtenemos,we obtain
mutación,mutation
defendió,defended
cositas,little things
arrestamos,we arrested
vijay,Vijay
convierto,I convert
investigue,investigate
creaste,you created
bobadas,nonsense
pastelitos,cupcakes
buques,ships
desmayé,I fainted
easy,easy
envenenar,poison
blood,blood
lennon,Lennon
incógnito,incognito
codicioso,greedy
bizcocho,cake
abundante,abundant
cotton,cotton
imitador,imitator
warwick,Warwick
contacte,contact
reído,laughed
méritos,merits
dudley,Dudley
suroeste,southwest
abandonaré,I will abandon
poppy,poppy
bateador,batter
regalé,I gave away
blancanieves,Snow White
interpretado,interpreted
evolucionado,evolved
tuck,tuck
yun,yun
densidad,density
dormías,were you sleeping
defensores,defenders
explicarles,explain to them
millonarios,millionaires
atorado,stuck
sylvester,Sylvester
calcio,calcium
dadle,give it
osea,I mean
subirá,will rise
comerán,They will eat
meteoritos,meteorites
cerámica,ceramics
johnnie,Johnnie
disgusta,dislikes
venderá,will sell
panadero,baker
vote,vote
obtendrás,you will get
larsen,Larsen
pegados,glued
egoísmo,selfishness
pagada,paid
búscame,look for me
gastamos,we spend
manolo,Manolo
alfiler,pin
billón,billion
benéfica,charity
dibujó,drawing
injustamente,unfairly
wellington,Wellington
acepten,accept
auggie,Auggie
reparado,repaired
olores,smells
torbellino,whirlwind
clavar,nail
fugado,escaped
crianza,breeding
instantáneamente,instantly
exageres,You exaggerate.
sensaciones,sensations
manson,Manson
minero,miner
penn,penn
cometemos,we commit
procesos,processes
caracol,snail
mandamientos,commandments
furiosos,furious
dominó,domino
bach,bach
basándome,based on
cazado,hunted
atacaremos,we will attack
silvestre,wild
camping,camping
montes,mountains
llegaban,they arrived
mail,mail
brigadier,brigadier
malgastar,waste
hwa,hwa
conor,conor
rivera,rivera
dirigiéndose,heading
pendejos,idiots
secadora,dryer
etc,etc
detenidamente,carefully
descartado,discarded
yyo,me too
magnate,tycoon
sanatorio,sanatorium
lobby,lobby
rigor,rigor
subía,was going up
reja,grid
decepcionar,disappoint
recordarles,remind them
court,court
chung,chung
explorando,exploring
camionero,truck driver
multitudes,crowds
pegaron,they hit
sabueso,hound
objeciones,objections
estimada,dear
involucrarse,get involved
encadenado,chained
temporadas,seasons
judd,Judd
sere,I will be
ragnar,Ragnar
cabreada,angry
vivirán,they will live
apoyamos,We support
venderme,sell me
verbal,verbal
sylvie,Sylvie
combina,combines
titán,titan
segundas,second
temblor,shaking
hebreo,Hebrew
frigorífico,refrigerator
pollas,cocks
enviara,will send
first,first
esperarte,waiting for you
casanova,Casanova
alquila,rent
landry,Landry
a.j.,a.j.
valija,suitcase
regalito,little gift
benedict,Benedict
liberarme,free myself
dependiente,dependent
esperarme,wait for me
preparándose,preparing
psicópatas,psychopaths
correccional,correctional
olvidarnos,forget
avergüenzas,You're embarrassing
tripa,gut
tex,tex
sometido,subjected
costando,costing
superioridad,superiority
pregúntaselo,ask him
huecos,gaps
atascados,stuck
gustando,liking
cumplas,fulfill
vencedor,victor
cnn,CNN
diariamente,daily
pagados,paid
recordaría,I would remember
foley,foley
toto,toto
entrometerme,meddle
hoyt,hoyt
intolerable,intolerable
láctea,dairy
elevada,high
hipotéticamente,hypothetically
cuidate,take care of yourself
mision,mission
mecha,wick
novata,novice
sexys,sexy
habíais,you had
acostada,lying down
zachary,Zachary
rincones,corners
castiga,punish
divorciarse,divorce
cretinos,cretins
guantera,glove compartment
cumplirá,will fulfill
regresaba,was returning
water,toilet
encontraríamos,we would find
trabajara,would work
robarte,steal from you
shield,shield
interrumpa,interrupt
observo,noticed
evasión,evasion
tropecé,I tripped
bambi,Bambi
epa,epa
cruzaron,crossed
00ffff,00ffff
thatcher,Thatcher
aguantarlo,endure it
contesté,I answered
desgracias,misfortunes
garrison,garrison
prendió,turned on
belga,Belgian
kg.,kg.
mendigos,beggars
campamentos,camps
enviaba,sent
holocausto,holocaust
sinfonía,symphony
patrocinadores,sponsors
decorar,decorate
serenidad,serenity
ancha,wide
convictos,convicts
nitrógeno,nitrogen
provocación,provocation
decepcionarte,to disappoint you
má,má
conceptos,concepts
vicepresidenta,vice president
gradué,I graduated
déjenla,leave her alone
dictadura,dictatorship
parta,part
bat,bat
tofu,tofu
propulsión,propulsion
puñalada,stab
estadía,stay
hung,hung
federico,Federico
pacific,Pacific
chaquetas,jackets
importarle,matter to
osaka,Osaka
darla,give it
hs,hs
afirman,they claim
limpien,clean
conjunta,joint
vidrios,glasses
inclino,I lean
sans,sans
subtitulos,subtitles
atraparán,they will catch
toxinas,toxins
detallado,detailed
desperdiciado,wasted
defenderte,defend yourself
wyoming,Wyoming
reflexión,reflection
denos,denos
ridiculo,ridiculous
roscoe,roscoe
mecánicos,mechanics
detendrán,will arrest
bonjour,bonjour
bengala,Bengal
pinocho,Pinocchio
ganara,will win
ganen,win
mercenario,mercenary
orange,orange
drogadicta,drug addict
disculpadme,excuse me
imaginan,imagine
greer,greer
vicios,vices
decidle,tell him
volverlo,turn it back
gnomo,gnome
esferas,spheres
emile,Emile
enamorando,falling in love
repitiendo,repeating
necesitarías,you would need
bee,bee
oliva,olive
voten,vote
enfrentarnos,face
relájense,relax
conner,Conner
simular,simulate
oíd,hear
conocerse,meet
haskell,haskell
almejas,clams
garza,heron
atrasada,delayed
retratos,portraits
alcaldesa,mayoress
favorable,favorable
melody,melody
cooperativa,cooperative
elaborado,elaborated
salt,salt
referente,concerning
editores,editors
importarme,matter to me
primas,premiums
freya,freya
valoro,I value
olsen,olsen
denuncias,complaints
flotar,float
colesterol,cholesterol
tócame,touch me
decid,decide
pajar,hayloft
apache,Apache
sinatra,Sinatra
nelly,nelly
perjurio,perjury
negué,I denied it
niñeras,nannies
precisos,precise
convencerlos,convince them
imparcial,impartial
pezón,nipple
gubernamental,governmental
alcanzan,reach
corbatas,ties
ewing,ewing
j.r.,j.r.
majo,nice
encantadoras,charming
marius,Marius
draper,draper
alejate,stay away
inolvidable,unforgettable
inhumano,inhuman
impreso,printed
aprovecharse,take advantage
hormigón,concrete
bing,bing
devastador,devastating
mocosa,snotty girl
harding,harding
continental,continental
primitiva,primitive
desempleado,unemployed
hodges,Hodges
balazo,shot
pas,pas
alejando,moving away
sustento,livelihood
queridas,dear
furgón,van
excitada,excited
concentrada,concentrated
deportista,sportsman
exorcismo,exorcism
aterrada,terrified
finas,fine
pestañas,eyelashes
antojo,whim
cagué,I screwed up
registrando,registering
leigh,leigh
seguirla,follow her
arruinas,you ruin
apreciado,appreciated
compás,compass
flaca,skinny
nominado,nominee
mantenla,keep it
disponer,provide
hallaste,you found
estrictas,strict
concejo,council
descarada,shameless
buitre,vulture
eligiendo,choosing
rodante,rolling
tornillos,screws
quereis,do you want
apestosa,stinky
trucha,trout
wing,wing
liebre,hare
espirituales,spiritual
cargó,post
ligado,bound
pretendiendo,pretending
úlcera,sore
mensajeros,messengers
portas,doors
intentaban,they were trying
llevarlas,take them
irritable,irritable
analizado,analyzed
casta,breed
deslumbrante,dazzling
reconsiderar,reconsider
informan,they report
activista,activist
canten,sing
delaney,Delaney
andreas,Andreas
asiáticos,Asians
grandullón,big guy
bol,bowl
purgatorio,purgatory
casting,casting
cochero,coachman
steiner,Steiner
llamábamos,we called
confundió,confused
confíen,trust
serví,I served
mcnally,McNally
sobrecarga,overload
fascinado,fascinated
haréis,you will do
conmovido,moved
buckingham,Buckingham
kristin,Kristin
mesero,waiter
ocupas,squatters
agitar,shake
foca,seal
despedidas,farewells
caemos,we fall
lsd,LSD
volantes,frills
suertudo,lucky
transfusión,transfusion
reeves,Reeves
confirmada,confirmed
heladera,refrigerator
nikolai,Nikolai
enfriar,cool
restauración,restoration
lilith,Lilith
olvídenlo,forget it
atacarán,they will attack
cupido,Cupid
dudado,doubted
ecuador,Ecuador
revueltos,scrambled
trataría,would try
oráculo,oracle
blanda,soft
pillaron,caught
textura,texture
dejáis,you leave
kaos,chaos
casilla,box
aseguré,I assured
préstame,lend me
apretada,tight
casinos,casinos
erudito,scholar
revertir,revert
comprobación,testing
sociedades,societies
fallan,fail
aprendan,learn
extrañaste,Did you miss it?
quejan,they complain
inn,inn
específicos,specific
curarte,heal
superé,I overcame
templos,temples
amargura,bitterness
vlad,Vlad
administrar,manage
shaolin,Shaolin
intelecto,intellect
afirmar,say
enamoraste,you fell in love
tenerlas,to have them
competidor,competitor
nilo,Nile
brusco,rude
torturas,torture
enterré,I buried
tonya,Tonya
arreglen,fix
teóricos,theorists
beneficia,benefits
clínico,clinical
contestaste,you answered
asombra,astonishes
ayúdenos,help us
susurra,whispers
fósiles,fossils
coalición,coalition
existes,you exist
mándame,send me
soñador,dreamer
agarras,you grab
reparte,distributes
impresora,printer
sufrirá,will suffer
hablarán,they will speak
latiendo,throbbing
janey,Janey
sykes,Sykes
caminen,walk
cúal,which
fingió,pretended
viudo,widower
filmado,filmed
sorprendí,I was surprised
incremento,increase
elijan,choose
vulcano,Vulcan
decepciones,disappointments
trafico,traffic
horacio,Horace
obediente,obedient
vertebral,vertebral
adorno,ornament
leido,read
amarla,love her
comportado,behaved
pelirrojo,redhead
levantará,will lift
crecía,growing
duffy,Duffy
obstinado,stubborn
perturbador,disturbing
guion,script
raylan,Raylan
pensiones,pensions
tortas,cakes
sinceras,sincere
travesía,crossing
sorprenderá,will surprise
tirados,thrown
garibaldi,Garibaldi
aeropuertos,airports
deséame,wish me
remonta,comeback
rabioso,rabid
calcuta,Calcutta
comprensiva,comprehensive
malestar,discomfort
involuntario,involuntary
diecinueve,nineteen
ole,ole
goldman,Goldman
cambiarán,will change
arruinaron,ruined
construcciones,constructions
finos,fine
escuchara,listened
juzga,judge
engañes,deceive
magníficos,magnificent
brewster,brewster
revolucionaria,revolutionary
humildes,humble
inmóvil,still
aproximación,approach
seran,will be
usarán,will use
benji,Benji
atracciones,attractions
propuse,I proposed
vasto,vast
saborear,savor
argelia,Algeria
alternativo,alternative
paramédico,paramedical
cowboy,cowboy
jodiste,You screwed up
sujetar,hold
maguire,maguire
hamptons,Hamptons
interacción,interaction
prójimo,neighbor
ofreciste,you offered
interpone,interposes
aldo,aldo
living,living room
scouts,scouts
participó,participated
génesis,genesis
eslabón,link
dina,dyne
budista,buddhist
renuncias,resignations
auditorio,audience
recomendar,recommend
vá,goes
adler,Adler
indefensos,defenseless
intermedio,intermediate
traumático,traumatic
agradecérselo,thank him
fidel,Fidel
marches,marches
permití,I allowed
vuélvete,turn around
deshonesto,dishonest
curro,job
inicialmente,initially
prefecto,prefect
correré,I will run
simms,simms
largarme,leave
ies,ies
indique,indicate
peregrinos,pilgrims
agarrando,grabbing
funcional,functional
apurate,hurry up
continúas,you continue
contratamos,we hired
entreguen,deliver
elvira,Elvira
haberlas,to have them
petersburgo,St. Petersburg
sherwood,Sherwood
rechacé,I rejected
diplomacia,diplomacy
refugios,shelters
sífilis,syphilis
desconcertante,baffling
penoso,painful
travesuras,antics
superhéroes,superheroes
llamad,call
susceptible,susceptible
descuide,don't worry
saltas,jumps
examinando,examining
aposté,I bet
espagueti,spaghetti
cage,cage
underwood,Underwood
pagina,page
sellada,sealed
reforzar,strengthen
scooter,scooter
cutler,cutler
fabricantes,manufacturers
inventaste,you invented
asumió,assumed
grimes,grimes
pergamino,parchment
farmacéutico,pharmacist
naruto,naruto
espectador,viewer
modas,fashions
desafortunada,unfortunate
inmigrante,immigrant
contribuyentes,contributors
errante,wandering
viéndolo,watching it
nerds,nerds
arrestan,arrest
atractivas,attractive
mantendría,would maintain
bocazas,loudmouth
derby,Derby
empezarán,they will begin
retórica,rhetoric
sujétalo,hold it
aprobada,approved
pintalabios,lipstick
vicario,vicar
recibiré,I will receive
tirad,throw
pusieras,you put
oís,you hear
pretenden,they intend
fango,mud
ale,ale
reírme,laugh
cisco,Cisco
cartwright,Cartwright
corporativa,corporate
remos,oars
castillos,castles
mírelo,look at it
generadores,generators
habias,you had
duerman,sleep
trina,trina
mandarle,send him
épico,epic
sonría,smile
agarramos,we grabbed
heces,stool
subiste,you went up
luka,Luka
amarlo,love him
terca,stubborn
aras,altars
contratiempo,setback
clasificación,classification
iceberg,iceberg
sabotear,sabotage
entenderán,they will understand
prohibió,forbade
fat,fat
melocotón,peach
garth,Garth
micah,Micah
altera,alters
póster,poster
box,box
metropolitana,metropolitan
o.k.,OK
aldeas,villages
vincenzo,Vincenzo
estupendos,great
discípulo,disciple
liberarte,free yourself
volé,I flew
posar,pose
genocidio,genocide
diríjanse,go
alain,Alain
mételo,put it in
enamore,I fell in love
jefatura,leadership
stefano,Stefano
hábitat,habitat
selma,selma
sentían,they felt
disminuir,decrease
encubrir,cover
curada,cured
destacado,outstanding
confrontación,confrontation
indefinidamente,indefinitely
agarraste,you grabbed
patriotas,patriots
maternal,maternal
incertidumbre,uncertainty
farmacéutica,pharmaceutical
consola,console
heredó,inherited
guionista,screenwriter
acostumbras,you usually
pararon,they stopped
negarme,deny
ambulancias,ambulances
asombro,astonishment
sven,Sven
gángster,gangster
henrik,Henrik
suavidad,smoothness
confirme,confirm
reencarnación,reincarnation
anotación,annotation
oirme,hear me
princesas,princesses
rogué,I begged
dark,dark
repetidamente,repeatedly
cenaremos,We will have dinner
guiará,will guide
tose,cough
significará,will mean
cripta,crypt
font,font
subdirector,deputy director
retírese,withdraw
permitimos,we allow
bowman,bowman
cósmico,cosmic
arpía,harpy
migas,crumbs
í,Yo
potasio,potassium
aceptara,would accept
gobernante,ruler
genialidad,genius
misteriosos,mysterious
secuestros,kidnappings
anonimato,anonymity
reactores,reactors
pioneros,pioneers
observan,they observe
vagamente,vaguely
recibas,receive
suposiciones,assumptions
jirafa,giraffe
fracasos,failures
celosos,jealous
buscad,search
románticos,romantics
ocultarse,hide
ogro,ogre
bahamas,Bahamas
investigarlo,investigate it
vocales,vowels
seiya,Seiya
discutamos,Let's discuss
caballito,little horse
reúnete,meet
hit,hit
ordenada,ordered
pillan,catch
nichols,Nicholas
job,job
entregaron,they delivered
transmisiones,transmissions
elfo,elf
denton,denton
clones,clones
jojo,jojo
cápsulas,capsules
essex,Essex
envolver,wrap
irreal,unreal
confesiones,confessions
rebote,rebound
pescados,fish
sueno,dream
selina,Selina
aguantas,you endure
palas,Pallas
hitchcock,Hitchcock
defendernos,defend ourselves
constancia,constancy
consideré,I considered
agitación,agitation
racistas,racists
integral,comprehensive
licenciado,graduate
remedios,remedies
opinar,give your opinion
carmela,Carmela
gringo,gringo
baterista,drummer
precisas,precise
speed,speed
confiando,trusting
valido,valid
acompáñeme,come with me
tendra,will have
arkansas,Arkansas
venezuela,Venezuela
pararé,I will stop
ice,ice
demandado,defendant
desapercibido,unnoticed
mintieron,They lied
hazaña,feat
erika,Erika
sorprenderme,surprise me
parcela,parcel
encierro,confinement
reservé,I booked
bombardero,bombardier
idioteces,idiocies
gertrude,Gertrude
mírenlo,Look at it
divertiste,You had fun
perdonó,forgave
paganos,pagans
soportas,you support
grabamos,we recorded
soportado,supported
amenazan,threaten
divierto,I have fun
gaius,Gaius
erm,erm
lastimen,hurt
concluido,completed
dardo,dart
jekyll,Jekyll
controlarte,control yourself
sereno,serene
sandía,watermelon
tramo,stretch
acostamos,we went to bed
invadido,invaded
remar,row
parecerse,resemble
agarrarlo,grab it
sì,Yeah
senda,track
hocico,snout
daleks,Daleks
vader,Vader
explosiva,explosive
capitalista,capitalist
muriel,Muriel
decirtelo,tell you
socialmente,socially
bright,bright
davidson,Davidson
vibra,vibra
puma,puma
entrometido,obtrusive
cerrad,close
divya,divya
salazar,Salazar
abdul,Abdul
burocracia,bureaucracy
demolición,demolition
regente,regent
intentarán,they will try
freír,fry
voilà,voilà
ridículas,ridiculous
puntaje,score
silenciosamente,silently
concepción,conception
cumples,birthdays
sacarán,they will take out
company,company
enfría,cools
ordenando,ordering
garfield,Garfield
tiza,chalk
peleo,I fight
prisas,hurry
church,church
eliminada,deleted
ryu,ryu
digáis,say
then,then
ehm,um
darby,darby
sácanos,get us out
trabajábamos,we worked
wilder,wilder
consideró,considered
temporizador,timer
insinúas,you insinuate
espantapájaros,scarecrow
célebre,celebrated
delirios,delusions
recogerá,will collect
inversor,investor
pawnee,Pawnee
lahey,lahey
feminista,feminist
mafiosos,mobsters
intensivos,intensive
abría,opened
dígitos,digits
die,die
lancé,throw
calculo,calculation
manejan,they handle
swanson,Swanson
articulo,article
remy,Remy
glasgow,Glasgow
bristol,Bristol board
infantes,infants
cochera,garage
absorber,absorb
necesitados,needy
sorprendes,you surprise
birmingham,Birmingham
destruiste,You destroyed
remera,T-shirt
aportar,contribute
saltan,jump
calentador,heater
derrite,melts
votó,vote
decidiré,I will decide
casper,Casper
goodman,Goodman
confia,trust
sarcástico,sarcastic
asgard,Asgard
kan,khan
heath,Heath
alertas,alerts
incontables,countless
lanzan,launch
fúnebre,funeral
earp,earp
pintada,graffiti
mostraremos,we will show
hipocresía,hypocrisy
decadencia,decay
inspectores,inspectors
urbano,urban
agregado,aggregate
viv,live
preocupamos,we care
car,car
robby,Robby
meghan,Meghan
finjas,pretend
jodete,fuck you
suelos,soils
cubrirá,will cover
chevy,Chevy
gratuito,gratuitous
saúl,Saul
alejarnos,distance ourselves
centrarnos,focus
eureka,Eureka!
encontraban,they found
servirán,will serve
grillo,cricket
kaylie,Kaylie
ignorarlo,ignore it
fallaron,failed
conchas,shells
adelantar,pass
despidiendo,saying goodbye
romperle,break it
acecho,stalking
mamíferos,mammals
admiraba,admired
subxpacio,subspace
cárceles,prisons
need,need
apoderarse,seize
ciervos,deer
nasal,nasal
femeninos,feminine
extraoficialmente,unofficially
arrow,arrow
apurarnos,hurry
ocupó,occupied
sandwiches,sandwiches
cuelguen,hang
impermeable,waterproof
axe,axe
malcom,Malcolm
ladra,barks
descontento,discontent
perrera,kennel
doquier,everywhere
polen,pollen
vendedora,saleswoman
alardear,boast
keen,keen
mojar,wet
estudiaste,You studied
piscinas,swimming pools
desesperadas,desperate
buscarán,they will look
custer,Custer
impertinente,impertinent
bret,Bret
amaban,they loved
quemo,I burn
prende,turn on
negaron,They denied it
sufrí,I suffered
videojuego,video game
intimidar,intimidate
usarás,you will use
largamos,we set off
lassie,Lassie
olaf,Olaf
nathaniel,Nathaniel
perfiles,profiles
zelda,Zelda
milan,Milan
sustituta,substitute
kms,kms
mortalidad,mortality
frita,fried
quedarías,you would stay
escándalos,scandals
consumido,consumed
ingresó,income
su-des,su-des
viagra,Viagra
cheng,cheng
esperarás,you will wait
combinar,combine
educados,educated
sociópata,sociopath
beaumont,Beaumont
saltamos,we jumped
ex-novia,ex-girlfriend
abusado,abused
concebir,conceive
bean,bean
desliza,slide
fallamos,we failed
satelital,satellite
épica,epic
virtualmente,virtually
inquisición,inquisition
sugerido,suggested
grabé,I recorded
unan,a
nbc,nbc
apretados,tight
deletrear,spell
visibles,visible
smallville,smallville
tráiganlo,bring him
ingeniosa,ingenious
bermudas,Bermuda shorts
preguntara,would ask
tomaras,you will take
atraparlos,catch them
radiador,radiator
dabas,you gave
delegados,delegates
notificación,notification
cobrando,charging
desacato,disrespect
incienso,incense
estudiamos,we study
recomendado,recommended
aguarden,wait
leeds,Leeds
espontánea,spontaneous
avalancha,avalanche
arrestarte,arrest you
jeque,sheikh
ohhh,ohhh
cuidamos,we take care
elemental,elementary
visite,visit
berger,berger
kabir,kabir
marinas,marine
óxido,oxide
burlan,mock
dártelo,give it to you
prepararlo,prepare it
pedacito,bit
fastidia,annoys
myra,Myra
psicosis,psychosis
elderman,elderman
gareth,Gareth
diversidad,diversity
meade,Meade
please,please
lejanos,distant
marsha,marsha
pancho,Pancho
sostenga,hold
hussein,Hussein
major,major
márchese,leave
curarse,heal
usarse,to be used
concesión,concession
asegurate,make sure
comportando,behaving
lama,lama
tanaka,tanaka
juntando,joining
didi,didi
hiro,Hiro
sueles,you usually
valora,value
controlas,you control
percibo,I perceive
poe,poet
indudablemente,undoubtedly
serbia,Serbia
comunica,communicates
inesperadamente,unexpectedly
renos,reindeer
berlin,Berlin
vacio,empty
atrevida,daring
fabricado,manufactured
protestante,Protestant
insignificantes,insignificant
activada,activated
belinda,Belinda
concentrar,concentrate
elegiría,I would choose
violentamente,violently
olvidaría,would forget
clasificados,classifieds
solemos,we usually
pastelería,bakery
portaaviones,aircraft carrier
aseguren,ensure
campanilla,bell
antonia,Antonia
vin,wine
apúrese,hurry
esquivar,dodge
devolveremos,we will return
permitiendo,allowing
linternas,flashlights
pusieran,put
pubertad,puberty
silbido,whistle
asada,roasted
mujerzuela,slut
andén,platform
bacalao,cod
shay,shay
porristas,cheerleaders
pastores,pastors
empujé,push
willard,Willard
vaina,sheath
pateó,kicked
judios,Jews
esquizofrenia,schizophrenia
davenport,davenport
magdalenas,muffins
incentivo,incentive
merrick,Merrick
techos,roofs
clip,clip
cubanos,Cubans
disparada,fired
jt,jt
pintores,painters
empezaría,would begin
diámetro,diameter
modificado,modified
ex-novio,ex-boyfriend
complicados,complicated
lino,linen
dusty,Dusty
incendiar,fire
atacamos,we attack
ferretería,hardware
contaminada,contaminated
malibú,Malibu
rumorea,rumors
íntimas,intimate
hawái,Hawaii
guardabosques,ranger
causará,will cause
tickets,tickets
vértigo,vertigo
ámbar,amber
cósmica,cosmic
próstata,prostate
turbo,turbo
disparará,will shoot
escucharlos,listen to them
publicista,publicist
entregaste,you handed
operado,operated
hartos,fed up
sub,sub
mister,mister
agitada,agitated
acostumbro,I usually
excesiva,excessive
encubrimiento,concealment
caga,shits
corresponsal,correspondent
aplicaciones,applications
sidra,cider
marcados,marked
espécimen,specimen
toledo,Toledo
monada,cuteness
dane,dane
cocos,coconuts
mad,mad
irrumpió,burst in
perforar,drill
marciano,Martian
aprenderé,I will learn
cordelia,Cordelia
ámsterdam,Amsterdam
asesoramiento,advice
liberty,Liberty
tempestad,storm
cornell,Cornell
conservadores,conservatives
fraser,Fraser
sonora,Sonora
glamour,glamor
cuidaría,would take care
spiderman,Spiderman
ambiciosa,ambitious
fastidies,annoy me
olímpico,Olympic
jp,jp
elfos,elves
hiroshi,Hiroshi
tecnologías,technologies
conquistado,conquered
registradora,cash register
pásala,pass it on
ubicar,locate
llegados,arrived
salones,halls
pre,pre
escapada,escape
fértil,fertile
placentero,pleasant
rechazaron,rejected
faltando,missing
arrecife,reef
group,group
felicitarte,Congratulations!
fundamentales,fundamentals
valium,Valium
destruyan,destroy
charlene,Charlene
sufrieron,suffered
franny,Franny
lagrimas,tears
cancelarlo,cancel it
preñada,pregnant
jameson,Jameson
intrusión,intrusion
querríamos,we would like
macbeth,Macbeth
maddox,Maddox
lienzo,canvas
funciono,It works
cagó,shit
ginecólogo,gynecologist
cometes,you commit
giran,they rotate
recuéstate,lie down
zarpar,set sail
iluminar,glow up
polvos,powder
peros,buts
atrapo,I catch
anjali,anjali
estira,stretch
tiraba,threw
enana,dwarf
influir,influence
talibanes,Taliban
convirtiera,would become
alergias,allergies
gon,go
ipod,iPod
strippers,strippers
colonial,colonial
caminaré,I will walk
tonight,tonight
gobierna,governs
defiendes,you defend
exigencias,demands
desván,loft
darlene,darne
vajilla,crockery
canario,canary
financieras,financial
altercado,altercation
tostadora,toaster
candidatura,candidacy
estela,wake
richardson,Richardson
rescatado,rescued
firmando,signing
marque,mark
estragos,havoc
concursos,contests
pesimista,pessimistic
espaguetis,spaghetti
permaneció,remained
incrementar,increase
ofenda,offend
hermann,Hermann
confort,comfort
pudiésemos,we could
válgame,Good heavens!
encontráramos,we found
profe,teacher
exhala,exhale
face,face
despedimos,we say goodbye
fundó,he founded
revisemos,Let's review
comprara,would buy
repararlo,repair it
aprendemos,we learn
olímpicos,Olympics
toleraré,I will tolerate
conoceros,get to know you
ilse,Ilse
alegrías,joys
inválido,invalid
fíjense,look
enseñamos,we teach
domo,dome
bombardeos,bombings
manipulando,manipulating
sweets,sweets
verifica,check
centauri,Centauri
errónea,erroneous
fire,fire
conservas,preserves
beka,beka
cubano,Cuban
partícula,particle
leona,lioness
im,im
troncos,logs
extremas,extreme
pesan,weigh
festivo,festive
cesto,basket
parecéis,You seem
dique,dam
gras,fat
moralmente,morally
vocal,vocal
utilizo,I use
pulseras,bracelets
secuestrados,kidnapped
golpéalo,hit it
valiosas,valuable
jugoso,juicy
arriesgó,risked
agresivos,aggressive
manifestaciones,demonstrations
fundamento,basis
guarra,slut
espérenme,wait for me
espontáneo,spontaneous
guíe,guide
fulana,tart
golpees,blows
descubriendo,discovering
ramona,Ramona
esqueletos,skeletons
largarte,leave
pudín,pudding
bleep,bleep
hyuk,hyuk
manu,manu
opuesta,opposite
contraste,contrast
graciosas,funny
metano,methane
cocido,cooked
direccion,address
santificado,sanctified
sucesivamente,successively
magda,Magda
matare,I will kill
identificada,identified
abadía,abbey
arterias,arteries
acordó,agreed
entregarse,surrender
marple,marple
foyle,foyle
raines,Raines
detonación,detonation
criaron,raised
saludarte,greeting you
mocos,snot
vigilaré,I will watch
taquicardia,tachycardia
desodorante,deodorant
pagarles,pay them
metiera,put
arreglan,fix
insistiendo,insisting
vikingos,Vikings
relevancia,relevance
cuelgan,hang
gratificante,gratifying
recuperaremos,we will recover
sunset,sunset
stand,stand
fiasco,fiasco
activó,asset
permitirle,allow
humildemente,humbly
ahogarse,drown
defectuoso,defective
ceguera,blindness
permitieron,allowed
señaló,he pointed out
cabecera,head
buscaría,would look
bastidores,backstage
probarme,try me
extendió,extended
procesión,procession
poole,poole
channing,Channing
bradford,Bradford
expulsaron,expelled
estallido,pop
impida,prevent
clínicas,clinics
lestrade,Lestrade
arreglarla,fix it
pesaba,it weighed
persuadir,persuade
mtv,MTV
hendrix,hendrik
levantamiento,lifting
echarnos,throw us out
quedaran,will remain
paladar,palate
ruidosa,noisy
chorro,jet
curiosamente,curiously
tropezó,tripped
ría,estuary
convencerle,convince him
conseguirán,they will get
ephram,ephram
caseta,stand
escaneo,scanning
guillotina,guillotine
woman,woman
deducir,deduct
extraordinarios,extraordinary
envejecido,aged
dispone,has
irónicamente,ironically
registrados,registered
energética,energy
wilbur,wilbur
mejoró,improved
operativos,operations
mirara,look
huyas,flee
viniese,come
terrorífico,terrifying
esenciales,essentials
vandalismo,vandalism
feel,feel
superan,exceed
titulo,qualification
diversas,various
asaltado,assaulted
intencionalmente,intentionally
nebulosa,nebula
hinchazón,swelling
marin,marin
acompañantes,companions
bailado,danced
conveniencia,convenience
derrumbó,collapsed
brandt,brandt
motivado,motivated
pandilleros,gang members
proporciones,proportions
lio,mess
capturó,captured
secar,dry
bombardear,bomb
rj,rj
divertiremos,we will have fun
matarías,would kill
intensamente,intensely
consumiendo,consuming
ninjas,ninjas
mudaste,you moved
ms,ms
peones,laborers
apoyó,support
cirujana,surgeon
privilegiada,privileged
sabine,Sabine
involucrarte,get involved
embustero,liar
infraestructura,infrastructure
insinúa,hints
newark,Newark
patti,Patti
estalla,explodes
apuñalar,stab
giros,turns
debi,I should
almendras,almonds
bucle,loop
eisenhower,Eisenhower
diminuta,tiny
liquidar,liquidate
paranormal,paranormal
agita,agita
afición,hubby
tardo,I take
cambiaba,changed
milagroso,miraculous
discúlpenos,excuse us
colgados,hung
campañas,campaigns
carino,dear
concreta,specifically
ceño,frown
reciban,receive
largaos,get out
fotográfica,photographic
empeorado,worsened
four,four
hiere,hurts
estrangulada,strangled
dunham,Dunham
moveré,I will move
dignos,worthy
very,very
orador,speaker
recuperarte,recover
encontro,found
ferris,ferries
exquisita,exquisite
licores,liquors
milly,Milly
cargados,loaded
sacudida,shake
negativas,negative
avergonzarme,to be ashamed
severamente,severely
palillos,chopsticks
turtle,turtle
swift,swift
impedido,disabled
mátenlo,Kill him
coincidir,coincide
arreglaron,they fixed
estropeó,spoiled
robarlo,steal it
cobras,you collect
ex-marido,ex-husband
bañarme,bathe
revolucionarios,revolutionaries
barlow,Barlow
paradoja,paradox
ampollas,blisters
caseros,homemade
facultades,powers
priscilla,Priscilla
entregara,will deliver
empatados,tied
s.h.i.e.l.d.,s.h.i.e.l.d.
destruidas,destroyed
quitarnos,get rid of us
pétalos,petals
predicción,prediction
manantial,spring
exterminar,exterminate
joyero,jeweler
basándose,based
emborracharme,get drunk
abriera,opened
tranquilizante,tranquilizer
voladora,flying
merecías,you deserved it
escoja,choose
selfridge,Selfridge
xxi,21
a.c.,a.c.
ilustre,illustrious
weber,weber
especializado,specialized
jaffa,Jaffa
atacará,will attack
gráficos,graphics
cincinnati,Cincinnati
maja,nice
ac,ac
frankfurt,frankfurter
entristece,saddens
escapará,will escape
patentes,patents
apaches,Apaches
bayas,berries
mirate,look at yourself
rinoceronte,rhinoceros
enfríe,cool
ruiseñor,nightingale
busto,bust
retiraron,they withdrew
británicas,British
clandestino,clandestine
topanga,Topanga
supéralo,Get over it
wilcox,wilcox
poseída,possessed
parando,stopping
aa,aa
storm,storm
dividimos,we divide
guardes,guards
solemnemente,solemnly
sms,SMS
room,room
salías,you were going out
luchadora,fighter
anticipación,anticipation
jala,pull
movámonos,Let's move
deseé,I wished
cobró,collection
forasteros,strangers
juzgue,judge
metralla,shrapnel
reuben,Reuben
quot,quot
refinado,refined
dibuja,draw
despiértate,wake up
apagadas,turned off
dickens,Dickens
compartimiento,compartment
cabales,complete
cuadrilla,gang
inclinado,inclined
pondrías,would you put
accion,action
ardientes,burning
quejó,complained
derramó,spilled
kiss,kiss
caido,fallen
thelma,Thelma
marla,Marla
quererlo,to want it
deténte,stop
destrozados,devastated
dustin,Dustin
alcoba,bedroom
reteniendo,retaining
babilonia,Babylon
arreglarte,fix yourself
mandarte,send you
acelerando,accelerating
fuésemos,we were
disculpeme,Excuse me
opinion,opinion
respetuoso,respectful
sintieron,they felt
odo,everything
latinos,Latinos
buscándome,looking for me
pija,prick
interrumpas,interrupt
winslow,Winslow
gentileza,gentleness
aumentó,increase
brownies,brownies
relativo,relative
temerario,reckless
interferencias,interference
emplear,use
ajustados,adjusted
electricista,electrician
diseñé,I designed
listillo,smarty pants
indigno,worthless
hundiendo,sinking
aprovechado,taken advantage
philadelphia,Philadelphia
fleischman,Fleischman
sostengo,I maintain
aventurero,adventurous
obsesivo,obsessive
colocando,placing
obsceno,obscene
lograré,I will achieve
maestría,mastery
explotando,exploding
yan,yan
mantuvieron,they maintained
alcantarillas,sewers
agarran,grab
putita,little whore
pin,pin
compasivo,compassionate
patéticos,pathetic
licencias,licenses
molestaré,I will bother you
llévalos,Take them
asustaba,frightened
abrirme,open me
abrumador,overwhelming
avanzados,advanced
aceleración,acceleration
martinis,martinis
aclare,clarify
escote,neckline
boludo,idiot
eiffel,Eiffel Tower
jugadora,player
cavidad,cavity
avíseme,Let me know
mcqueen,McQueen
haznos,make us
alivia,relieves
repulsivo,repulsive
mátalos,kill them
felíz,happy
sueca,Swedish
sostenlo,hold it
durant,during
normandía,Normandy
penetración,penetration
vendimos,we sold
bancario,banking
decision,decision
palitos,sticks
aseguraremos,we will ensure
sorprendidos,surprised
juzgo,I judge
prescripción,prescription
lastimaría,would hurt
ulises,Ulysses
asfalto,asphalt
asesinas,murderers
revuelto,scrambled
tuvieses,you had
emparedado,sandwich
urgentes,urgent
bartlett,Bartlett
seguías,you were still
heinrich,Heinrich
innumerables,countless
arriesgas,you risk
imparable,unstoppable
collares,necklaces
potro,foal
pudra,rot
snake,snake
especificaciones,specs
armand,Armand
informo,I report
olé,olé
destruimos,we destroy
atendido,attended
flexiones,push-ups
infidelidad,infidelity
temido,feared
recé,I prayed
educativo,educational
ajeno,unaffiliated
contestaré,I will answer
entregues,deliver
guiado,guided
carey,tortoiseshell
moco,booger
aprendieron,they learned
realizada,carried out
asesiné,I murdered
certificados,certificates
asquerosas,disgusting
túnica,tunica
largarse,get
artritis,arthritis
gigantesca,gigantic
cacharro,jalopy
aparentar,pretend
chul,chul
davy,Davy
perdonaría,I would forgive
lanzo,I throw
psiquiatras,psychiatrists
participado,participated
borrosa,blurry
chinatown,Chinatown
trinchera,trench
elogio,praise
elton,Elton
agradaba,liked
tardanza,delay
inundaciones,floods
asesores,advisors
favorece,favors
leila,Leila
deban,they should
aquéllos,those
entraría,would enter
convicciones,convictions
podre,I will be able to
nevando,snowing
xi,xi
yolanda,Yolanda
edo,state
renée,Renée
sentirán,they will feel
practico,practical
hablad,speak
infalible,infallible
marcharé,I will march
démelo,Give it to me
helio,helium
krusty,krusty
lip,lip
muéstrate,show yourself
cómic,comic
pong,put
cantinero,barman
beisbol,baseball
representaba,represented
respetas,respect
investigó,investigated
formalidades,formalities
cosméticos,cosmetics
rouge,red
precipitado,precipitate
expresado,voiced
principiantes,beginners
dentales,dental
puñal,dagger
limones,lemons
dañó,damage
deteniendo,stopping
conversión,conversion
delicados,delicate
entregan,deliver
resistió,resisted
investigadora,researcher
hermosura,loveliness
romperlo,break it
vaginas,vaginas
caverna,cavern
brille,shine
místico,mystical
tentado,tempted
rockefeller,Rockefeller
acompañarla,accompany her
surfear,surfing
esperándolo,waiting for him
acuático,water
retrasa,delays
inexplicable,inexplicable
costello,Costello
inframundo,underworld
deberian,should
ágil,agile
emocionantes,exciting
ching,ching
fideicomiso,trust
confiaría,I would trust
fae,fae
levantarlo,lift it
dotado,gifted
realización,realization
burgess,Burgess
carlson,Carlson
divorciar,divorce
polaca,Polish
desaparezcan,disappear
granito,granite
quark,quark
gallos,roosters
conoceré,I will meet
vinny,Vinny
frecuentes,frequent
cogerle,to take him
ex-mujer,ex-wife
amenazaron,threatened
gramo,gram
arruinaría,would ruin
chupando,sucking
faltaban,were missing
bessie,Bessie
talismán,talisman
devuélvelo,Give it back
antelación,advance
centinela,sentinel
roles,roles
combinado,combined
específicas,specific
observaba,watched
chefs,chefs
proposito,purpose
rechazaste,you rejected
hematoma,hematoma
jugaron,they played
dá,gives
atreva,dare
segmento,segment
embrague,clutch
sim,sim
hell,hell
films,films
preocupé,I was worried
lyla,Lyla
pelado,bare
resentido,resentful
presumido,smug
cerraste,You closed
jugaban,they played
pulg,in.
bernardo,Bernard
meterá,will put
dividida,divided
ciclos,cycles
halo,halo
antaño,yesteryear
seductor,seductive
jaqueca,migraine
concedo,I grant
lanzamos,we launched
diversiones,entertainment
alcanzarlo,to achieve it
revelan,reveal
descubrirás,you will discover
marcianos,Martians
suicidarte,commit suicide
ar,ar
aaah,aaah
quejándose,complaining
renunciaste,you resigned
narcisista,narcissistic
arriesgaría,I would risk it
abuelito,grandfather
escribiera,would write
bev,bev
lidia,fighting
sufrimos,we suffer
spider,spider
flo,flo
frustrada,frustrated
lost,lost
aguantará,will hold
causarle,cause him
arañazos,scratches
partidas,games
celebraremos,we will celebrate
indonesia,Indonesia
idéntica,identical
contrabandista,smuggler
agárrenlo,Grab him
reconciliación,reconciliation
lan,lan
tomados,taken
sentís,you feel
charly,charly
cruise,cruise
cochecito,pram
mellie,Mellie
llamativo,striking
peel,peel
toxina,toxin
pegajosa,sticky
autógrafos,autographs
erich,Erich
desastroso,disastrous
localizarlo,locate it
lamentarás,you will regret it
puñaladas,stabbings
portando,carrying
céntrate,focus
sarpullido,rash
senior,senior
quincy,Quincy
poético,poetic
consumidor,consumer
stars,stars
situado,lying
obteniendo,obtaining
petey,Petey
asique,so
vendidos,sold
nublado,cloudy
biológicos,biological
tobias,Tobias
click,click
trastornado,deranged
soprano,soprano
parecidas,similar
millon,million
rezaré,I will pray
lastimas,pity
bulldog,bulldog
cantemos,Let's sing
cansas,You tire you
doblado,bent
resolviendo,solving
jockey,jockey
tiemblan,tremble
reconocerá,will recognize
subirte,get on
hurtadillas,stealthily
pagarla,pay it
oakland,Oakland
peck,peck
ernst,ernst
dedicó,dedicated
entrarás,you will enter
descubriera,discovered
prision,prison
ares,ares
problemita,little problem
rehacer,redo
asombrado,amazed
kendra,Kendra
mcnamara,McNamara
susurro,whisper
gritarle,yell at him
huy,flee
mezclas,mixtures
amnistía,amnesty
cambiarás,you will change
procesando,processing
hotch,hotch
olvidada,forgotten
ronny,Ronny
dándote,giving you
bucear,diving
tutora,tutor
asaltaron,they robbed
informaciones,information
cartucho,cartridge
lastimarme,hurt me
ataúdes,coffins
connors,Connors
gómez,Gomez
dubai,Dubai
busqueda,search
quererme,love me
ocultan,hide
prohibir,prohibit
gallinero,chicken coop
carnes,meats
honrados,honest
recitar,recite
mantened,maintain
ceros,zeros
negando,denying
cometimos,we committed
formaron,they formed
predijo,predicted
vogel,Vogel
entrarán,they will enter
ideología,ideology
emmet,Emmet
dudé,I hesitated
dublín,Dublin
industriales,industrial
declare,declare
obtuvieron,they obtained
prudencia,prudence
luchaba,fought
franquicia,franchise
complicación,complication
gremio,guild
indicador,indicator
barclay,Barclay
gansos,geese
refieren,they refer
inquietud,concern
atrapadas,trapped
detuviera,stop
infracción,infringement
aclararlo,clarify
abertura,opening
finges,you pretend
perspectivas,perspectives
loto,lotus
expresiones,expressions
corregidos,corrected
problemática,problem
confundiendo,confusing
visuales,visuals
electo,elect
salieras,you went out
observadores,observers
lidera,leads
annalise,annalise
janeway,Janeway
estímulo,stimulus
renal,renal
encontrarlas,find them
navideña,Christmas
añicos,smithereens
rendirnos,surrender
literal,literal
ultrasonido,ultrasound
patton,Patton
llévense,take them
rotura,rip
funk,funk
muéstrales,sample
ráfaga,burst
poned,put
pisando,stepping
recordarán,they will remember
gore,gore
histérico,hysterical
indigente,indigent
apágala,Turn it off
coágulo,clot
joanie,Joanie
espérate,wait
preguntarlo,ask it
interesó,interested
firmeza,firmness
crockett,crockett
craneal,cranial
conducirá,will lead
vicioso,vicious
conquistador,conqueror
cuellos,necks
trump,Trump
troll,troll
rublos,rubles
college,college
abrumado,overwhelmed
detonar,detonate
mckinley,McKinley
port,port
hiroshima,Hiroshima
faros,lighthouses
autorizó,authorized
dióxido,dioxide
explotan,exploit
acuerdan,agree
violadores,rapists
travesura,mischief
quarterback,quarterback
ying,ying
chalecos,vests
teóricamente,in theory
halaga,flatters
castigarme,punish me
camarón,shrimp
krista,Krista
maldecir,curse
mit,mit
epinefrina,epinephrine
chimpancé,chimpanzee
funcionen,work
mareas,tides
pisado,trodden
bautista,baptist
irrespetuoso,disrespectful
diaz,Diaz
idénticas,identical
huang,huang
entenderme,understand me
meyers,Meyers
limpiarte,cleanse
controlamos,we control
preocupando,worrying
banjo,banjo
burlarte,mock
telefonear,call
lavon,lavon
planeada,planned
sabrían,they would know
lubricante,lubricant
echarse,lie
divorcios,divorces
crezcan,grow
arruinados,ruined
pique,pique
desafía,challenges
comodidades,amenities
pretendiente,suitor
soportaba,endured
aseo,restroom
discuten,they argue
corán,Koran
cloaca,sewer
servirme,serve me
gerencia,management
discute,discusses
identifica,identifies
peleaste,you fought
investigan,they investigate
decirselo,tell him
empapada,soaked
caparazón,shell
soñaste,you dreamed
gunther,gunther
nutrientes,nutrients
duplicado,duplicate
menciono,I mention
jimi,Jimi
equivocarse,err
florecer,flourish
protejan,protect
mandarlo,send it
limita,limits
emotivo,emotional
hathaway,hathaway
apago,I turn off
carlisle,Carlisle
bertha,Bertha
peleé,I fought
pisas,you step
planeaste,you planned
cúbranse,cover yourselves
confesarte,confess
parara,parara
voltios,volts
atrocidades,atrocities
esgrima,fencing
halagada,flattered
barricada,barricade
superará,will exceed
suboficial,NCO
estratégica,strategic
península,peninsula
jeb,jeb
revoluciones,revolutions
bajarme,get off
cerrará,will close
estantes,shelves
hagamoslo,Let's do it
tacón,heel
llamáis,you call
diversos,various
connell,Connell
elías,Elias
calva,bald
frágiles,fragile
raoul,Raoul
sudán,Sudan
heredar,inherit
recolectar,gather
ness,ness
follado,fucked
ritz,ritz
túmbate,lie down
interfiriendo,interfering
ofensas,offenses
rentable,profitable
lanzadera,shuttle
atasco,jam
n-no,n-no
baron,baron
gogh,Gogh
enseñarnos,teach us
devuelta,returned
sevilla,Seville
sospechan,suspect
lapicera,pen
óptica,optics
fulano,so-and-so
incursión,incursion
sírvase,Please serve
empleador,employer
obligue,force
mayer,Mayer
popó,poop
beijing,Beijing
hinchada,fans
nombramiento,appointment
arboles,trees
facilitar,ease
cubrirlo,cover it
estética,aesthetics
pío,pious
cc,DC
blackie,Blackie
secuencias,sequences
keep,keep
escaparate,showcase
nt,nt
acusaron,accused
amando,loving
rene,Rene
revoir,revoir
qui,who
chorlito,plover
infieles,unfaithful
elogios,praise
beep,beep
salieran,they came out
comentó,he commented
hacedlo,Do it
despertarlo,wake him up
interceptar,intercept
descafeinado,decaffeinated
colateral,collateral
plagas,pests
antártida,Antarctica
amados,beloved
namaste,Namaste
doradas,golden
prótesis,prosthesis
difundir,spread
galáctica,galactic
incondicional,unconditional
entregada,delivered
surgen,arise
porra,club
sanchez,Sanchez
kelsey,Kelsey
llevársela,take it away
estrangulado,strangled
incompetencia,incompetence
adoptada,adopted
orquídeas,orchids
apruebe,approve
desvanece,fades
observé,I observed
agradezcas,thank you
ponlos,put them
excremento,excrement
curará,will cure
alegró,glad
obligatoria,mandatory
haití,Haiti
inspirada,inspired
próximamente,soon
rafe,Rafe
conoci,I met
everest,Everest
camila,Camila
enmascarado,masked
cortados,cut
volvio,returned
susana,Susana
recreación,recreation
pekín,Beijing
conectadas,connected
asumimos,we assume
corporales,body
traicioné,I betrayed
fije,fix
mariscos,seafood
desafiante,challenging
descanses,rest
procesamiento,prosecution
rach,rach
rendimos,we surrender
baraja,deck
mantuviera,kept
vinculado,bound
driscoll,driscoll
jong,jong
repítelo,Repeat it
geometría,geometry
pine,pine
tenebroso,dark
ejecutados,executed
indignante,outrageous
prueben,try
mosqueteros,musketeers
cubran,cover
abrirán,will open
hablador,talkative
stokes,Stokes
váter,toilet
regresiva,regressive
escucharán,they will hear
cobrado,charged
recomendaciones,recommendations
comuna,commune
partiendo,starting
mandos,controls
tariq,tariq
ludwig,Ludwig
dejase,let go
cucharas,spoons
pacíficamente,peaceably
encargarnos,take care of it
plazas,squares
continentes,continents
deseen,wish
derramado,spilled
fregar,scrub
provincias,provinces
vallas,fences
mcbride,mcbride
mezclan,mix
cancelaron,they cancelled
patrañas,lies
oscurezca,get dark
generosos,generous
matilda,Matilda
vancouver,Vancouver
cableado,cabling
distrae,distracts
colapsó,collapse
vendaje,bandage
oregón,Oregon
computación,computing
pyo,pyo
denso,dense
pruebo,I try
halagador,flattering
muchedumbre,crowd
cadaver,corpse
larkin,larkin
falsificar,falsify
continuaré,I will continue
rubí,ruby
patrona,patroness
tardando,taking
recorriendo,touring
equivocaba,was wrong
sybil,Sybil
monarca,monarch
derrumbe,collapse
guárdate,save yourself
parrish,parrish
misteriosamente,mysteriously
fascinación,fascination
tranquiliza,calms
finley,finley
cantará,will sing
dottie,dottie
rain,rain
nado,swimming
protestantes,Protestants
johanna,Johanna
forzando,forcing
aguantado,endured
falle,fail
empresarial,business
keaton,Keaton
indígenas,indigenous people
samir,Samir
romperte,break
caffrey,Caffrey
oirlo,hear it
leanne,Leanne
imaginamos,we imagine
orleáns,Orleans
yuan,yuan
welles,Welles
poniéndose,getting
estacion,season
ups,oops
frascos,jars
peligrosamente,dangerously
explícate,Explain yourself
neptuno,Neptune
frentes,fronts
terminarán,will end
dañados,damaged
vámos,come on
pasase,pass
wi-fi,Wi-Fi
wonder,wonder
traerás,you will bring
convenciones,conventions
agáchense,duck down
mujercita,little woman
cargue,load
testosterona,testosterone
engañados,deceived
hampton,Hampton
mea,mea
configuración,configuration
espesa,thick
melbourne,Melbourne
mccall,McCall
tel,tel
asiente,nods
touchdown,touchdown
ató,tied
formaba,formed
supermán,Superman
democrático,democratic
protectores,protectors
insuficiencia,insufficiency
zeta,zeta
muriese,die
acostumbrando,getting used to
enchufe,plug
aburres,You bore me
vestidor,dressing room
becas,scholarships
dibujado,drawn
tasas,rates
ahórrate,save yourself
moses,Moses
consta,it consists
estafadores,scammers
curiosos,curious
cerilla,match
relajar,relax
odiarte,I hate you
tod,all
relucir,shine
brazaletes,bracelets
quesos,cheeses
meando,peeing
tucson,Tucson
enciclopedia,encyclopedia
jose,José
hooper,hooper
magic,magic
serif,serif
necesitaras,you will need
renunciaré,I will resign
percibir,perceive
púas,spikes
guardarropa,wardrobe
corriste,You ran
aguardiente,schnapps
sobreviviré,I will survive
sucedieron,happened
sacrificó,sacrificed
alitas,wings
bolton,Bolton
equivale,equivalent
atlas,atlas
apretando,squeezing
coreanos,Koreans
bajaba,was going down
sellados,sealed
schultz,Schultz
instaló,installed
break,break
proyector,projector
canso,tired
almuerzos,lunches
reformas,reforms
camarógrafo,cameraman
stones,stones
guiño,wink
despiden,fire
subiremos,we will go up
zac,zac
viajas,travel
sureste,southeast
nacimos,we were born
inflación,inflation
ren,ren
visado,visa
soplando,blowing
agustín,augustine
compatibles,compatible
resulto,it turned out
curly,curly
avecina,neighbor
stephens,Stephens
pen,pen
contados,counted
colosal,colossal
arman,arm
masculinos,male
conceder,grant
insultante,insulting
afilada,sharp
guitarras,guitars
laila,Laila
largado,released
pink,pink
quitármelo,take it off
yin,yin
fausto,splendor
debidamente,duly
neuronas,neurons
sabrosa,tasty
jurada,sworn
insisten,they insist
discutieron,they argued
verían,they would see
emisiones,emissions
meditar,meditate
castigando,punishing
reporta,reports
kristina,Kristina
absuelto,acquitted
something,something
olvidados,forgotten
demostrarte,prove to yourself
pasea,stroll
crepúsculo,twilight
comandantes,commanders
repollo,cabbage
destroza,destroys
universos,universes
merienda,snack
aceptarla,accept it
paisajes,landscapes
derrocar,topple
irrita,irrita
rescató,rescued
lancelot,Lancelot
marcharon,marched
caprichos,whims
distribuir,distribute
diseñados,designed
aferrarse,hang on
correrá,will run
introdujo,introduced
resultaba,it turned out
convertirnos,become
bellísima,beautiful
nathalie,Nathalie
ru,ru
verificación,verification
corrida,run
incomodo,uncomfortable
ecuaciones,equations
cúbrete,cover yourself
maniático,maniac
titanes,titans
escojo,I choose
nba,NBA
encontrarías,you would find
equivocarme,to be wrong
entrena,train
album,album
comisaria,police station
apoyaré,I will support
ejecuciones,executions
ora,now
soon,soon
prof.,prof.
lucie,Lucie
retiramos,we withdraw
escéptico,skeptical
tech,tech
violaste,you violated
psicóloga,psychologist
entendimos,we understood
absolución,absolution
gastan,spend
prior,prior
lowell,Lowell
reliquias,relics
aorta,aorta
aumentan,increase
chantajeando,blackmailing
caídas,falls
esforzado,hardworking
recortar,trim
acostumbrarás,you will get used to it
hackers,hackers
party,party
zurich,Zurich
descubiertos,discovered
cojamos,let's take
huyo,I flee
bajaremos,we will go down
moody,moody
muchísimos,many
conmovedora,moving
suplicar,supplicate
cher,cher
fingía,pretended
aturdido,stunned
ramírez,Ramirez
japonesas,Japanese
maldigo,I curse
sinvergüenzas,scoundrels
prestados,borrowed
kali,Kali
hurley,Hurley
escriban,write
mocosos,brats
ursula,Ursula
tijera,scissors
perjudicial,harmful
autodestrucción,self-destruction
aya,governess
platón,Plato
compartes,share
admirado,admired
fusibles,fuses
omaha,Omaha
nacionalidad,nationality
lancaster,Lancaster
desconfianza,distrust
armó,armed
marisol,Marisol
rivalidad,rivalry
tranquilizantes,tranquilizers
aterriza,lands
dirigirá,will direct
poseía,possessed
friki,geek
historiador,historian
noona,noona
willoughby,willoughby
digerir,digest
condominio,condominium
cadetes,cadets
tibio,warm
proctor,proctor
fumadores,smokers
estantería,rack
asegure,make sure
asistió,attended
interfiera,interfere
pediatra,pediatrician
barrotes,bars
tanga,thong
alcanzaré,I will reach
provee,provides
estirado,stretched
amaste,you loved
acordaba,agreed
layla,Layla
limbo,limbo
formamos,we form
hester,hester
pretencioso,pretentious
baekje,baekje
vengador,avenger
indirecta,hint
sirvan,serve
diplomáticos,diplomats
accesible,accessible
creces,you grow
ryo,ryo
abramos,Let's open
desembarco,landing
interesar,interest
olvidéis,forget
turístico,tourist
fijamos,we set
cebra,zebra
ibm,IBM
holgazán,idle
gob,go
variedades,varieties
saldar,pay off
lacayo,footman
bebimos,we drank
levantaré,I will lift
velocidades,speeds
mercadería,commodity
delincuencia,delinquency
castilla,Castile
unánime,unanimous
discretos,discreet
garret,Garrett
exótica,exotic
nachos,nachos
elijas,choose
tendieron,they tended
asesinando,murdering
muévelo,move it
cds,CDs
blasfemia,blasphemy
anticipado,early
ventura,fortune
quagmire,quagmire
discapacidad,disability
tania,Tania
abominación,abomination
elmer,Elmer
worth,worth
elle,she
cascabel,bell
búfalos,buffalo
asociada,associate
probaremos,we'll try
derramamiento,shedding
devastado,devastated
mueble,furniture
fascismo,fascism
confidenciales,confidential
tocaría,would play
proyectil,projectile
eliminarlo,delete it
exagerada,exaggerated
starbucks,Starbucks
melones,melons
free,free
compton,Compton
plutonio,plutonium
tardas,you take
regala,give away
alcanzando,reaching
alpes,Alps
avería,fault
observatorio,observatory
avisaron,they warned
calmantes,calming agents
ad,ad
roxanne,Roxanne
hard,hard
destruirlos,destroy them
echarla,throw it
comparada,compared
peregrino,pilgrim
sharma,sharma
abbie,Abbie
calabazas,pumpkins
breves,brief
compartida,shared
deep,deep
paradise,paradise
muhammad,Muhammad
horizontal,horizontal
alineación,alignment
relajarnos,relax
celebran,celebrate
cabronazo,bastard
notarlo,notice it
alcanzará,will reach
hagen,Hagen
tapón,plug
dejándome,leaving me
disneylandia,Disneyland
sacarse,to take out
comprometerse,commit
three,three
encierren,lock up
cancele,cancel
enfrento,I face
lavanda,lavender
escapara,escape
administrativo,administrative
asustarla,scare her
aprecian,appreciate
bañado,bathed
causaría,would cause
again,again
tijuana,Tijuana
bren,Bren
convertirán,will convert
acosar,harass
travers,travers
amazing,amazing
congela,freezes
posicion,position
estelle,Estelle
chloé,Chloe
constructores,builders
monarquía,monarchy
cacao,cocoa
coopera,cooperate
instrumental,instrumental
rabbit,rabbit
arquero,goalkeeper
demostrando,demonstrating
salirme,leave
complicidad,complicity
lloriquear,whimper
cullen,Cullen
extraordinariamente,extraordinarily
muelas,grinders
ecografía,ultrasound
ori,ori
cupón,coupon
ofenderte,offend you
controversia,controversy
trailer,trailer
kylie,Kylie
senti,I felt
descubrirán,they will discover
talk,talk
detesta,detests
miau,meow
fnmicrosoft,fnmicrosoft
derribó,knocked down
limites,boundaries
repartiendo,distributing
rebeca,cardigan
quitate,take it off
mangos,mangoes
griff,griff
infecciones,infections
gwang,Gwang
papelera,bin
volaremos,we will fly
pizzería,pizzeria
hacérselo,do it
admiten,they admit
payson,payson
captado,captured
envíos,shipments
really,really
déficit,deficit
oírlos,hear them
aha,aha
porvenir,future
franky,Franky
atienda,attend
sembrar,sow
manojo,bunch
respirador,respirator
brass,brass
mackey,Mackey
yul,Yul
besan,kiss
tj,tj
brasileño,Brazilian
ab,ab
darth,Darth
campesina,peasant woman
doctrina,doctrine
fijó,fixed
referías,you were referring to
viajé,journey
columpio,swing
kingsley,Kingsley
volvo,Volvo
avergüences,be ashamed
wilhelm,Wilhelm
tonterias,foolishness
asignaron,assigned
pensaran,they thought
poni,pony
jodes,You're annoying.
osborne,Osborne
senil,senile
viceversa,vice versa
despertamos,we woke up
viviste,you lived
liberarse,free
renegado,renegade
porte,bearing
bhai,bhai
cojín,cushion
miki,miki
difamación,defamation
válvulas,valves
extrañaría,I would miss it
seducción,seduction
despacito,slowly
veterinaria,vet
milwaukee,Milwaukee
melancolía,melancholia
comprarse,buy
lew,lew
descargas,downloads
providencia,providence
moriarty,moriarty
picó,beak
potable,potable
humillarme,humiliate me
naufragio,shipwreck
apetezca,I feel like it
sta.,Sta.
damian,Damian
mohammed,Mohammed
alegraría,would be glad
calambres,cramps
moros,Moors
liviano,light
liberarlo,free him
desenterrar,unearth
retirados,retired
levantaba,lifted
cortejo,courtship
mora,blackberry
doncellas,maidens
desayunado,breakfast
sobrinos,nephews
valeria,Valeria
distingue,distinguishes
engañaba,deceived
pagaban,they paid
aparezcan,appear
hattie,Hattie
coreana,Korean
testaruda,stubborn
olivier,Olivier
antidepresivos,antidepressants
fascinantes,fascinating
sioux,Sioux
cese,cessation
dormirme,fall asleep
moira,Moira
clem,clem
marcie,Marcie
guineas,guineas
retrospectiva,retrospective
asistido,assisted
pinchado,punctured
brand,brand
informantes,informants
duraría,would last
britta,britta
alquilé,I rented
tap,tap
markham,Markham
influyente,influential
recibirlo,receive it
mánager,manager
donnelly,donnelly
burros,donkeys
chusma,rabble
laurence,Laurence
nuño,nuño
gill,gill
plateada,silver
segun,according to
estéreo,stereo
mareos,dizziness
huela,smell
scooby,Scooby
defiendo,I defend
sorteo,lottery
ocasional,occasional
arcos,arches
reproducir,reproduce
casquillos,shells
aparenta,appears
avanzan,advance
carteras,wallets
ichi,ichi
arrepentirá,will regret
verificado,verified
conectando,connecting
aceptarán,will accept
siguiéndome,following me
demorar,delay
descendencia,offspring
viese,I saw
entrenada,trained
resistirme,resist
cansó,tired
ocupaba,occupied
ro,ro
bloody,bloody
estrellado,starry
windsor,Windsor
proximidad,proximity
burger,burger
aguanten,hang in there
palizas,beatings
semanales,weekly
tirarla,throw it away
coles,cabbages
shorts,shorts
escoceses,Scots
feeny,feeny
toxicológico,toxicological
enfadas,you get angry
materna,maternal
predicar,preach
patricio,patrician
latin,Latin
shep,Shep
clavó,nail
hindúes,Hindus
aspirantes,applicants
crazy,crazy
chop,chop
hap,hap
ultimas,latest
definido,definite
hari,hari
pensad,think
inofensiva,harmless
agota,exhausts
ruben,Ruben
agrega,add
apagan,turn off
cachonda,horny
barricadas,barricades
lunares,moles
plantea,raises
liberando,freeing
advertencias,warnings
mount,mount
soltarlo,let it go
patearé,I'll kick
luminoso,bright
conmueve,It moves
filippo,Filippo
roben,steal
preséntese,introduce yourself
promotor,promoter
seguidor,follower
saltamontes,grasshopper
castellano,Castilian
juzgarme,judge me
arsénico,arsenic
law,law
trenzas,braids
buscarlas,look for them
operan,operate
sabríamos,we would know
partiré,I will leave
jonny,jonny
hazañas,feats
hu,hu
manejamos,we handle
empacando,packing
family,family
gozo,joy
monet,money
intencional,intentional
penicilina,penicillin
obrera,worker
dirigí,I directed
informarme,inform me
oyentes,listeners
empeñado,pawned
sociable,sociable
sintieras,you felt
pasaras,you will pass
llegase,arrived
consideraré,I will consider
cachemira,cashmere
herederos,heirs
giró,turn
encerrarme,lock myself up
disfrutaste,enjoyed
ministra,minister
money,money
próspero,prosperous
históricos,historical
alarmante,frightening
contratistas,contractors
detectores,detectors
cabalgando,riding
trasbordador,ferry
sentadas,seated
pandillero,gangster
garland,Garland
palabrotas,swear words
estad,state
escáneres,scanners
empeoró,worsened
rascacielos,skyscraper
devolviste,you returned
plazos,deadlines
disputas,disputes
armería,armory
inc,Inc.
igualar,match
contrabandistas,smugglers
comenzara,would begin
ripley,Ripley
delatar,betray
visité,I visited
cetro,scepter
palermo,Palermo
spears,spears
hornear,bake
callejeros,street people
momentito,just a moment
bucky,Bucky
llendo,going
jocelyn,jocelyn
shadow,shadow
tráele,bring him
ubicado,located
arriesgo,I risk
marché,I left
jets,jets
bb,bb
jobs,jobs
apagaron,They turned off
norfolk,Norfolk
postes,posts
lamentos,regrets
cesárea,Caesarean section
batear,bat
desapareces,you disappear
colecta,collection
rufián,ruffian
engordar,fatten
muriéndose,dying
indicación,indication
prometas,promise
electrones,electrons
prejuicio,prejudice
respete,respect
contagiosa,contagious
patriotismo,patriotism
rambo,Rambo
instantáneo,instant
madden,Madden
dimitir,resign
subtitles,subtitles
mística,mysticism
alistair,Alistair
reembolso,refund
jerarquía,hierarchy
abandonarlo,abandon it
especia,spice
colette,Colette
solicitamos,we request
hemisferio,hemisphere
utilizaron,they used
superficiales,superficial
jordania,Jordan
rudolph,Rudolph
dispararles,shoot them
macy,Macy
esperándonos,waiting for us
variables,variables
recordáis,Do you remember?
subterránea,underground
cuadrada,square
ladrando,barking
indulgente,indulgent
castidad,chastity
residuo,residue
jfk,jfk
coherente,consistent
insolencia,insolence
glaciar,glacier
esforzarse,strive
oleada,wave
acuso,I accuse
ensaladas,salads
arreste,arrest
polígrafo,polygraph
helene,Helene
divierta,have fun
visitaba,visited
bañador,swimsuit
adorado,adored
lgual,equal
abandonamos,we abandoned
disfrutamos,we enjoyed
oporto,port
pelucas,wigs
dae,dae
belgrado,Belgrade
impedirá,will prevent
tumores,tumors
determina,determines
mascara,mask
caño,spout
gossip,gossip
letales,lethal
kono,kono
topé,stop
fascina,fascina
spring,spring
podras,you will be able to
vigilarlo,watch it
vous,you
calambre,electric shock
better,better
culata,butt
cuarteto,quartet
wen,wen
grabados,engravings
cógeme,grab me
abandonarme,abandon me
expectativa,expectation
bobos,fools
carisma,charisma
alteración,disturbance
liberaron,they released
preventiva,preventive
soltaron,they released
lázaro,Lazarus
amiguitos,little friends
loft,loft
olvidara,forget
apasionante,thrilling
separando,separating
volcanes,volcanoes
colado,strained
proteges,you protect
linden,linden
gastes,spend
recámara,bedroom
bash,bash
impaciencia,impatience
soho,Soho
lavé,I washed
citando,quoting
rapidamente,quickly
descuidada,careless
enciendo,I turn on
anticuada,outdated
carmine,carmine
renunciando,resigning
ofrezca,offer
kessler,kessler
singer,singer
examine,examine
wilkins,wilkins
destruiría,would destroy
enseñes,teach
mováis,move
arranco,I start
loquero,madam
rizado,curly
golpeen,hit
celebremos,Let's celebrate
alegremente,happily
lavadero,laundry
debia,I owed
destruí,I destroyed
envíes,send
sólidos,solids
venderlos,sell them
veintidós,twenty-two
ae,ae
rahl,Rahl
preguntarán,they will ask
sonreir,smile
milagrosa,miraculous
disfrazada,disguised
denis,denis
monopolio,monopoly
odiaban,hated
cabellera,hair
hemingway,Hemingway
positivamente,positively
librarnos,free ourselves
ebay,eBay
invitarlo,invite him
anotó,he scored
estupendas,great
reversa,reverse
peaje,toll
facilmente,easily
consumidores,consumers
vds.,you.
representado,represented
jimbo,Jimbo
reclutado,recruited
dominación,domination
mataras,you will kill
micky,Micky
flanders,Flanders
capuchino,cappuccino
creia,I believed
niko,Niko
erótica,erotica
climático,climatic
ham,ham
horrendo,horrific
munch,Munch
traiciona,betrays
científicas,scientists
ordenaste,you ordered
permanecido,remained
safari,safari
distritos,districts
bruta,gross
sucedio,happened
valles,valleys
ensuciar,mess
caricias,petting
volaba,flew
orgasmos,orgasms
alejamiento,remoteness
kaplan,Kaplan
rogó,begged
démonos,Let's give ourselves
lugareños,locals
lucio,pike
fugitiva,fugitive
fallon,fallon
despida,fire
waldorf,Waldorf
oírnos,hear us
orión,Orion
logrando,achieving
adoptivo,adoptive
cines,cinemas
pretty,pretty
patrullando,patrolling
escondiéndose,hiding
procedan,proceed
é,and
incómodos,uncomfortable
volvían,they were returning
matador,matador
productivo,productive
espéreme,wait for me
didn,didn
cilindro,cylinder
extrañe,I missed it
nooo,nooo
brendon,Brendon
paraste,paraste
atraparte,to catch you
embrujado,haunted
dispararan,they will shoot
gastaste,you spent
quitara,remove
nicholson,Nicholson
comodoro,commodore
concursante,contestant
transcripción,transcription
estuche,case
nominación,nomination
chick,chick
cipri,cipri
envejeciendo,aging
aéreos,air
ignóralo,Ignore it
horton,Horton
hailey,Hailey
confio,I trust
evitó,avoided
sujetando,holding
sharp,sharp
murph,murph
thing,thing
donner,donner
disfrutaba,I enjoyed it
halle,find
desearías,would you wish
astutos,cunning
embajadora,ambassador
cedric,Cedric
pulsar,press
inusuales,unusual
devuelven,return
álbumes,albums
tratarla,treat her
clóset,closet
borden,border
avanzamos,we are moving forward
sufres,you suffer
pecera,fish tank
echara,would throw
navío,ship
previos,previous
acompañada,accompanied
sanjana,ditch
salten,jump
improvisación,improvisation
absorbe,absorbs
goldberg,Goldberg
modificaciones,modifications
pops,pops
dudando,doubting
consultado,consulted
oírle,hear him
pasaran,they will pass
cornudo,cuckold
link,link
prestan,lend
indigentes,homeless
hartley,Hartley
apriete,tighten
devolución,return
sansón,Samson
descansado,rested
vítores,cheers
cunningham,Cunningham
infinitamente,infinitely
christa,Christa
aspen,aspen
resucitado,resurrected
heh,heh
cy,cy
sanitario,sanitary
tobías,Tobias
deshice,I undid
manitas,little hands
ramen,ramen
oponentes,opponents
jodie,Jodie
protejo,I protect
necesitaríamos,we would need
perspicaz,perceptive
ciro,Cyrus
verificarlo,verify it
metiéndose,getting in
temblores,tremors
concuerdo,I agree
nightingale,nightingale
dudarlo,doubt it
plus,plus
brenner,Brenner
hallaremos,we will find
debates,debates
exageración,exaggeration
contratando,hiring
rebanada,slice
myrtle,myrtle
volveríamos,we would return
comiences,begin
shorty,shorty
sandoval,Sandoval
samson,Samson
andante,walking
corcho,cork
contratada,hired
sostenerlo,hold it
comprendió,understood
boli,pen
acueste,lie down
codigo,code
marguerite,Marguerite
demandando,demanding
liquidación,settlement
leary,Leary
escondas,hide
ayudaras,you will help
bypass,bypass
morgana,Morgana
énfasis,emphasis
tau,tau
eyes,eyes
usb,USB
peppino,cucumber
practicas,practices
recorte,cutout
dispararán,they will shoot
haberos,to have
aplaudir,applaud
tardaría,it would take
inspirar,inspire
sureño,southern
navid,Christmas
march,March
cuddy,Cuddy
resumiendo,in summary
aplican,apply
despiadada,ruthless
tensiones,tensions
recuperarás,you will recover
apretó,pressed
conecte,connect
ladrar,bark
dudoso,doubtful
maris,maris
fluir,flow
kumar,kumar
gozar,enjoy
grover,Grover
tómense,take
tiny,tiny
imaginó,imagined
teller,teller
rastreamos,we track
cavernas,caverns
permitirán,will allow
basil,basil
lba,lba
dramas,dramas
rochelle,Rochelle
indulto,pardon
orientales,orientals
cargadas,loaded
prohibidos,prohibited
derrotados,defeated
apariciones,appearances
lau,lau
azucar,sugar
humillada,humiliated
inconvenientes,disadvantages
regan,water
manualmente,manually
yankee,Yankee
sanguijuelas,leeches
escucharás,you will hear
llanta,tire
asa,handle
ultimátum,ultimatum
traseras,rear
concebido,conceived
escaso,scarce
aburriendo,boring
estimación,estimate
traduce,translate
rema,row
sor,Sister
shen,shen
crash,crash
impotencia,impotence
keating,keating
hernán,Hernán
participante,participant
primitivos,primitives
conseguirnos,get us
jem,jem
cuco,cuckoo
húngaro,Hungarian
murmullo,murmur
goliat,Goliath
mill,mill
peña,grief
carpenter,carpenter
acompañan,accompany
señalado,indicated
recordara,will remember
compostura,composure
resultaría,it would result
tratarán,they will try
antibalas,bulletproof
castigos,punishments
bug,bug
sospechamos,we suspect
pavel,pavel
shell,shell
brotes,outbreaks
batida,raid
difunde,spread
ordenanza,ordinance
hwang,hwang
agotados,sold out
trabajaría,would work
bajada,descent
gradas,stands
comedias,comedies
annabelle,Annabelle
manuales,manuals
pelearse,fight
forge,forge
palomo,pigeon
vómitos,vomiting
trajeras,you would bring
superiora,superior
sacarás,you will get
quitarán,they will remove
trizas,shreds
mantuviste,you maintained
llamándote,calling you
wilde,wilde
vern,vern
dedican,dedicate
agrícola,agricultural
escapen,escape
resista,resist
imaginaria,imaginary
aliada,ally
carretilla,forklift truck
pinos,pine trees
neelix,neelix
peluda,hairy
gastas,you spend
cajita,small box
escúpelo,spit it out
exigen,they demand
recompensado,rewarded
alejas,you move away
farmer,farmer
jerri,jerri
miraron,they looked
gaviota,seagull
frambuesa,raspberry
secret,secret
divorciaron,They divorced
bancarios,bankers
utilizaba,used
despertarás,you will awaken
ortografía,spelling
cagaste,You screwed up
prefiera,prefer
ídolos,idols
conectamos,we connect
rendiré,I will surrender
iqué,Ike
kalinda,Kalinda
preocupara,worried
madurado,matured
idealista,idealistic
eficacia,effectiveness
carmichael,Carmichael
instantes,moments
rodeando,surrounding
ciudadanía,citizenship
encierra,encloses
densa,dense
represión,repression
orquídea,orchid
llámale,call him
pudieses,could
refugiado,refugee
madriguera,burrow
devolviendo,returning
mamón,mammon
insistente,insistent
controlados,controlled
obvias,obvious
instagram,Instagram
olvidarla,forget her
pateado,kicked
leñador,woodcutter
sitúa,places
ámbito,scope
ritos,rites
violinista,violinist
perversa,perverse
moretti,Moretti
cubrirme,cover me
ejecuta,executes
bip,beep
townsend,townsend
strip,strip
platillos,dishes
vomito,vomit
sueldos,salaries
respondía,responded
daddy,daddy
preguntándose,wondering
recuperes,recover
inventos,inventions
bajarlo,lower it
recuperarme,recover
ilimitado,unlimited
quo,quo
votaron,they voted
tipa,type
calmarnos,calm down
raju,raju
adivinas,guess
mayas,Mayans
acostúmbrate,get used to it
franja,fringe
elmo,Elmo
equivocaron,They were wrong.
escalas,scales
rellena,filler
rechazas,you reject
producida,produced
aseguran,they assure
sisko,sisko
sócrates,Socrates
cuéntenos,Tell us
siniestra,sinister
ibais,you were going
suspense,suspense
bizcochos,sponge cakes
azotes,whippings
goldie,Goldie
eagle,eagle
cráneos,skulls
envuelve,wraps
déjese,leave
yorkshire,Yorkshire
sumas,sums
nauseas,nausea
emborracharse,get drunk
entenderte,understanding you
confiada,confident
diese,diese
retirando,withdrawing
rizos,curls
dedicaba,dedicated
dover,Dover
progresar,progress
propulsores,propulsion systems
concesiones,concessions
inevitablemente,inevitably
tememos,we fear
focas,seals
felicitar,congratulate
tragedias,tragedies
utilicé,I used
primario,primary
venderemos,we will sell
motocicletas,motorcycles
voltaje,voltage
capacitado,trained
abrirte,open yourself
obligarte,force you
preferible,preferable
misionero,missionary
quirúrgico,surgical
skywalker,skywalker
pararemos,we will stop
vu,vu
confundidos,confused
quiéres,want
colchones,mattresses
imponente,imposing
debatir,discuss
simbólico,symbolic
necesitarlo,need it
ignacio,Ignatius
pit,pit
viga,beam
subirlo,upload it
diferenciar,differentiate
reviso,I review
bailen,dance
audacia,audacity
porrista,cheerleader
cede,yields
oskar,Oskar
económicas,economic
muela,molar
juanita,Juanita
hurto,theft
boomer,boomer
tsunami,tsunami
reportando,reporting
rencores,grudges
tejer,weave
adoración,worship
residencial,residential
boxear,box
monumentos,sights
borrón,blot
halcones,falcons
luche,fight
tampa,Tampa
misha,misha
coñazo,pain in the ass
engañada,deceived
señalando,pointing
formato,format
científicamente,scientifically
pelearé,I will fight
inventamos,we invented
dejadle,leave him
intimidante,intimidating
desechable,disposable
centeno,rye
rowan,Rowan
catéter,catheter
cuestionando,questioning
blackjack,blackjack
vaginal,vaginal
interpretando,interpreting
directas,direct
trinity,Trinity
obligué,I forced
quemarlo,burn it
sabíais,did you know
glass,glass
limpiamos,We clean
regionales,regional
coreografía,choreography
confundí,I confused
adaptado,adapted
enrico,Enrico
putada,damn
eliminando,eliminating
gaviotas,seagulls
aseguradora,insurance
shalom,Shalom
status,status
sueñan,they dream
cautela,caution
pearce,Pearce
debieras,you should
prosiga,continue
tiroteos,shootings
invadiendo,invading
rohit,rohit
samba,samba
voté,I voted
adoptó,adopted
anoté,I wrote
tamabin,tamabin
genuina,genuine
detallada,detailed
practicamente,practically
esperarlo,wait for it
gustavo,Gustavo
concluyente,conclusive
patología,pathology
veer,see
bondadoso,kind
sentíamos,we felt
sobriedad,sobriety
liberará,will release
osama,osama
encantaban,I loved them
consultas,queries
interminables,endless
french,French
repercusiones,repercussions
prohibidas,prohibited
chuleta,chop
galerías,galleries
besarse,kissing
enviadas,sent
culito,little butt
estrangular,strangle
yay,yay
disfrazados,disguised
pistoleros,gunmen
tapado,covered
rapidito,quick
juramos,we swore
asistenta,assistant
anteayer,day before yesterday
hernia,hernia
larvas,larvae
mi6,mi6
atormentado,tormented
kowalski,kowalski
branch,branch
crown,Crown
discográfica,record label
quejar,complain
encerrarlo,lock him up
recomendaría,I would recommend
castigarte,punish you
maestras,teachers
enciéndelo,Turn it on
discapacitados,disabled
fusible,fuse
aeródromo,aerodrome
abono,pass
justificación,justification
ocean,ocean
retro,retro
delicadas,delicate
quemaste,you burned
retrasando,delaying
school,school
asegurando,ensuring
rinda,surrender
chakotay,chakotay
arrojaron,they threw
tajada,chop
reptil,reptile
caligrafía,calligraphy
brandi,brandy
académica,academic
presentaste,you presented
husmear,sniff
kiev,kyiv
crezcas,grow
pionero,pioneer
mann,man
obtendré,I will get
lupin,lupin
arrasar,raze
invitarnos,invite us
anarquista,anarchist
zorros,foxes
sectores,sectors
implicada,involved
arriesgamos,we risk
construiremos,we will build
gral.,general
aletas,fins
tercios,thirds
condecorado,decorated
oirte,hear you
livia,livia
díme,tell me
comportarme,behave
evadir,evade
bosnia,Bosnia
rudi,Rudi
astronomía,astronomy
picantes,spicy
acude,attend
hachís,hashish
mástil,mast
lejía,bleach
fugas,leaks
aplastada,crushed
sintonía,tuning
protegerle,protect him
desi,desi
engañarnos,deceive us
detección,detection
dijisteis,you said
cepa,strain
hornos,ovens
nothing,nothing
musulmana,Muslim
bali,Bali
lame,lick
jolly,jolly
mechero,lighter
sácale,take it out
cañerías,pipes
curarme,heal me
sentaremos,we will sit
socialismo,socialism
iraní,Iranian
barbería,barbershop
tru,tru
ganarán,they will win
cineasta,filmmaker
legendaria,legendary
deseabas,you wanted
pruebes,try
cómica,comic
chamán,shaman
comprobamos,we checked
circunstancial,circumstantial
comunicador,communicator
panfletos,pamphlets
estâ,this
agrade,thank you
naina,naina
moviéndote,moving
impensable,unthinkable
empezo,it began
serbios,Serbs
sostenía,maintained
nemo,Nemo
extradición,extradition
agradecértelo,Thank you.
enamorar,to fall in love
volvieran,return
fortalecer,strengthen
biberón,feeding bottle
admita,admit
imitando,imitating
progresado,progressed
cuneta,ditch
comprendemos,we understand
sácalos,take them out
saldrías,You would go out
disminuido,diminished
malloy,Malloy
proporcionado,provided
conjeturas,conjectures
bautizado,baptized
civilizados,civilized
rechazando,rejecting
alimentaria,food
anécdota,anecdote
encenderlo,turn it on
tecnológico,technological
pidamos,Let's ask
cómetelo,Eat it
around,around
continúo,continuous
jd,jd
rasgo,feature
refrán,saying
carnegie,Carnegie
rinden,yield
fumador,smoker
diestro,right
pilares,pillars
janis,Janis
obligaste,you forced
fijación,fixation
q.,q.
relax,relax
devolverla,return it
despiertan,wake up
chicles,chewing gum
arrancarle,tear it off
intimidación,intimidation
mojadas,wet
quitarlo,remove it
arrastrándose,crawling
dependerá,It will depend
levantaron,they lifted
compensa,compensates
revisaron,they reviewed
lamar,Lamar
pedal,pedal
contratan,hire
santana,Santana
fingí,I pretended
fielding,fielding
escobar,Escobar
gang,gang
diálisis,dialysis
bellamy,Bellamy
enviarlos,send them
lré,I will
delaware,Delaware
trabajito,little job
creativos,creatives
recibida,received
envio,shipment
giulio,Giulio
hook,hook
vibrador,vibrator
recorre,tour
aziz,aziz
aretes,earrings
talyn,talyn
lukas,lukas
nerviosas,nervous
simultáneamente,simultaneously
evite,avoid
juveniles,youth
sketch,sketch
graduarme,graduate
institutriz,governess
volverían,would return
abc,abc
visibilidad,visibility
llévelo,Take it
destiny,destiny
co2,CO2
henrietta,Henrietta
quemamos,we burn
uss,uss
reabrir,reopen
papilla,porridge
boogie,boogie
ruthie,Ruthie
apostarlo,bet it
jock,jock
trampolín,trampoline
complejidad,complexity
considerablemente,considerably
erróneo,wrong
aerosol,aerosol
filtró,filter
titanio,titanium
supuso,it meant
gate,gate
cajera,cashier
encubiertos,undercover
pelar,peel
watkins,Watkins
traerles,bring them
ceja,eyebrow
mellizos,twins
cruceros,cruises
llámalos,call them
diseñadora,designer
escucharía,I would listen
albedrío,will
ever,ever
diluvio,flood
rosalie,Rosalie
oxigeno,oxygen
aterra,terrifying
agresividad,aggressiveness
loki,Loki
gráfica,graph
solterona,spinster
tú-,you-
emery,Emery
errado,wrong
fanfarrón,braggart
hazmerreír,laughing stock
tráiganme,bring me
chic,chic
heroísmo,heroism
eslogan,slogan
circulando,circulating
retenerlo,retain it
optimus,Optimus
paño,cloth
enoje,anger
delirante,delirious
compartirla,share it
pensarían,they would think
canyon,canyon
obligando,forcing
inapropiada,inappropriate
patel,patel
lastimarla,hurt her
envueltos,wrapped
bradshaw,Bradshaw
ignición,ignition
ingresado,joined
puzzle,puzzle
compensaré,I will compensate
reducida,reduced
fda,FDA
emisario,emissary
vuelas,you fly
amish,Amish
aparezco,I appear
rieron,They laughed
causaron,caused
anulado,canceled
enamorarte,fall in love
alcoholismo,alcoholism
hélice,propeller
descargando,downloading
captain,captain
apodos,nicknames
presagio,omen
sparky,sparky
alteró,altered
zo,zo
saludando,greeting
colton,Colton
langston,Langston
reían,They laughed
vencerlo,defeat him
perfumes,perfumes
mirarle,look at him
tinte,dye
enamoramos,we fell in love
respetuosamente,respectfully
registraron,registered
galileo,Galileo
cannabis,cannabis
amistosos,friendly matches
hye,hye
estropearlo,spoil it
tyr,tyr
camp,camp
yeti,Yeti
protegió,protected
simpáticos,friendly
leyera,read
tímidos,shy
ajena,someone else
caín,Cain
maduros,mature
vomité,I vomited
escasos,scarce
carnal,carnal
investigacion,investigation
tablón,plank
dei,dei
inglesas,English
cerrarlo,close it
arrestando,arresting
dedicarme,dedicate myself
bastaba,that was enough
coeficiente,coefficient
víveres,food supplies
registrarse,register
quejado,complained
sentimentales,sentimental
solicité,I requested
escocesa,Scottish
herbie,Herbie
claxon,horn
still,still
teatros,theaters
atletismo,athletics
scottie,Scottie
mandaba,commanded
siervos,servants
tropezar,encounter
despertaba,waking up
asombrosas,amazing
versalles,Versailles
vasija,vessel
pagano,pagan
conservación,conservation
johns,johns
fabulosos,fabulous
consuela,consoles
goteo,drip
canté,I sang
chupitos,shots
rochester,Rochester
provocan,cause
giulia,Giulia
vasta,vast
llegarías,you would arrive
walton,Walton
empezad,begin
indestructible,indestructible
cubículo,cubicle
cojonudo,awesome
staten,staten
adelantó,advancement
muller,Muller
alegato,allegation
pidiéndole,asking him
bronson,Bronson
ejemplares,specimens
aspira,aspires
aleatorio,random
rue,rue
interrumpimos,we interrupt
relatos,stories
cumplimos,We fulfilled
teman,fear
dimelo,Tell me
marcello,Marcello
imita,imita
juraste,you swore
lego,Lego
rescatarme,rescue me
sands,sands
clavícula,clavicle
abandonará,will abandon
condenaron,condemned
prendido,turned on
ponlas,put them
decírnoslo,tell us
persa,Persian
joss,joss
apostamos,we bet
partidarios,supporters
must,must
ancianas,elderly women
vietnamita,Vietnamese
al-qaeda,al-qaeda
recargar,recharge
than,than
agricultor,farmer
vegetación,vegetation
producciones,productions
dogs,dogs
neural,neural
hámster,hamster
graduados,graduates
carbohidratos,carbohydrates
comparando,comparing
mesita,small table
brócoli,broccoli
correas,straps
traeme,bring me
espacio-tiempo,spacetime
baylor,Baylor
afirmó,he stated
trasto,junk
frida,Frida
adi,adi
teclas,keys
destruirnos,destroy us
ocultarme,hide
terrícolas,Earthlings
muerden,They bite
rocket,rocket
todoterreno,off-road vehicle
gorrión,sparrow
lujos,luxuries
considerarse,to be considered
mios,mine
asumido,taken
lavas,lavas
escoges,you choose
maldiciones,curses
sali,I left
implicados,involved
rapto,rapture
lastre,ballast
ardor,burning
nombro,I name
abusó,abuse
clérigo,cleric
chucho,mutt
arqueólogos,archaeologists
anguila,eel
uau,wow
martine,martine
dream,dream
diseñadores,designers
respondieron,they responded
cómodamente,comfortably
heller,heller
enredado,tangled
burnett,Burnett
acierto,success
comun,common
primordial,primordial
manipulador,manipulator
lamb,lamb
trasladó,transfer
períodos,periods
ocurrio,occurred
embarcar,embark
benefactor,benefactor
embarcación,vessel
cabrona,bitch
disparara,shoot
participa,participate
lisbeth,Lisbeth
lanzada,launched
calmará,will calm
dormiremos,we will sleep
susurros,whispers
bipolar,bipolar
travesti,transvestite
blade,blade
dolar,dollar
convenza,convince
andabas,you were walking
restringido,restricted
limitar,limit
motors,motors
romperme,break me
prentiss,prentiss
atrevió,dared
antimateria,antimatter
cilindros,cylinders
efectivos,effective
horóscopo,horoscope
lavaré,I will wash
matrículas,registrations
sanjay,sanjay
robaría,would steal
verja,gate
activación,activation
patrullar,patrol
sheffield,Sheffield
budín,pudding
relaje,relax
cháchara,chatter
espectaculares,spectacular
entusiasma,enthusiastic
maquinas,machines
lave,wash
acordes,chords
trompetas,trumpets
atacaste,you attacked
elsie,elsie
perseguidos,persecuted
desilusión,disappointment
niegues,deny
legislación,legislation
silbar,whistle
resultando,resulting
fallido,failed
om,om
edimburgo,Edinburgh
apagando,turning off
fisk,Fisk
democrática,democratic
daña,damages
devastada,devastated
automovilístico,motoring
caerme,fall
sepáis,know
apostó,bet
rejilla,rack
orificio,orifice
temeroso,fearful
afrontarlo,face it
moví,I moved
legiones,legions
naipes,playing cards
insultes,insults
insulta,insults
párpados,eyelids
consiguiente,consequent
límpiate,clean yourself
derretido,melted
abominable,abominable
tráenos,bring us
brinda,provides
recobrar,recover
trazar,draw
capturamos,we captured
porciones,portions
silba,whistles
acostumbraba,used to
cortez,cortez
escapas,escapes
anduvo,walked
analogía,analogy
vasco,Basque
pillamos,we caught
apareamiento,mating
almacenar,store
juntarnos,get together
perdonamos,we forgive
wanna,wanna
forrester,forrester
ingrato,ungrateful
temí,I was afraid
esperarán,they will wait
queríais,you wanted
retrasó,delay
dempsey,Dempsey
adoptivos,adoptive
éter,ether
hermes,Hermes
llevarían,they would carry
preciada,precious
escuadrones,squadrons
cuéntales,tell them
revuelo,commotion
fertilizante,fertilizer
estilista,stylist
novelista,novelist
fair,fair
involucre,involve
fortunas,fortunes
paparazzi,paparazzi
gluten,gluten
o.j.,o.j.
nigeria,Nigeria
deducción,deduction
astillero,shipyard
y.,and.
convocar,convene
oooh,oooh
separarme,separate
oigamos,Let's hear
faciales,facials
otorga,grants
comenzarán,will begin
gritaré,I will shout
érase,once upon a time
recemos,Let us pray
mahoma,Muhammad
dependía,it depended
gobernadora,governor
trastos,junk
dra,Dr.
raina,quena
altavoces,speakers
ping-pong,ping-pong
plural,plural
television,television
tristan,Tristan
provenza,Provence
viéramos,we would see
inservible,useless
mega,mega
z.,z.
pd,P.S
panecillo,roll
atf,atf
planchar,iron
critica,criticism
amará,will love
whit,with
congeladas,frozen
restablecer,restore
óyeme,Listen to me
sunshine,sunshine
mamadas,blowjobs
rainbow,rainbow
termitas,termites
impenetrable,impenetrable
sirvieron,they served
concluye,concludes
meteoro,meteor
gramática,grammar
pastos,pastures
corbett,Corbett
apoderó,seized
enfocado,focused
involucró,involved
quietas,still
olvidarán,they will forget
conciente,conscious
fluyendo,flowing
sari,sari
hambruna,famine
tampones,tampons
comentado,commented
chivato,snitch
clarice,Clarice
colaboradores,collaborators
humos,smokes
expande,expands
rumania,Romania
locomotora,locomotive
camionetas,pickup trucks
volviese,returned
thorpe,Thorpe
robertson,Robertson
god,God
rezamos,we pray
gregor,Gregor
escurridizo,elusive
hallazgos,findings
abanico,fan
lexie,Lexie
destacar,stand out
jeffries,Jeffries
pascuas,Easter
bonaparte,Bonaparte
investigaré,I will investigate
sostenido,sustained
brutales,brutal
malvaviscos,marshmallows
encajo,lace
hipócritas,hypocrites
pimientos,peppers
recordemos,Let us remember
wentworth,Wentworth
evitará,will avoid
descansaré,I will rest
tripulantes,crew members
masterson,Masterson
kenzi,Kenzi
mossad,Mossad
c.oper,c.oper
proverbio,proverb
saltaste,you jumped
heredé,I inherited
cruzo,I cross
firmen,sign
cualificado,skilled
afeitarme,shave
sacad,take out
desolado,bleak
javi,Javi
lucro,profit
domésticos,domestic
hipódromo,racecourse
relacionarse,be related
griten,shout
estropea,spoils
valentino,Valentino
centinelas,sentinels
aloha,aloha
corrieron,they ran
básquetbol,basketball
trufas,truffles
meticuloso,meticulous
acariciar,stroke
incierto,uncertain
albuquerque,Albuquerque
françoise,Françoise
portar,carry
desátame,untie me
suponemos,we assume
torturando,torturing
anuales,annual
acompañó,accompanied
rapero,rapper
inhalador,inhaler
hero,hero
prevención,prevention
abrazando,embracing
suda,sweats
introducido,inserted
ostra,oyster
atendió,attended
quijote,Quixote
calcula,calculate
nassau,Nassau
steel,steel
voltea,turn over
arriesgué,I risked
holandeses,Dutch
insensato,senseless
votan,vote
caravanas,caravans
hendricks,hendricks
criadas,maids
encantaria,I would love to
informarles,inform them
gonorrea,gonorrhea
quedémonos,Let's stay
perjudicar,harm
saldo,balance
pal,pal
gastarlo,spend it
patearte,kick you
finjo,I pretend
traigamos,Let's bring
garcia,Garcia
pritchard,Pritchard
variación,variation
pidiéndome,asking me
destruirán,will destroy
mm.,mm.
álgebra,algebra
justificado,justified
lloraste,You cried
stock,stock
escogieron,they chose
maw,maw
gánster,gangster
lechero,dairy
waffles,waffles
espartaco,Spartacus
sgto,sergeant
acantilados,cliffs
cambiarle,change it
adelanta,ahead
apurada,hurried
argh,argh
paralizada,paralyzed
establecida,established
suzette,Suzette
seguirlos,follow them
chocado,crashed
fitch,Fitch
galactica,galactic
huya,run away
presuntuoso,presumptuous
mirándolo,looking at him
ámame,love me
desagradecido,ungrateful
wook,wook
tiendo,I tend
soltarme,let go
condenadamente,damned
culpan,blame
besarnos,kissing
aplazamiento,postponement
nadador,swimmer
apures,hurry
medina,Medina
aclaremos,Let's clarify
repugnantes,disgusting
averiado,broken
restante,remaining
intimidado,intimidated
usher,usher
exitosos,successful
geum,geom
ton,ton
salina,saline
leopold,Leopold
vayanse,go away
cloro,chlorine
agh,agh
disturbio,riot
municipio,municipality
infinitas,infinite
padece,suffers
louvre,Louvre
amanezca,dawn
líquida,liquid
lutz,Lutz
apetecía,I wanted it
bajarse,get off
hallada,found
daneses,Danes
kyoto,Kyoto
impone,imposes
huey,Huey
colorido,colorful
seleccionar,select
acusarlo,accuse him
álvarez,Álvarez
shyam,shyam
indignación,indignation
cazan,hunt
escarlata,scarlet
ansia,craving
averigüen,find out
egoista,selfish
faltaría,would be missing
akira,Akira
rhode,Rhode
bastar,be enough
atracar,dock
cbs,CBS
grandiosos,magnificent
gaza,loop
sésamo,sesame
limpiaba,cleaned
radiología,radiology
tolero,I tolerate
probada,tested
masturbación,masturbation
descubramos,Let's discover
aptitud,fitness
murallas,walls
pareciendo,seeming
moverla,move it
expresarse,express
adoptiva,adoptive
libia,Libya
asaltante,raider
reclamación,claim
russel,Russell
osado,daring
lafayette,Lafayette
vergonzosa,shameful
imploro,I implore
oak,oak
greenwich,Greenwich
utilizas,you use
jardin,garden
asombrosos,amazing
tino,Tino
meteremos,we'll put
escarabajos,beetles
seguirnos,follow us
emborrachó,got drunk
fury,fury
pickles,pickles
smitty,smitty
arrastrarme,drag me
apoyas,support
incompleto,incomplete
cotidiana,daily
escapes,escapes
champiñones,mushrooms
albany,Albany
bohannon,Bohannon
atacarnos,attack us
zapatero,shoemaker
pasha,pasha
ganarlo,win it
demuéstralo,Prove it
expensas,expenses
aprenderán,they will learn
publicaciones,publications
animarte,cheer up
desactivado,deactivated
compuesta,composed
gritaban,they were shouting
ocúpese,take care of it
acordeón,accordion
retiran,withdraw
asustarlo,scare him
inundado,awash
codificado,encoded
hubieramos,we would have
hallarlo,find it
cargarlo,load it
bocetos,sketches
estratégico,strategic
follón,mess
asher,Asher
ciegamente,blindly
actualizar,update
uniré,I will join
beat,beat
schneider,Schneider
recordaste,did you remember
helga,Helga
avestruz,ostrich
púbico,pubic
meterás,you will put
estuviesen,were
camion,truck
aspiraciones,aspirations
negociador,negotiator
cumplan,comply
rosquilla,bagel
embajadores,ambassadors
cop,cop
descubriré,I will discover
lowe,lowe
entretanto,meantime
hardware,hardware
derrumba,collapses
destruirte,destroy you
lassiter,lassiter
jakob,Jakob
descendiendo,descending
parachoques,bumper
arreglármelas,manage
sentaría,would sit
lncluso,even
cuéntaselo,tell him
primarias,primary
kill,kill
misty,misty
robyn,Robyn
sumar,add
doreen,Doreen
sobreviviste,You survived
beberemos,we will drink
elka,elka
avisas,you notify
asedio,siege
insultarme,insult me
insistido,insisted
percibe,perceives
secretaría,secretariat
oirás,you will hear
willa,willa
equivoques,make mistakes
ebrios,drunks
ramsay,Ramsay
visón,mink
spot,spot
intocable,untouchable
macarthur,MacArthur
sexi,sexy
culturales,cultural
fingido,pretended
uniformados,uniformed
joaquín,Joaquín
kwon,kwon
brother,brother
bizarro,gallant
concubina,concubine
centenares,hundreds
soportaría,would withstand
kovac,Kovac
afilados,sharpened
impune,unpunished
alphonse,Alphonse
through,through
aplasta,crushes
volvere,I will return
waldo,Waldo
recogen,collect
desaparecerán,will disappear
desprecia,despises
mets,mets
estatuto,statute
solucionaremos,we will solve
ciruela,plum
gimiendo,moaning
valencia,Valencia
repisa,shelf
kelvin,Kelvin
calculadora,calculator
prestarle,lend him
autopsias,autopsies
retiraré,I will withdraw
reúnanse,meet
bache,bump
bolivia,Bolivia
licorería,liquor store
berg,berg
nirvana,nirvana
k9,k9
asimilar,assimilate
inhala,inhale
ateo,atheist
inseparables,inseparable
organizados,organized
presentada,presented
costosa,expensive
sudoeste,southwest
camden,Camden
tortolitos,lovebirds
esconda,hide
callarme,to shut up
desearia,I would like
recoges,you pick up
posteriores,later
tratabas,you were trying
ocaso,sunset
belfast,Belfast
constituye,constitutes
talia,Talia
sentirnos,feel
corderos,lambs
rogamos,we beg
especular,speculate
TRUE,TRUE
permanentes,permanent
abrazó,hug
mantel,tablecloth
oval,oval
chalado,crazy
redujo,reduced
despertarla,wake her up
numerito,little number
atrapemos,Let's catch
lunáticos,lunatics
ayudemos,Let's help
doblando,folding
cisnes,swans
plásticos,plastics
oruga,caterpillar
maleza,undergrowth
find,find
rudos,rough
superaremos,we will overcome
stevenson,Stevenson
fabrican,manufacture
cuestionario,questionnaire
miralo,look at it
monedero,purse
holloway,Holloway
desafiando,challenging
metete,get in
excesivamente,excessively
burrows,burrows
kings,kings
compartiremos,we will share
loomis,Loomis
esmalte,enamel
firmamos,we signed
harrington,Harrington
obtendremos,we will obtain
insultando,insulting
primicia,scoop
migraña,migraine
izzie,Izzie
tallo,stem
llamaran,they will call
reúnan,gather
caricatura,cartoon
peleaban,they were fighting
pelotudo,idiot
exámen,exam
andate,go away
odin,Odin
inseguridad,insecurity
retiré,I withdrew
amparo,protection
amarás,you will love
atacarme,attack me
meera,meera
fugó,escaped
avanzadas,advanced
shogun,shogun
derramada,spilled
impulsa,drives
mandará,will send
diabólica,diabolical
imperativo,imperative
voltear,flip
plataformas,platforms
suela,sole
pilotar,pilot
mártires,martyrs
himmler,Himmler
conocería,would know
enfrentará,will face
callejones,alleyways
conductora,driver
nicotina,nicotine
pedestal,pedestal
imprescindible,essential
soltando,letting go
cogía,grabbed
sameer,sameer
giovanna,Giovanna
yugoslavia,Yugoslavia
óscar,Oscar
tóxica,toxic
aja,aha
goodwin,goodwin
alocado,crazy
enamoran,fall in love
dispararía,would shoot
tarzan,Tarzan
clarissa,Clarissa
dirigirme,address
resueltos,resolved
grandulón,big guy
clanes,clans
opcion,option
cubrimos,we cover
echarás,you will throw
controlaba,controlled
prometidos,engaged
literario,literary
kapoor,Kapoor
caerás,you will fall
baches,potholes
spaghetti,spaghetti
estadística,statistics
damasco,Damascus
primogénito,firstborn
lastimarlo,hurt him
confundas,confuse
filmó,filmed
golpiza,beating
identificaron,identified
robusto,robust
hera,Hera
receptores,receptors
iréis,you will go
pónganlo,put it on
cuidé,I took care
terminarla,finish it
fergus,Fergus
alexei,Alexei
eludir,avoid
arriesgada,risky
cantos,songs
dicta,dicta
jez,jez
despedirlo,fire him
víboras,vipers
consentido,spoiled
desilusionado,disappointed
ade,ade
declararon,they declared
aang,Aang
fuck,fuck
oirán,they will hear
médium,medium
caucho,rubber
páralo,stop it
detendría,would stop
kilometros,kilometers
morirte,die
llovía,It was raining
groot,Groot
esperaras,you will wait
activistas,activists
compadezco,I pity
mordedura,bite
creedme,Believe me
gamberro,thug
arpa,harp
fósil,fossil
dureza,hardness
coyotes,coyotes
proyectiles,projectiles
mojados,wet
calmante,soothing
eliminó,eliminated
herí,I hurt
drogados,drugged
fémur,femur
cuántico,quantum
bolera,bowling alley
lockwood,Lockwood
acostumbrarte,get used to it
mentimos,We lied
reventado,burst
torcida,crooked
conviertan,convert
pincel,brush
bajara,will go down
importarte,important
planificar,plan
cavanaugh,Cavanaugh
alejé,I moved away
camboya,Cambodia
dásela,Give it to her
gubernamentales,governmental
cid,cid
acostarnos,go to bed
tenlo,have it
trámites,formalities
híbridos,hybrids
contestan,they answer
rasguños,scratches
publicarlo,publish it
distintivo,distinctive
odín,Odin
fei,fe
pasajera,passenger
identificados,identified
ignoras,you ignore
sancho,sancho
gibbons,Gibbons
barkley,barkley
politica,policy
maduras,ripe
mantendrás,you will maintain
suecos,Swedes
rezado,prayed
holandesa,Dutch
luchen,fight
cabecita,little head
transportado,transported
arlene,Arlene
picadura,sting
oremos,Let us pray
resplandeciente,resplendent
desearte,wishing you
jugará,will play
títeres,puppetry
quemen,burn
ayúdalo,help him
acorralado,cornered
escuadra,squad
decidiendo,deciding
innecesaria,unnecessary
tong,tong
recogieron,they collected
saigón,Saigon
avisaste,you warned
sencillos,simple
jugabas,you played
dela,of the
arrepentirse,regret
insaciable,insatiable
laser,laser
muletas,crutches
fong,fong
annabel,Annabel
pasadizo,passage
interesará,will be of interest
put,put
destruirme,destroy me
nulo,null
estrechar,narrow
florece,bloom
marcadores,markers
reciclaje,recycling
esculturas,sculptures
presentarnos,introduce ourselves
irma,Irma
arriesgarte,take the risk
karina,Karina
empezarás,you will begin
mezclada,mixed
duval,Duval
telegramas,telegrams
coqueteo,flirtation
cabañas,cabins
browning,browning
documentales,documentaries
penitenciaría,penitentiary
renacer,be reborn
registramos,we record
akallabeth,akallabeth
merecían,they deserved
respiratorio,respiratory
despertaré,I will wake up
colocamos,we placed
pack,pack
nidos,nests
retirarnos,withdraw
divorció,divorce
néctar,nectar
amenazarme,threaten me
hubble,Hubble
culpe,blame
comparta,share
today,today
ashton,Ashton
odette,Odette
memorizar,memorize
abrirle,open it
glóbulos,blood cells
payne,payne
escroto,scrotum
incomparable,incomparable
dpto.,dept.
viñedo,vineyard
observamos,we observe
ventricular,ventricular
materias,subjects
salude,greetings
cuadernos,notebooks
enseñaremos,we will teach
largate,get out
adorada,beloved
detecta,detects
evolucionar,evolve
ojitos,little eyes
juice,juice
recupero,recovery
tiraría,I would throw
pepsi,Pepsi
made,made
egan,egan
cuidarnos,taking care of ourselves
describen,describe
goles,goals
biff,biff
quirúrgica,surgical
be1,be1
reclusos,inmates
gachas,gruel
oops,oops
alertar,alert
detergente,detergent
probará,will try
andado,walked
malasia,Malaysia
annika,Annika
proponiendo,proposing
votamos,we voted
ahumado,smoked
filtrado,filtered
jodí,I fucked up
tomaban,they were taking
france,France
hold,hold
aviador,aviator
rosita,Rosita
perturbada,disturbed
entrenó,trained
inclínate,bend down
pícaro,rogue
apio,celery
lucinda,Lucinda
arrepienta,repent
secador,dryer
suspende,suspends
decídete,make up your mind
fricción,friction
emblema,emblem
sres,Mr
malla,mesh
alquitrán,tar
cruzas,crosses
suman,add up
monólogo,monologue
infante,infant
quemadas,burns
ku,ku
distantes,distant
sparks,sparks
canada,Canada
insinuaciones,advances
confinamiento,lockdown
estafar,cheat
melodías,melodies
cordial,cordial
bisexual,bisexual
mojo,mojo
cambiada,changed
batidos,smoothies
visteis,you saw
suplemento,supplement
contestando,answering
gasa,chiffon
rían,laugh
inimaginable,unimaginable
persuasión,persuasion
traumas,traumas
quedáis,you remain
mind,mind
invitarle,invite him
quedare,I will stay
cj,cj
divorciando,divorcing
subestimado,underrated
intrigado,intrigued
avispas,wasps
procedente,originating
quejes,complaints
tomalo,take it
complejas,complex
síguelo,follow him
sórdido,sordid
feroces,ferocious
anochezca,night falls
dulcemente,sweetly
skype,Skype
mátenlos,kill them
qaeda,qaeda
desatar,untie
patito,duckling
renato,Renato
llanura,plain
esforzarte,strive
agárrala,grab it
aprietas,You squeeze
óvulos,eggs
podra,will be able to
aseguramos,We assure
ayudándome,helping me
noruego,Norwegian
pidio,he asked
pleito,lawsuit
maligna,maligna
listado,list
bitcoin,bitcoin
agradezca,thank you
herirme,hurt me
mansfield,Mansfield
hilarante,hilarious
llanuras,plains
vikingo,viking
trompa,trunk
prestamista,lender
contradicción,contradiction
idol,idol
latigazos,whippings
ue,EU
importación,import
unirán,will unite
always,always
patólogo,pathologist
contraer,contract
separen,separate
transmitido,transmitted
nottingham,Nottingham
blanquito,little white boy
epilepsia,epilepsy
olido,smelled
compensarte,compensate you
giacomo,Giacomo
guillaume,Guillaume
lirios,lilies
culpó,blamed
conan,Conan
convirtiéndose,becoming
cômo,as
continuidad,continuity
mg,mg
llamarían,they would call
conservado,conserved
hui,fled
jeanette,Jeanette
ghetto,ghetto
vigas,beams
presionas,you press
gunn,gunn
pegaré,I will stick
psicológicamente,psychologically
boliche,jack
convertirla,convert it
yoda,Yoda
every,every
resume,summary
probarte,try it
salvos,safe
generosamente,generously
graduarse,graduate
copita,glass
anden,platform
shah,shah
thad,thad
constelación,constellation
basadas,based
auge,boom
desarmar,disarm
convertible,convertible
faja,wad of bills
lexington,Lexington
musculoso,muscular
enséñeme,teach me
devolvemos,we return
afloja,loosens
siéntase,sit down
surgieron,emerged
sulu,sulu
postor,bidder
hipopótamo,hippo
sabado,Saturday
silueta,silhouette
sandro,Sandro
afro,afro
waterloo,waterloo
quilates,carats
dara,will give
vigilo,I watch
combustión,combustion
derrotó,defeated
avergonzando,embarrassing
suzuki,Suzuki
arlo,arlo
lagartos,lizards
sacudió,shook
caníbales,cannibals
pídeme,ask me
solista,soloist
corrupta,corrupt
chamberlain,chamberlain
jumbo,jumbo
controlarla,control it
meado,pee
secuaces,henchmen
almorzando,having lunch
devolvieron,they returned
tak,tak
ipad,iPad
neela,Neela
beirut,Beirut
tolerante,tolerant
repuestos,spare parts
háblanos,talk to us
acertijos,riddles
soñó,dreamed
clarkson,Clarkson
devolvérselo,return it
ronca,snores
desperdicies,waste
caterina,Caterina
risotto,risotto
raf,Raf
volviéndose,turning
terrance,Terrance
mi5,e5
requerido,requested
peras,pears
constitucional,constitutional
suertes,good luck
involucres,involve
goteando,dripping
uganda,Uganda
manejó,management
channel,channel
ortiz,Ortiz
llevémoslo,Let's take it
dorsal,dorsal
calder,boiler
preparaste,you prepared
tráelos,bring them
estruendo,noise
adelaide,Adelaide
fume,smoke
comendador,commander
encrucijada,crossroads
adoras,you adore
llámanos,Call us
mataban,they killed
protegía,protected
brando,Brando
cahill,Cahill
delgadas,thin
caían,they were falling
colgarán,they will hang
vendremos,we will come
caeré,I will fall
nerón,Nero
pitando,whistling
contaremos,we will tell
ampliamente,widely
ampolla,blister
twist,twist
colgaron,they hung up
despediste,you said goodbye
termómetro,thermometer
esparcir,spread
cold,cold
gema,gem
ml,ml
discapacitado,disabled
aisha,Aisha
sospechosas,suspicious
someterse,undergo
peabody,Peabody
repertorio,repertoire
lleváoslo,Take it away
polilla,moth
escribirá,will write
anticristo,Antichrist
agradaría,would like
inadmisible,inadmissible
genevieve,Genevieve
klara,Klara
afeminado,effeminate
grilletes,shackles
interfaz,interface
deposito,deposit
tandy,tandy
dinámico,dynamic
honolulu,Honolulu
aerolíneas,airlines
mestizo,mestizo
montas,mounts
soles,suns
johannes,Johannes
otorgado,granted
conservatorio,conservatory
agotamiento,exhaustion
dormirte,fall asleep
golpeamos,we hit
sabiamente,wisely
pasarnos,pass us
mercader,merchant
leemos,we read
aston,aston
justas,fairs
plantilla,template
hernández,Hernandez
dése,give
chal,shawl
entrevistado,interviewee
respiras,you breathe
testificó,testified
diálogos,dialogues
caben,fit
supergirl,Supergirl
insultó,insult
disfrutó,enjoyed
divirtiéndose,having fun
hallo,Hello
chávez,Chávez
socialistas,socialists
pulir,polish
resistas,resist
dialecto,dialect
guardacostas,coastguard
lacrosse,lacrosse
cáliz,chalice
lavaplatos,dishwasher
pulsa,press
enjambre,swarm
robara,would steal
apoderado,proxy
venida,coming
credito,credit
mandaremos,we will send
sintiéndome,feeling
profecías,prophecies
clancy,Clancy
emilia,Emilia
adrede,deliberate
deshonrado,dishonor
recesión,recession
malísimo,lousy
chapa,sheet
formada,formed
treta,ruse
arruino,ruin
arregles,arrangements
torero,bullfighter
boceto,sketch
rarito,weirdo
carcelero,jailer
entiéndelo,Understand it
jacobo,Jacob
eufemismo,euphemism
curando,healing
posees,you possess
registren,register
psicológicos,psychological
rally,rally
fijaos,look
estimular,stimulate
consideren,consider
burdeos,Bordeaux
cerebrito,brainiac
resta,subtraction
judio,Jew
cortará,will cut
alijo,stash
renata,Renata
sexista,sexist
lucrezia,Lucrezia
ela,she
caminemos,Let's walk
estropees,spoil
atraparla,catch her
burlado,mocked
despeja,clear
custodio,custodian
schiller,Schiller
tyrone,Tyrone
medicinal,medicinal
pelé,Pelé
moderación,moderation
colocaron,they placed
pj,pj
starr,starr
bañar,bathe
telaraña,web
balazos,gunshots
presionó,pressed
manuela,Manuela
desarrollan,develop
nato,born
causaste,you caused
oponerse,object
lléveselo,Take it away
montura,mount
anfetaminas,amphetamines
cooperando,cooperating
remitente,sender
bajaste,you went down
firmarlo,sign it
acosado,harassed
informen,report
moverá,will move
quitaría,would remove
diminutos,tiny
planearon,they planned
dodd,dodd
casablanca,Casablanca
pásate,come by
heladas,frosts
pilates,pilates
usaras,you will use
shik,shik
juárez,Juárez
cappie,cappie
cumplía,fulfilled
gear,gear
hutch,Hutch
avisen,notify
moras,blackberries
llavero,key ring
enseñara,would teach
teo,theo
supuestos,assumptions
riesgoso,risky
dejala,Leave her alone
bertram,bertram
insuficiente,insufficient
tocaban,they were playing
transcurso,course
pican,they sting
cisterna,tank
mirará,will look
déjalas,leave them
llámelo,Call him
coincido,I agree
laborales,work
contribuciones,contributions
ciruelas,plums
predicciones,predictions
gaga,gaga
apuñalada,stabbed
ignoró,ignored
escondemos,we hide
ridley,Ridley
herald,herald
deletrea,spell
georgetown,Georgetown
editar,edit
acudido,attended
tírate,jump
bicarbonato,baking soda
luisiana,Louisiana
verifiqué,I checked
hawthorne,Hawthorne
hardison,Hardison
combatiendo,fighting
sato,sato
factible,feasible
mormones,Mormons
honorables,honorable
frazier,frazier
jessi,Jessi
volváis,come back
envoltorio,wrapper
literaria,literary
conspirando,conspiring
conyugal,conjugal
centrarse,focus
chrissy,Chrissy
poniéndome,putting me
denunciarlo,report it
dependencia,dependence
muramos,Let us die
harias,would you
podridos,rotten
compresión,compression
mundialmente,worldwide
encuéntrala,find it
guardaste,you saved
chopin,Chopin
palacios,palaces
torpes,clumsy
guapísimo,very handsome
ómnibus,bus
regalaron,they gave away
interestatal,interstate
asentamiento,settlement
amarrado,tied up
odessa,Odessa
sien,temple
marko,Marko
fastidiando,annoying
lister,Lister
limpian,clean
intervalo,interval
disimular,hide
cuadrilátero,ring
necesitando,needing
secado,drying
rie,laughs
cogerá,will take
sufrimientos,sufferings
mural,mural
acumulado,accumulated
esperadme,wait for me
lise,lise
cuatrocientos,four hundred
electromagnético,electromagnetic
janeiro,Janeiro
extremistas,extremists
enfocar,focus
repleta,full
expliques,explain
delilah,Delilah
guthrie,Guthrie
giselle,Giselle
argumentar,argue
heaven,heaven
descompuesto,decomposed
aflicción,affliction
resolví,I resolved
maqueta,model
agitando,waving
apuñalaron,stabbed
shankar,shankar
five,five
snyder,snyder
desobedecer,disobey
oslo,Oslo
cornelius,Cornelius
ladera,hillside
falto,short
metabolismo,metabolism
identificamos,we identify
roderick,Roderick
impresionados,impressed
quedártelo,keep it
dethklok,dethklok
cantes,sing
sospeché,I suspected
ellison,ellison
ganchos,hooks
philly,Philly
significas,you mean
intercambiamos,we exchange
encierran,enclose
académicos,academics
checa,Czech
punjab,Punjab
jacinta,Jacinta
mika,Mika
ignoraba,I didn't know
curt,curt
shaggy,shaggy
vigílalo,watch it
amargada,bitter
gentuza,scum
pediatría,pediatrics
any,any
dándoles,giving them
negociable,negotiable
cantor,singer
apesto,I stink
buy,buy
ocupé,I occupied
reluciente,shimmering
dispérsense,disperse
dedicamos,we dedicate
engordado,fattened
revelaciones,revelations
créelo,Believe it
sha,sha
averígualo,find out
cuenco,bowl
lejanas,distant
santiamén,trice
myung,Myung
estaran,they will be
ábrete,open up
pasional,passional
hojalata,tin
arce,maple
confunden,confuse
eliminamos,we eliminated
arrebatado,taken
distraerme,distract me
cubrirte,cover yourself
gregg,gregg
permitiremos,we will allow
penthouse,penthouse
starling,starling
fases,phases
autorizados,authorized
rizzo,rizzo
clemente,gracious
asustarnos,scare us
sírveme,serve me
temiendo,fearing
kimono,kimono
velatorio,wake
vengaré,I will avenge
extracto,extract
molestara,would bother
mónaco,Monaco
biológicas,biological
suizos,Swiss
rolls,rolls
heck,heck
atroces,atrocious
kemp,Kemp
activando,activating
torácica,thoracic
maui,Maui
aceptaba,accepted
sólidas,solid
riña,fight
intromisión,meddling
ligeros,lightweight
grotesco,grotesque
carburador,carburetor
desembarcar,land
bow,bow
flack,flak
prosperar,thrive
braddock,Braddock
kenia,Kenya
foa,foa
rafa,Rafa
regresaras,you will return
alentador,encouraging
tráiler,trailer
cerco,siege
tracey,Tracey
sintético,synthetic
coronado,crowned
interrupciones,interruptions
coloqué,I placed
calidez,warmth
asignada,assigned
escalando,climbing
upper,upper
moño,bun
casaras,Casaras
alcaldía,town hall
consenso,consensus
dependiera,depended
mathias,Mathias
interfiere,interferes
levantaos,stand up
vendan,sell
ermitaño,hermit
even,even
desconcertado,embarrassed
aloja,hosts
after,after
gérard,Gerard
acumulando,accumulating
llevarles,take them
dispuestas,ready
tarifas,rates
hechicera,sorceress
regulaciones,regulations
paterna,paternal
pertenecían,belonged
drummond,drummond
ratos,moments
ejecutando,running
rece,rece
apresurarnos,hurry
firmaron,signed
vomita,vomits
torturaron,tortured
forzaron,they forced
apunté,note
individualmente,individually
constantine,Constantine
mode,mode
forest,forest
incomprensible,incomprehensible
suplicando,begging
compartió,shared
espárragos,asparagus
mochilas,backpacks
tender,tend
guatemala,Guatemala
estorbo,hindrance
ayudarse,help each other
rugido,roar
delphine,Delphine
obstinada,obstinate
ándale,go ahead
mitsuko,Mitsuko
chalet,chalet
jehová,Jehovah
satisfactoria,satisfactory
key,key
hierve,boils
conoceremos,we will know
minera,mining
andi,andi
enciendes,you turn on
ábreme,open me
convivir,live together
wolfgang,Wolfgang
ahorcó,hanged
continuas,continuous
cauteloso,cautious
partirá,will leave
convencionales,conventional
movieron,they moved
wee,wee
res,beef
raphael,Raphael
registran,register
atlético,athletic
domiciliario,domiciliary
completada,completed
victorioso,victorious
limitados,limited
quemarse,burn
corramos,Let's run
force,force
entreno,training
inadecuado,inappropriate
aterrice,land
fisura,fissure
resolveré,I will resolve
story,story
nasales,nasal
inicie,start
sonreía,she smiled
pileta,sink
reconocida,recognized
encenderé,I will turn on
terrenal,earthly
conformo,I agree
colaborador,collaborator
espadachín,swordsman
malhumorado,moody
defraudado,disappointed
arroje,throw
knock,knock
focos,spotlights
diafragma,diaphragm
tomarlas,take them
sita,place
continuaba,continued
filtros,filters
knicks,Knicks
el-,he-
silenciador,muffler
riverside,riverside
vilma,Vilma
reí,I laughed
aviv,aviv
palmada,slap
odiosa,hateful
alejan,move away
interactuar,interact
deseable,desirable
healy,Heally
económicamente,economically
active,active
leerá,will read
gonzález,Gonzalez
carótida,carotid
hágale,do it
salvaría,would save
bojack,Bojack
myka,Myka
gayle,gayle
encontrarían,would find
armónica,harmonica
advertirles,warn them
arrepiente,repent
mako,mako
durazno,peach
abusando,abusing
hallan,find
acomodar,accommodate
averigües,find out
valorar,appreciate
detestable,detestable
calderas,boilers
falcon,falcon
enfriando,cooling
carrusel,carousel
libero,I free
florista,florist
respetamos,we respect
vogue,Vogue
dolan,Dolan
camareras,waitresses
dementes,demented
elaborar,elaborate
tratarte,treat you
malignos,malignant
dion,dion
soluciona,solves
proyecciones,projections
encargando,commissioning
milhouse,Milhouse
súbelo,Turn it up
forajidos,outlaws
dormirse,fall asleep
fresno,ash
lácteos,dairy
televisores,televisions
kincaid,kincaid
golpeados,beaten
resolvamos,Let's solve it
repetiré,I will repeat
repasando,reviewing
folla,fuck
capto,I capture
embarcadero,pier
blunt,blunt
patrullero,patrolman
carr,carr
pelearemos,we will fight
fria,cold
polares,polar
chillando,screaming
peleemos,Let's fight
moray,Moray
dent,dent
confundes,You confuse
rimmer,rimmer
medía,average
odisea,Odyssey
mantendrán,will maintain
bernstein,Bernstein
sayid,sayid
acecha,lurks
fosas,graves
tropicales,tropical
estaciona,park
mother,mother
termínala,finish it
panthers,panthers
reginald,Reginald
fastidiarme,annoy me
heterosexuales,heterosexuals
autora,author
jeanie,Jeanie
huimos,we fled
acompañarlo,accompany him
camioneros,truck drivers
encajaba,fit
tamaños,sizes
murmurando,murmuring
permitiera,would allow
pedi,I asked
presumo,I presume
deterioro,deterioration
caracteres,characters
clandestina,clandestine
farley,farley
corneta,cornet
anormales,abnormal
sobran,there are too many
escucharemos,we will listen
migajas,crumbs
alcántara,Alcántara
disminuyendo,decreasing
verbo,verb
dedicarse,dedicate
perdernos,get lost
manejaré,I will drive
cómodas,comfortable
cariñito,sweetheart
impactó,impact
raqueta,racket
ayúdale,help him
categorías,categories
georgina,Georgina
tests,tests
ocupen,occupy
cagas,you shit
galante,gallant
rygel,rygel
egipcia,Egyptian
notre,notre
conseguirlos,get them
revisaremos,we will review
fusilamiento,shooting
vació,empty
hostal,hostel
mandarín,Mandarin
met,met
imprudencia,imprudence
cuidarás,you will take care
fuman,They smoke
copos,flakes
tardaron,they took
mostrara,would show
traicionaría,would betray
casillas,boxes
gone,gone
contemplando,contemplating
salim,Salim
bosco,woods
medidor,meter
desarrollaron,developed
llevándose,taking
navarro,Navarrese
iphone,iPhone
crucen,cross
rolex,Rolex
combinaciones,combinations
vector,vector
estudie,study
subastas,auctions
irritado,irritated
integración,integration
nudista,nudist
enojas,you get angry
f.b.i.,f.b.i.
búsquedas,searches
dib,drawing
cuestiona,questions
pajaritos,little birds
ascensión,ascension
sumergido,submerged
addic7ed,addic7ed
realizan,they perform
estimulación,stimulation
antenas,antennas
barcaza,barge
weir,weir
emprender,undertake
view,view
atormenta,torments
into,into
cometidos,tasks
empeños,pawnshops
ritmos,rhythms
mediano,medium
lancen,launch
desertores,deserters
tatuado,tattooed
cortaba,cut
bedford,Bedford
estampida,stampede
sasuke,sasuke
averiguando,finding out
resistentes,resistant
jonás,Jonah
mean,mean
dividiremos,we will divide
querian,they wanted
cabalga,rides
paté,pâté
preguntarnos,ask us
innovación,innovation
astrónomos,astronomers
epoca,time
toga,toga
sen,sen
desnudez,nakedness
inconcebible,inconceivable
recolección,harvest
uh-uh,uh-uh
invade,invade
devota,devotee
alvarez,Alvarez
deshace,undoes
motociclistas,motorcyclists
sedantes,sedatives
lucrativo,lucrative
hyungnim,hyungnim
comían,They ate
corrimos,we ran
tocadiscos,turntable
deambulando,wandering
suprimir,delete
yvette,Yvette
turbulencia,turbulence
mudaré,I will move
conejita,bunny
cuestion,question
coartadas,alibis
entusiasmados,enthusiastic
billings,billings
basándonos,based on
desmayar,faint
esfuerza,strive
comisiones,commissions
grupal,group
kruger,Kruger
orgánicos,organic
atascó,jam
ayúdennos,help us
apresurado,hurried
macdonald,McDonald's
defensivas,defensive
hawkeye,Hawkeye
ce,EC
calmo,calm
cerrarla,close it
notaba,I noticed
rescatarte,rescue you
ladridos,barking
alden,alden
entrené,I trained
picadillo,hash
trastornos,disorders
compromete,commits
nochevieja,New Year's Eve
incompleta,incomplete
envíalo,send it
mckenzie,McKenzie
paxton,Paxton
raso,satin
separarlos,separate them
forro,lining
monster,monster
facciones,factions
parciales,partials
beige,beige
fusiles,rifles
respiratoria,respiratory
hauser,houser
quejaba,complained
escaparás,you will escape
taggart,taggart
bibliotecario,librarian
ain,ain
azote,scourge
defienda,defend
oculares,eyepieces
ferrocarriles,railways
farrow,Farrow
únanse,join
debilita,weakens
comprarlos,buy them
orgullosamente,proudly
futbolista,footballer
ballesta,crossbow
disfrutad,Enjoy
llevaros,take you
prematura,early
cabelludo,scalp
camaleón,chameleon
entendiera,understood
externos,external
baboso,slimy
kaiser,Kaiser
moby,Moby
ultravioleta,ultraviolet
muerda,bite
raptado,kidnapped
caerte,fall
exagera,exaggerates
rareza,rarity
bordado,embroidery
transformarse,turn
extendiendo,extending
cogida,caught
habláramos,we talked
arnés,harness
britt,britt
velero,sailboat
esposito,esposito
pe,pe
perseguimos,we pursue
mazel,Mazel
sugeriría,I would suggest
cosechar,harvest
investigo,I investigate
crowe,Crowe
capo,hood
implicaciones,implications
lucious,lucious
mouth,mouth
sacada,taken
presentara,will present
camilo,Camilo
corresponden,correspond
exterminador,exterminator
atkins,Atkins
matutino,morning
cocinaré,I will cook
lucius,Lucius
domino,domino
dalo,give it
recaída,relapse
days,days
conocerán,they will know
albañil,construction worker
enviarnos,send us
sosa,soda
gangster,gangster
ruidosos,noisy
subsidio,subsidy
oceano,ocean
cocine,cook
fotógrafa,photographer
dejadnos,leave us
gustamos,we like
familiarizada,familiar
ofrecía,offered
thank,Thank you
crucemos,Let's cross
tirantes,braces
sostienen,they maintain
mezclando,mixing
barbas,beards
aver,let's see
sedujo,seduced
toxicología,toxicology
rebekah,Rebekah
bateo,batting
enséñamelo,Show it to me
diabético,diabetic
sostienes,you maintain
manipuló,manipulated
milagrosamente,miraculously
enfadarme,get angry
sound,sound
manchada,stained
aconseja,advises
externas,external
vomitado,vomited
enid,Enid
venenosas,poisonous
conservadora,conservative
chakra,chakra
cortarse,cut
iraquí,Iraqi
crawley,crawley
evasivas,evasions
roque,Roque
conquistas,conquests
divididos,divided
fracasados,failures
picas,spades
sentia,I felt
involucradas,involved
superando,overcoming
echaran,they will throw
galope,gallop
aprovechan,take advantage
venderlas,sell them
disculpó,apologized
decepciona,disappoints
bíblico,biblical
urss,USSR
esperarse,be expected
marítimo,maritime
scofield,Scofield
limpiamente,cleanly
dodgers,Dodgers
variaciones,variations
ofrecimiento,offering
jodi,jodi
romanticismo,romanticism
dã,dã
cardassianos,Cardassians
arreglemos,Let's fix it
acuda,attend
carlitos,Carlitos
versus,versus
necesitada,needy
elixir,elixir
decorados,decorations
anfitriones,hosts
bebedor,drinker
distorsión,distortion
seinfeld,seinfeld
amigables,friendly
interrumpe,interrupts
decidiera,decided
conservarlo,preserve it
psíquicos,psychics
cummings,Cummings
guardian,guardian
identifique,identify
kobe,Kobe
buzo,coverall
thunder,thunder
estrangulador,throttle
casen,casen
actuaste,you acted
adolfo,Adolfo
fitzpatrick,Fitzpatrick
declarando,declaring
tentáculos,tentacles
rebajas,sales
lavó,washed
talle,waist
castañas,chestnuts
rompiera,broke
labores,tasks
pasadena,Pasadena
anime,anime
consideres,consider
malvadas,evil
mahoney,Mahoney
ponerles,put them
avergonzar,embarrass
demandaré,I will sue
rourke,Rourke
jazmín,jasmine
markus,Markus
huerta,vegetable garden
comprenderás,you will understand
meca,Mecca
sofisticados,sophisticated
nfl,NFL
trasladaron,they moved
positivas,positive
elevación,elevation
practicamos,we practice
grata,pleasant
tomaran,they will take
págame,pay me
verificando,verifying
manejaste,you drove
pondrían,they would put
cdc,CDC
bandejas,trays
miraría,I would look
lyman,Lyman
malherido,badly wounded
consultarlo,consult it
asesora,advisor
dejaros,leave you
donut,donut
mechón,lock
comunicarte,communicate
escasa,scarce
aquelarre,witches' sabbath
disparad,shoot
descapotable,convertible
manila,Manila
confines,borders
innecesariamente,needlessly
rutinario,routine
pelee,fight
concretamente,specifically
gravitacional,gravitational
drogó,drugged
vulnerabilidad,vulnerability
rajiv,Rajiv
centra,center
chantajear,blackmail
hawking,Hawking
piñata,piñata
leches,milks
levantarnos,get up
confiables,reliable
casquillo,bushing
klingons,Klingons
saltes,jumps
atrapará,will catch
absurdas,absurd
cao,cao
dunbar,dunbar
fracasa,fails
recogerlos,pick them up
salpicaduras,splashes
frotar,rub
roce,touch
hindi,Hindi
ready,ready
animando,cheering
saltaré,I will jump
seque,dry
acompañara,will accompany
retrovisor,rearview
causé,I caused
destructivo,destructive
afligido,afflicted
acusas,accuse
suicidar,to commit suicide
gustarían,would like
asustarse,panic
elocuente,eloquent
samuels,Samuels
shu,shu
persigues,you pursue
térmica,thermal
hablare,I will speak
pretendientes,suitors
myeong,myeong
testifique,testify
coney,coney
coños,cunts
aplastó,crushed
divertidísimo,hilarious
sage,sage
bañarte,bathe
debida,due
obligas,you force
cubría,covered
bastaría,that would suffice
invocar,invoke
bluebell,Bluebell
excepcionales,exceptional
golpeara,hit
sientese,sit down
meadows,meadows
kosher,kosher
cabezón,pigheaded
juntarse,join
moose,moose
pollito,chick
chicken,chicken
llévenme,Take me away
duplicar,double
cojines,cushions
fármacos,drugs
c-4,c-4
escribirte,to write to you
agárrense,Hold on
apagué,I turned off
deportivas,sports
yamamoto,Yamamoto
competitiva,competitive
escribirás,you will write
muerdo,I bite
perderlos,lose them
largues,long
jugos,juices
desviación,deviation
manifiesta,manifests
guió,guided
esforzando,striving
realice,perform
qúe,that
quedase,stay
atenderé,I will attend
parches,patches
trébol,clover
prometerte,promise you
cortocircuito,short circuit
celebraciones,celebrations
adrien,Adrien
cerremos,Let's close
compulsivo,compulsive
aprecias,appreciate
persuasivo,persuasive
beses,kisses
acercaos,come closer
xvi,xvi
before,before
disfrutemos,Let's enjoy
ciérrala,close it
asiste,attends
construyo,I build
talco,talc
metálica,metal
uniste,unite
en-,in-
arcoiris,rainbow
centrada,focused
angustiada,distressed
magníficas,magnificent
deena,deena
queenie,queenie
cochino,pig
automáticas,automatic
preparad,prepare
burgués,bourgeois
cobraré,I will charge
llené,I filled
ansío,I long for
parir,give birth
pulitzer,Pulitzer Prize
admisiones,admissions
desplazamiento,displacement
decidirse,decide
impresionarme,impress me
ayúdala,help her
contactaré,I will contact you
acababan,they were finishing
mallas,tights
venceremos,We will win
luciendo,looking
empujaste,you pushed
falles,failures
mordiendo,biting
extensa,extensive
grillos,irons
rechazan,reject
termínalo,finish it
pecas,freckles
perdieras,you lost
podio,podium
lagartija,lizard
remolino,swirl
desmayaste,You fainted
saquear,plunder
describiría,would describe
birdie,birdie
octavio,Octavio
jens,Jens
adivinarlo,guess it
contrate,hire
auricular,handset
dibujé,I drew
hadley,Hadley
bieber,Bieber
visionario,visionary
maltrato,abuse
volvera,will return
mentiré,I will lie
orinando,urinating
vittorio,Vittorio
quisiese,I would like
basan,they are based
lopez,Lopez
chimeneas,chimneys
telepatía,telepathy
nicaragua,Nicaragua
verdura,vegetable
turba,peat
ff8000,ff8000
indigestión,indigestion
mirarlos,look at them
adrián,Adrian
comprometió,committed
perdónanos,forgive us
ejem,Ahem
filma,films
dejabas,you left
bobbie,Bobbie
clítoris,clitoris
brownie,brownie
lot,lot
autopistas,highways
presioné,I pressed
similitudes,similarities
block,block
subiera,climbed
arruinarme,ruin me
simboliza,symbolizes
vórtice,vortex
consentir,consent
giren,turn
recogimos,we collected
intentábamos,we were trying
callos,calluses
kern,kern
richter,Richter
guardada,saved
australianos,Australians
atacas,you attack
ignoran,ignore
shake,shake
coordinar,coordinate
improviso,improvise
disculparnos,apologize
cheung,Cheung
mace,mace
arruinan,ruin
hermanastro,stepbrother
ordenaré,I will order
conectan,connect
quê,that
tuvisteis,you had
hereje,heretic
extenso,extensive
romances,romances
resumir,resume
sampson,Sampson
escribiría,I would write
conocieran,knew
vulgares,vulgar
destruiremos,we will destroy
oyera,listen
horizontes,horizons
bajarte,get off
horripilante,horrifying
bajor,bajor
rog,rog
llevármelo,take it with me
reanimación,revival
meterán,they will put
1er,1st
farnsworth,Farnsworth
ogden,ogden
decapitado,decapitated
lenore,Lenore
mimado,spoiled
entrevistando,interviewing
vivís,you live
rodó,rolled
katia,Katia
icono,icon
sobreviviremos,We will survive
turbio,cloudy
celine,Celine
abrumadora,overwhelming
usos,uses
mortero,mortar
interrogó,questioned
vigilia,vigil
abandonaría,would abandon
petrolera,oil company
agradecerá,will appreciate
fairfax,Fairfax
escríbelo,Write it down
serian,would
colocas,you place
traerías,would you bring
parecieron,they seemed
maia,Maia
pobrecilla,poor thing
domésticas,domestic
wil,will
popeye,Popeye
presunto,alleged
jer,jer
haran,will
puntillas,lace
lograría,would achieve
enfrenté,opposite
rommie,roommate
vendra,will come
pantuflas,slippers
clímax,climax
peralta,Peralta
siéndolo,being so
cristóbal,Christopher
conmocionado,shocked
repasemos,Let's review
pasquale,Pasquale
niágara,Niagara
marcelo,Marcelo
okinawa,Okinawa
pasivo,passive
errol,errol
arrebato,rapture
cumpliste,You fulfilled
recibiría,would receive
atenea,Athena
acogedora,welcoming
hundirse,sink
descansas,rest
violetas,violets
bergman,Bergman
morían,they were dying
wesen,wesen
revele,reveal
quemarropa,point-blank
ollas,pans
rompemos,we break
colaterales,collateral
quebrada,ravine
palmeras,palm trees
recogiste,you picked up
hospicio,hospice
desharé,I will undo
sarampión,measles
taiwán,Taiwan
pool,pool
embriaguez,drunkenness
correcciones,corrections
austen,Austen
esperáis,you expect
grasas,fats
franks,franks
negaba,denied
ayuno,fast
habladurías,gossip
shinji,Shinji
masivas,massive
podias,you could
llevase,take
relámpagos,lightning
capturada,captured
curarlo,cure it
venderte,sell you
cogiera,would take
cautiverio,captivity
help,help
parlante,talking
abner,Abner
samaritano,Samaritan
matemáticos,mathematicians
tumbada,lying down
solitarias,solitary
portó,carried
reduciendo,reducing
intactos,intact
reservados,reserved
almeja,clam
faena,task
terra,terra
prefieras,prefer
interesas,you are interested
diagnosticado,diagnosed
tardarás,you will take
nativa,native
imitaciones,imitations
respetaba,respected
caber,fit
rodear,surround
consíguete,get yourself
matrix,matrix
líbano,Lebanon
reiniciar,reboot
impacientes,impatient
huía,fled
holling,holling
cã,AC
tatiana,Tatiana
malicia,malice
páseme,pass me
pá,pa
auténticas,authentic
pay,pay
servidumbre,servitude
maltratado,mistreated
gilipollez,nonsense
acertar,hit
silicona,silicone
autenticidad,authenticity
binoculares,binoculars
paisano,countryman
separaremos,we will separate
pelis,movies
firmará,will sign
reemplazarlo,replace it
oyente,listener
congelación,freezing
huyamos,Let's run away
resistiendo,resisting
chequera,checkbook
páncreas,pancreas
morro,nose
international,international
jacky,Jacky
hamaca,hammock
suavizar,soften
compresiones,compressions
cirie,cirie
skipper,Skipper
fallecida,deceased
voight,Voight
cancelación,cancellation
adversarios,adversaries
phelps,phelps
dichoso,happy
cruzaremos,we will cross
invitaría,would invite
expone,explains
frannie,Frannie
encías,gums
conservo,I keep
explícamelo,Explain it to me
dalia,dahlia
sanguíneos,blood
bora,Bora
selena,Selena
asustaron,frightened
caricaturas,cartoons
wiley,Wiley
jana,jana
cu,cu
laird,laird
paletas,popsicles
aprecie,appreciate
anemia,anemia
tristán,Tristan
pastelero,baker
inconscientes,unconscious
arado,plow
suk,suk
accedí,I agreed
anexo,exhibit
cronómetro,chronometer
adama,adama
emilie,Emilie
poneros,put
sigilosamente,stealthily
mezclarse,mingle
tower,tower
fundada,founded
descalzo,barefoot
enviaran,they will send
desorientado,disorientated
piénsenlo,Think about it
increiblemente,incredibly
musgo,moss
motiva,motivates
neutralizar,neutralize
angélica,angelica
leyeron,they read
hipotecas,mortgages
arrogantes,arrogant
barracas,barracks
fundamentos,fundamentals
reservaciones,reservations
mandela,Mandela
rehusó,refused
abuelas,grandmothers
comunícame,contact me
rani,rani
represente,represent
seven,seven
incontrolable,uncontrollable
prometemos,we promise
santas,saints
taburete,stool
pisó,floor
sobrenaturales,supernatural
panes,breads
complicar,complicate
creed,creed
cannon,cannon
permitiste,you allowed
pelees,fight
salon,lounge
indicó,Indian
divertía,amused
quemaré,I will burn
injerto,graft
deprime,depresses
nacerá,will be born
clooney,Clooney
ahogarme,drown
resisten,resist
spice,Spice
colgué,I hung up
bourne,Bourne
darrell,Darrell
seña,sign
glucosa,glucose
uniera,union
tramposos,cheaters
stafford,stafford
mikhail,Mikhail
ortodoxo,orthodox
deduzco,I deduce
veia,I saw
aeronave,aircraft
encendiendo,turning on
range,range
prácticos,practical
apuntaba,pointed
cortaría,would cut
salaam,Salaam
war,war
hiperespacio,hyperspace
intervenido,intervened
comprendas,understand
arqueología,archeology
dooley,Dooley
sospechado,suspected
asciende,ascends
apestaba,It stank
clavada,nailed
wichita,Wichita
huracanes,hurricanes
mencionaron,they mentioned
como-,as-
apacible,gentle
parecerte,seem
cuestas,slopes
excluido,excluded
cylons,Cylons
sustancial,substantial
tobin,Tobin
sorry,sorry
rufianes,ruffians
scanlon,scanlon
turca,Turkish
megatron,Megatron
publicitario,advertising
name,yam
alegrar,gladden
zhao,zhao
inversionistas,investors
sintética,synthetic
regar,water
indígena,indigenous
forestal,forest
tentaciones,temptations
anotaciones,notes
vitalidad,vitality
rellenos,fillings
cerro,hill
compuestos,compounds
desnudista,stripper
tomarías,would you take
costes,costs
bowen,bowen
visito,I visit
t.k.,t.k.
tapones,plugs
shan,Shan
adversidad,adversity
maple,maple
debilucho,weakling
conspiraciones,conspiracies
horrorosa,horrible
improvisado,improvised
ahmad,Ahmad
preferiblemente,preferably
yéndose,leaving
resbaladizo,slippery
ahjumma,ahjumma
insubordinación,insubordination
fraile,friar
cómprame,buy me
pásamelo,pass it to me
gourmet,gourmet
killian,killian
caímos,we fell
crucificado,crucified
obedezco,I obey
oponen,oppose
encienden,turn on
euforia,euphoria
defenderlo,defend it
crucigrama,crossword
riviera,Riviera
extensiones,extensions
besándose,kissing
ew,ew
someter,submit
recordármelo,remind me
momo,momo
candelabro,candelabra
alexandre,Alexandre
envejece,ages
dedicados,dedicated
inoportuno,inopportune
lotte,Lotte
diagrama,diagram
sook,sook
suegros,in-laws
fetiche,fetish
benéfico,beneficial
colecciona,collect
geisha,geisha
creadores,creators
interrumpió,interrupted
convenientemente,conveniently
barandilla,railing
planetario,planetary
califica,rate
toki,toki
goebbels,Goebbels
aditya,Aditya
avisarles,to notify them
intentarás,you will try
comestible,edible
ros,ros
wickham,Wickham
rastrea,track
glándulas,glands
comunican,communicate
escapaba,escaped
mobiliario,furniture
acertada,accurate
debil,weak
salvadora,savior
obsesionados,obsessed
acordáis,do you agree
goguryeo,goguryeo
reaccionan,react
bendecir,bless
predecesor,predecessor
destrozaron,destroyed
parkinson,Parkinson's
soso,bland
dármelo,give it to me
imprevisto,unexpected
inutil,useless
bulgaria,Bulgaria
guerrilla,guerrilla
bailaré,I will dance
aprovecho,I take advantage
alejen,move away
quemará,will burn
pepinillo,gherkin
descubras,discover
negligente,negligent
encerrarte,lock yourself up
envíale,send him
mirándonos,looking at us
croft,Croft
culparlo,blame him
volvernos,return
provenía,came
lung,long
space,space
orando,praying
serbio,Serbian
millar,thousand
angustiado,anguished
grabaste,you recorded
publicaron,published
venenos,poisons
asegurarlo,secure it
pintadas,graffiti
colgarlo,hang it
kingston,Kingston
supernova,supernova
articulaciones,joints
desconozco,I don't know
alexa,Alexa
heriste,hurt
patrice,Patrice
sujétense,hold on
milk,milk
esperaron,they waited
danvers,danvers
presion,pressure
vietnamitas,Vietnamese
fielmente,faithfully
asignó,assigned
acompañes,accompany
desistir,desist
llovió,It rained
dormían,They were sleeping
bolitas,little balls
wick,wick
informativo,informative
donnell,Donnell
describiendo,describing
jennie,Jennie
gruñendo,growling
comunicó,communicated
ocultaba,hid
gorman,Gorman
demostrará,will demonstrate
mandados,errands
tieso,stiff
abrumada,overwhelmed
incurable,incurable
faltará,will be missing
yacía,lay
tank,tank
ci,ci
done,done
zola,zola
innovador,innovative
díos,God
desfiles,parades
digale,tell him
colocados,placed
mecanismos,mechanisms
pereza,laziness
léalo,read it
apostador,gambler
empujo,I push
sostuvo,held
erradicar,eradicate
colocan,place
schwartz,Schwartz
abortos,abortions
yerba,herb
utilizarla,use it
goya,Goya
desempacar,unpack
tejados,roofs
lamentarlo,regret it
tobogán,slide
demostrarles,show them
salvara,save
skate,skateboard
canas,white hair
cannes,Cannes
compinche,sidekick
observó,noticed
recuperaste,you recovered
cegado,blind
debiéramos,we should
decepcionas,You disappoint
prominente,prominent
consecutivos,consecutive
dámelas,Give them to me
estereotipo,stereotype
acercara,approach
atraídos,attracted
espinacas,spinach
anakin,Anakin
peleador,fighter
descarta,rule out
velma,Velma
congeló,froze
alcanzaremos,we will reach
iraquíes,Iraqis
bel,bel
arkady,Arkady
previas,previews
liar,roll
kieran,Kieran
acordaste,you agreed
enamoras,you fall in love
escucharle,listen to him
afirmaciones,claims
lodge,lodge
qing,qing
luches,fights
apenada,saddened
criaste,raised
encubriendo,covering up
representas,you represent
largue,long
despertaron,they woke up
licenciatura,degree
aumente,increase
habiamos,we had
avergonzados,ashamed
desata,unleashes
open,open
hebilla,buckle
apropiados,appropriate
maxim,maxim
desvaneció,vanished
placenta,placenta
traba,lock
jonesy,Jonesy
repaso,review
hematomas,bruises
quedándose,staying
asegurará,will ensure
intermitente,intermittent
decididos,determined
cubriremos,we will cover
latimer,latimer
rechazarlo,reject it
interceptado,intercepted
cardiaca,cardiac
alfileres,pins
alcanzaron,they reached
pídale,ask him
desinfectante,disinfectant
smithers,smithers
supere,overcome
merrill,Merrill
cajuela,trunk
mandamiento,commandment
pudieramos,we could
colarse,sneak in
realidades,realities
retroceso,recoil
apresúrense,hurry
amenazante,threatening
ajustada,adjusted
capri,capri
crocker,Crocker
arrestarán,will arrest
repites,you repeat
aquã,here
vision,vision
chae,chae
quitaba,removed
viper,viper
neutrones,neutrons
alabanzas,praise
encendí,I turned on
despediré,I will say goodbye
escucharnos,listen to us
traicionando,betraying
talleres,workshops
déjenlos,leave them be
tocada,touched
arriesgaste,you took a risk
causo,cause
pinté,I painted
estàs,are
bosch,Bosch
estadísticamente,statistically
sedán,sedan
arándano,blueberry
mcgill,McGill
topado,bumped
desafió,challenge
llegáramos,we arrived
glaseado,glazed
pompeyo,Pompey
quitarles,take them away
pueblito,village
atómico,atomic
hablándome,talking to me
frau,frau
garantizada,guaranteed
vendían,they sold
topher,Topher
creerían,would believe
impulsiva,impulsive
génova,Genoa
dunas,dunes
interes,interest
riego,irrigation
lastimará,will hurt
asaltó,assault
estomacal,stomach
lujosa,luxurious
lapso,lapse
álamo,poplar
resbalé,I slipped
gladiadores,gladiators
eloise,Eloise
contempla,consider
avispa,wasp
greendale,Greendale
preguntártelo,ask yourself
mitin,rally
cubrirse,cover
animarme,cheer me up
excavando,digging
requisito,requirement
empujaron,they pushed
cortesana,courtesan
tenedores,forks
preguntaban,they were asking
superpoderes,superpowers
invitadas,guests
supersticiones,superstitions
arrastrarte,crawl
manchar,stain
prometen,promise
madge,Madge
metanfetaminas,methamphetamines
heroica,heroic
presenciado,witnessed
aleta,fin
existan,exist
variable,variable
comiera,would eat
softball,softball
friends,friends
libreto,libretto
manejé,I drove
cardenales,cardinals
organizamos,we organize
saltaron,jumped
rezos,prayers
rutledge,Rutledge
crio,child
visitamos,we visited
emitiendo,emitting
vigilados,monitored
subordinados,subordinates
perezosa,lazy
sanguijuela,leech
muchachita,little girl
apendicitis,appendicitis
puñetera,damn
kato,kato
desterrado,exiled
avisaremos,we will notify
ingle,groin
buzos,divers
concedió,granted
quedármelo,keep it
preguntale,ask him
preguntarás,you will ask
ocultarte,hide
toser,cough
secuela,sequel
alteres,alters
surfista,surfer
despega,takes off
callum,callum
devuélvemela,Give it back to me
tropezado,stumbled
acampada,camping
celebro,I celebrate
sakura,Sakura
chorizo,sausage
mormón,Mormon
toyota,Toyota
gordita,chubby
piggy,piggy
alegar,plead
traicionero,treacherous
soñamos,we dream
arqueros,archers
pinchar,puncture
sufras,suffer
conejillo,guinea pig
atila,Attila
joker,Joker
deportistas,athletes
leave,leave
mclaren,McLaren
funcionaron,they worked
monstruosa,monstrous
stress,stress
leerle,read to him
hawks,hawks
prevista,expected
cortarla,cut it
meteorológico,meteorological
pu,pu
bertrand,Bertrand
inmunológico,Immune system
nim,nim
resfrío,cold
republicana,republican
desconoce,does not know
julianne,Julianne
mili,milli
anula,cancels
ratoncito,little mouse
enmendar,amend
rehúsa,refuses
delicias,delicacies
fobia,phobia
entrenamientos,training
quitárselo,take it off
caruso,Caruso
olvidate,forget it
amplificador,amplifier
seong,song
liberaré,I will release
amenazaba,threatened
moi,moi
decidiremos,we will decide
apellidos,surnames
asesinan,murder
escríbeme,write to me
arquitectos,architects
responderme,answer me
sirope,syrup
estafado,cheated
alzar,raise
entierra,bury
escupió,spat
indulgencia,indulgence
malcriado,spoiled
calamidad,calamity
asã,handle
jagger,Jagger
anastasia,Anastasia
tónica,tonic
tulipanes,tulips
saltador,jumper
frodo,Frodo
tuttle,tuttle
dejada,left
sobrenombre,sobriquet
rhea,rhea
incluía,included
friedrich,Friedrich
springer,springer
marcan,mark
manténgalo,keep it
presumiendo,presuming
korra,Korra
arrugado,wrinkled
confirmaron,confirmed
calleigh,calleigh
conversamos,we talked
pille,pille
lumbar,lumbar
cuelgo,I hang up
estrictos,strict
prometedora,promising
advierte,warns
limosina,limousine
wilhelmina,Wilhelmina
adoramos,we adore
paleto,hick
aterroriza,terrifies
géminis,Gemini
o-,either-
estuviésemos,we were
donado,donated
hablándole,talking to him
diagnosticaron,diagnosed
descabellado,wild
cogedle,grab him
waverly,waverly
desordenada,messy
enferman,get sick
grabadas,recorded
goku,Goku
comprometerme,commit
hiedra,ivy
imaginaste,you imagined
xviii,xviii
marga,loam
delenn,denn
húmedos,wet
mirándola,looking at her
quítamelo,Take it off
premonición,premonition
boxeadores,boxers
salvaremos,we will save
dag,dag
carole,Carole
contras,cons
aterrizamos,we landed
mastica,chew
moveremos,we will move
pagaran,they will pay
espectaculo,show
retrasos,delays
saludas,greetings
estudian,study
participando,participating
divinidad,divinity
seductora,seductive
leningrado,Leningrad
engranajes,gears
escudero,squire
evitamos,we avoid
anubis,Anubis
causadas,caused
mamma,mamma
elder,elder
body,body
ciclista,cyclist
celebrado,celebrated
adivinando,guessing
elevados,high
jenn,Jenn
hubieron,there were
coordinador,coordinator
repetido,repeated
disparaba,was shooting
estuvisteis,you were
ibrahim,Ibrahim
asta,pole
respeten,respect
cepillos,brushes
especulaciones,speculations
faulkner,faulkner
polos,poles
desecho,disposal
contracción,contraction
cedió,gave way
sh,sh
oidos,ears
defendí,I defended
cucharada,tablespoon
cosette,Cosette
contaras,you will tell
quedarían,would remain
mardi,Mardi
compremos,Let's buy
notan,notice
contratados,hired
cerraba,closed
perturbar,disturb
alquilamos,We rent
sombrilla,parasol
alcanzamos,we reached
resolvemos,we solve
acuestes,lie down
creyeras,you would believe
bucal,oral
ahn,Ahn
amenazaste,you threatened
brasileña,Brazilian
bloqueados,blocked
chimpancés,chimpanzees
informarte,inform yourself
tricia,Tricia
twain,Twain
enamoro,I fall in love
flamenco,flamenco
petrov,petrol
fundamentalmente,fundamentally
recuperada,recovered
confinado,confined
postraumático,post-traumatic
leblanc,Leblanc
pavimento,pavement
alardeando,boasting
publicitaria,advertising
enredo,tangle
pintan,they paint
bolo,bolus
silo,silo
aarón,Aaron
libérame,set me free
informará,will report
fallecimiento,death
camaras,cameras
cómicos,comedians
things,things
averiguo,I find out
trace,trace
pierrot,Pierrot
branson,Branson
bibliotecaria,librarian
baliza,beacon
hewes,hewes
conocerlas,meet them
comuníqueme,contact me
saludarlo,greet him
abrazarme,hug me
utilizados,used
dolorido,sore
pride,pride
tocarle,to touch him
acorazado,battleship
tully,tully
rosada,pink
perdonan,forgive
aconsejó,advised
contratarte,hire you
intolerante,intolerant
electro,electro
recae,falls
acreedores,creditors
córtala,cut it
sindical,union
capitales,capital
brigitte,Brigitte
cuídala,Take care of her
marchara,march
severas,severe
cogería,would take
rotundamente,roundly
represa,dam
xiii,xiii
perseguían,they were chasing
escribirme,write me
fugarse,escape
ocio,leisure
discutió,argued
potentes,powerful
fauna,fauna
tabú,taboo
ataco,I attack
supervisora,supervisor
teórico,theorist
abstracto,abstract
sinagoga,synagogue
purga,purge
curriculum,resume
gargantas,throats
akbar,Akbar
trágicamente,tragically
agradeceré,I would appreciate it
alyssa,Alyssa
prenupcial,prenuptial
nero,nero
devil,devil
precinto,seal
mariano,Mariano
benditos,blessed
rainer,rainer
originó,originated
llegaríamos,we would arrive
compartiré,I will share
falsificaciones,counterfeits
imagenes,images
copian,copy
seguirías,would you continue
filósofos,philosophers
movilidad,mobility
robótica,robotics
tentativa,attempt
woodrow,woodrow
lingotes,ingots
embolia,embolism
derrama,spills
acumulación,accumulation
mcguire,McGuire
pines,pine trees
renuncies,resignations
westminster,Westminster
partiremos,we will depart
pus,pus
tarados,idiots
faber,Faber
mazmorra,dungeon
isa,isa
desliz,slip
caseras,homemade
respaldar,support
nitrato,nitrate
guardados,saved
nominados,nominees
catastrófico,catastrophic
básquet,basketball
samurái,samurai
insistía,he insisted
botar,throw
disculpado,excused
ficticia,fictional
apropiadas,appropriate
invertí,I invested
eunuco,eunuch
colmillo,tusk
comenzo,began
intestinal,intestinal
aveces,sometimes
cuchillas,blades
sentaste,you sat
visitan,visit
sahara,Sahara
asusten,scare
húmedas,wet
mauricio,Mauricio
gobernantes,rulers
tranquilizarte,calm down
exiliado,exiled
calamares,squid
faraday,Faraday
esconderé,I will hide
diantres,damn
montamos,we set up
mccann,McCann
distinguida,distinguished
recibiremos,we will receive
recogeremos,we will collect
reparando,repairing
sedienta,thirsty
vascular,vascular
trick,trick
escúchate,listen to yourself
aprietos,troubles
disfunción,dysfunction
financieramente,financially
reelección,re-election
avi,avi
formula,formula
sanciones,sanctions
lourdes,Lourdes
renault,Renault
arrastrada,dragged
vagabunda,vagabond
fueramos,we were
líbranos,Deliver us
igt,igt
saudita,Saudi
sonrío,I smile
irwin,Irwin
gaines,gaines
delgados,thin
pegaso,Pegasus
coloco,I place
miraremos,we'll look
sutiles,subtle
marlo,Marlo
atenderá,will attend
envia,send
muñequita,dolly
rudolf,Rudolf
rommel,Rommel
guantánamo,Guantanamo
duff,duff
concesionario,concessionaire
conceda,grant
coliseo,Coliseum
sanas,healthy
mandes,send
mezquina,mean
semejanza,likeness
reventó,burst
dietrich,Dietrich
deleite,delight
hélène,hélène
pulse,press
sueltan,release
esquemas,schemes
meramente,merely
umbilical,umbilical
áspero,rough
ente,entity
lamborghini,Lamborghini
takeda,Takeda
tenaz,stubborn
actúen,act
milos,milos
pedírtelo,ask you
alcatraz,Alcatraz
admirando,admiring
musashi,Musashi
relativa,relative
rienda,rein
imagínense,imagine
arrancarte,tear you out
escultor,sculptor
vencerme,defeat me
silvestres,wild
alegramos,we are happy
humillar,humiliate
extienden,extend
yves,Yves
vulcanos,Vulcans
sorprenderías,You'd be surprised
dmitri,dmitri
adalind,adalind
recógelo,pick it up
garrity,garrity
esporas,spores
cervecería,brewery
mine,mine
secretarias,secretaries
basuras,garbage
subtitulos.es,subtitles.es
perforado,perforated
organizador,organizer
cargan,load
transporta,transports
analiza,analyzes
morirían,would die
decime,Tell me
genoma,genome
exóticos,exotic
donó,donated
altibajos,ups and downs
balneario,spa
fenton,Fenton
ataron,they tied
marcapasos,pacemaker
kabul,Kabul
conectarse,connect
mágicamente,magically
kimmie,Kimmie
descripciones,descriptions
asignar,assign
ong,NGO
entregarla,deliver it
deis,deis
colapsar,collapse
ortega,Ortega
dictado,dictation
respetables,respectable
tailandesa,Thai
zapatilla,slipper
comunitaria,community
meet,meet
decisiva,decisive
lakhs,lakhs
tejón,badger
restaurado,restored
gaste,spend
corpus,corpus
sutter,sutter
cee,EEC
dahlia,dahlia
pasatiempos,hobbies
brutus,Brutus
artagnan,artagnan
emitió,issued
cloroformo,chloroform
kremlin,Kremlin
tolera,tolerates
incomodidad,discomfort
impedimento,impediment
marchaba,marched
traiciones,betrayals
folk,folk
estropee,spoil
artillero,gunner
aggie,Aggie
confesionario,confessional
uni,uni
shirin,shirin
jalar,pull
extraído,extracted
cocktail,cocktail
stay,stay
caníbal,cannibal
clava,club
snob,snob
dócil,docile
traían,they brought
manija,handle
punjabi,Punjabi
downey,Downey
notificado,notified
parpadeo,flicker
lian,lian
grandiosas,magnificent
bartowski,Bartowski
existente,existing
rutherford,Rutherford
recibamos,let us receive
hancock,Hancock
monkey,monkey
almorzamos,We had lunch
abracadabra,abracadabra
embrujadas,haunted
zhaan,zhaan
atenciones,attentions
arrancaron,they started
burlar,outwit
conto,story
sacerdotisa,priestess
orinal,potty
filmamos,we filmed
alguaciles,constables
examinó,examined
gritaste,you shouted
doblemente,doubly
sissy,sissy
formo,I form
divorciamos,We divorced
organicé,I organized
cifrado,encrypted
francie,francie
sangrientos,bloody
déjele,leave him
marv,marv
chocante,shocking
golpearla,hit her
lupa,magnifying glass
embarazado,pregnant
epstein,Epstein
globe,globe
júnior,junior
revienta,bursts
huyan,flee
invaluable,invaluable
inmensamente,immensely
colegiala,schoolgirl
dirigían,they were in charge
enfurece,enrages
choques,collisions
marqué,I marked
plutón,Pluto
moviéndonos,moving
single,single
metallica,Metallica
matrimoniales,matrimonial
brillaba,it shone
alega,alleges
tahití,Tahiti
perilla,knob
decir-,say-
andaban,they were walking
menopausia,menopause
fulton,Fulton
corvette,Corvette
exóticas,exotic
carretas,carts
perturba,disturbs
celestiales,celestial
objetiva,objective
boutique,boutique
finalizado,finalized
fall,fall
ferdinand,Ferdinand
refinada,refined
vaciado,emptying
cecile,Cecile
bendecida,blessed
intensos,intense
absorbido,absorbed
atreví,I dared
puñetero,bloody
carnero,ram
mingo,Mingo
mejicano,Mexican
resort,resort
ileso,unscathed
mikael,Mikael
estábais,you were
transportando,transporting
desafio,challenge
votemos,Let's vote
middleton,Middleton
sóla,alone
compuerta,gate
canicas,marbles
hand,hand
cloacas,sewers
protegemos,we protect
continue,continue
competencias,skills
uniendo,joining
alubias,beans
entierren,bury
palito,stick
asesinarme,kill me
némesis,nemesis
perdio,lost
reece,reece
dove,dove
interruptores,switches
alquimista,alchemist
virilidad,virility
recogemos,we collect
afectaría,would affect
debilitado,weakened
vizconde,viscount
pastas,pasta
malibu,Malibu
radial,radial
periodico,newspaper
purcell,Purcell
avaro,miser
dichos,said
sincronizados,synchronized
zed,zed
rev,rev
emplea,employs
lira,lira
vecinas,neighbors
tunel,tunnel
bey,bey
obesidad,obesity
precede,precede
valijas,luggage
impulsado,driven
cbi,cbi
un-,a-
desató,unleashed
entrometida,nosy
tailandés,Thai
mercury,mercury
interesarle,interest him
cerrajero,locksmith
bueyes,oxen
joseon,Joseon
sobrepasa,surpasses
fermín,Fermín
hewitt,Hewitt
kar,kar
melocotones,peaches
dojo,dojo
alquimia,alchemy
aye,yesterday
joden,they screw
mads,Mads
gentilmente,gently
arqueólogo,archaeologist
columbus,Columbus
mejoran,improve
fs12,fs12
transferencias,transfers
profundizar,deepen
moretón,bruise
comandancia,command
agotando,exhausting
latte,latte
penelope,Penelope
despidieran,fired
shang,Shang
wharton,Wharton
esmeraldas,emeralds
pescuezo,neck
aporta,contributes
retenida,retained
confiscado,confiscated
piratería,piracy
aplastando,crushing
tápate,cover yourself
subtitulada,subtitled
gupta,gupta
desgaste,wear
rábano,radish
perplejo,perplexed
conociéramos,we knew
anticuerpos,antibodies
dificiles,difficult
archibald,archibald
dediqué,I dedicated
sálvate,save yourself
levantad,rise
vigilaba,was watching
calmados,calm
corky,corky
misioneros,missionaries
saberse,to know
verifique,check
jugosa,juicy
chihuahua,Chihuahua
arreglárselas,manage
estabilizar,stabilize
protones,protons
mccain,McCain
implicación,implication
vengativo,vengeful
averiguas,you find out
fijaste,you noticed
regeneración,regeneration
pelusa,fluff
enfadará,will anger
heroes,heroes
maud,maud
paternal,paternal
devastación,devastation
soportan,support
sentirla,feel it
tc,tc
ovarios,ovaries
interesadas,interested
inviernos,winters
siegfried,Siegfried
mostrare,I will show
jewel,jewel
limpiaste,You cleaned
pepperoni,pepperoni
chantajista,blackmailer
averió,broke
descargado,discharged
agradar,please
choqué,shock
excalibur,Excalibur
marvel,Marvel
masha,Masha
cancelé,I cancelled
ch,ch
parodia,parody
estableciendo,establishing
dominical,Sunday
retención,retention
fronteriza,border
lakers,Lakers
destruyo,I destroy
localizarla,locate it
beneficioso,beneficial
echada,cast
cogerán,they will take
ternero,calf
cambiante,changing
eee,eee
pagarían,would pay
extrañarte,I miss you
lunática,lunatic
presentados,presented
perdonarlo,forgive him
presentaros,introduce yourselves
sicario,hitman
despertara,would wake up
arrepentirme,regret
antepasado,ancestor
recipientes,containers
caótico,chaotic
fín,end
portales,portals
proveniente,coming
bao,beam
quítatela,Take it off
actitudes,attitudes
metáforas,metaphors
pr,pr
cínica,cynical
punción,puncture
arlington,Arlington
presentaremos,we will present
leerlos,read them
salomé,Salome
deke,deke
prepago,prepaid
solucionará,will solve
canse,tired
elegiré,I will choose
kung-fu,kung fu
escúchalo,Listen to it
grabaron,they recorded
khalid,Khalid
augusta,Augusta
engañoso,misleading
háganse,Let it be done
guays,cool
llenarlo,fill it
concertar,arrange
barnett,Barnett
crucifijo,crucifix
subs,subs
numeros,numbers
singularidad,singularity
durmiera,slept
prolongar,prolong
bri,bri
atacantes,attackers
rayado,lined
petardos,firecrackers
quisquilloso,fussy
gabardina,raincoat
depravado,depraved
déjales,leave them
corsé,corset
nutrición,nutrition
acortar,shorten
dai,dai
fastidioso,annoying
destaca,stands out
entraras,you will enter
introduce,introduce
mostrarlo,show it
swann,swann
reunamos,Let's get together
compartía,shared
asista,attend
equipados,equipped
optimistas,optimists
hueón,dude
agarrarme,grab me
falsamente,falsely
peludos,hairy
sensuales,sensual
manzanilla,chamomile
diputados,deputies
hechizado,bewitched
susurrar,whisper
traicionarme,betray me
bloqueó,blockade
rikki,Rikki
helando,freezing
weller,Weller
refinería,refinery
quitaremos,we will remove
lideres,leaders
follen,follen
parish,parish
inventada,invented
holiday,holiday
pintoresco,picturesque
gibraltar,Gibraltar
apartó,he moved away
carcajadas,laughter
calurosa,hot
confederación,confederacy
curandero,quack
horda,horde
martina,Martina
hemorroides,hemorrhoids
band,band
3ch462300,3ch462300
diciéndoles,telling them
háganme,make me
juliana,Juliana
warrick,Warrick
aproveché,I took advantage
séquito,entourage
cris,cris
anote,write it down
desconsiderado,inconsiderate
estómagos,stomachs
europeas,European
marshals,marshals
sena,sign
oh.,Oh.
six,six
creará,will create
bisabuela,great-grandmother
convertía,converted
anunciando,announcing
niegue,deny
incompetentes,incompetent
u.,or.
accesorio,accessory
afeitarse,shave
cuídalo,Take care of it
señoria,lordship
dictar,dictate
rameras,whores
scarlet,Scarlet
detenciones,arrests
huelgas,strikes
beacon,beacon
atrocidad,atrocity
baptiste,Baptiste
destellos,flashes
veámoslo,Let's see it
escucharas,you will hear
prever,foresee
casando,marrying
págale,pay him
nominaciones,nominations
charlamos,we chatted
disparéis,shoot
higgs,Higgs
alterando,altering
supersticioso,superstitious
dum,dum
estatutos,statutes
surrealista,surreal
representamos,we represent
neurológico,neurological
vamos.,come on.
publique,publish
existimos,we exist
mayúscula,capital
escondieron,they hid
concéntrense,concentrate
versículo,verse
llenaron,filled
extraoficial,informal
arrancando,starting
respires,breathe
siguieran,continued
esperándole,waiting for him
autorizar,authorize
aprobé,I passed
quahog,Quahog
notaron,they noticed
posteriormente,subsequently
indeciso,undecided
invadió,invaded
lavan,wash
condados,counties
barack,Barack
aplaudan,applaud
nietzsche,Nietzsche
sao,sao
vehiculo,vehicle
construiste,you built
maru,Maru
venice,Venice
terrace,terrace
stabler,stabler
detonadores,detonators
refrigeración,refrigeration
apelaciones,appeals
incendiado,burned
ds,ds
especializada,specialized
shrek,Shrek
largar,release
sd-6,sd-6
meningitis,meningitis
tecnológica,technology
perversión,perversion
marchará,will march
óptico,optical
chipre,Cyprus
alumnas,female students
chupado,sucked
desdichado,unhappy
coros,choirs
estranguló,strangled
karim,Karim
pili,pili
distribuidores,distributors
regalarle,give it to him
prefirió,preferred
deliberado,deliberate
incesto,incest
portan,they carry
tirarle,throw it
lon,lon
páramo,paramo
sobrepasado,overwhelmed
métela,put it in
paseaba,was strolling
sentara,would sit
laterales,sides
massimo,Massimo
meditando,meditating
maleducada,rude
eugenia,Eugenia
detectan,detect
adelántate,go ahead
llenará,will fill
conteniendo,containing
comprimido,compressed
yonqui,junkie
asesinarlo,kill him
desiertos,deserts
placentera,pleasant
inestabilidad,instability
electromagnética,electromagnetic
teyla,Teyla
contraataque,counterattack
quantico,quantum
agarres,grips
cocinaba,cooked
ayudenme,help me
castigará,will punish
neón,neon
llevártelo,take it with you
pulga,flea
filtrar,filter
entrégate,surrender
jam,jam
vereda,sidewalk
cyborg,cyborg
rashid,rashid
construiré,I will build
comic,comic
presentable,presentable
golfa,slut
conmovió,moved
dirty,dirty
interrogarla,question her
lastimaron,they hurt
resuelven,solve
relacionar,relate
declarada,declared
ruxin,ruxin
aproximándose,approaching
fumes,smokes
anguilas,eels
templeton,templeton
chaz,Chaz
encontrase,find
atraía,attracted
esperá,wait
proporcionó,provided
sentencias,judgments
deslizamiento,glide
portazo,bang
dormilón,sleepyhead
corrompido,corrupt
ofrendas,offerings
latitud,latitude
calumnia,slander
subterráneos,underground
bazar,bazaar
espejismo,mirage
alegrarte,be happy
sofocante,suffocating
suéltelo,let it go
nanny,nanny
ejerce,exercises
babs,babs
asumiré,I will assume
acostaré,I will go to bed
fortalezas,strengths
sábes,You know
mensuales,monthly
contratarme,hire me
telégrafo,telegraph
sedado,sedated
contenidos,contents
protagonistas,protagonists
martinez,Martinez
peguen,stick
impactado,impacted
station,station
pervertida,perverted
roswell,Roswell
sand,sand
fernández,Fernández
traficar,traffic
alegria,happiness
dvds,DVDs
kiera,Kiera
escamas,scales
tesorero,treasurer
depositar,deposit
abusivo,abusive
miedoso,fearful
tendran,they will have
sudoroso,sweaty
italianas,Italian
cuentame,tell me
westen,western
bébelo,drink it
microbios,microbes
thakur,thakur
garrote,club
cloud,cloud
puntualidad,punctuality
luchaste,you fought
enfadarse,get angry
lavavajillas,dishwasher
zodiaco,zodiac
pertinente,relevant
baratijas,trinkets
eso-,that-
trasplantes,transplants
récords,records
pollock,pollock
anything,anything
besaba,kissed
complete,complete
aplicado,applied
lógicamente,logically
documentado,documented
juntado,joined
invirtió,invested
klan,klan
gofres,waffles
praderas,meadows
crusoe,Crusoe
atraviesan,cross
alejo,Alejo
robarnos,steal from us
partieron,they left
discúlpanos,forgive us
estelares,stellar
muad,muad
apestar,reek
portafolio,portfolio
katrine,Katrine
arrendamiento,lease
abandonarla,abandon her
captas,you capture
valientemente,bravely
bengalas,flares
dijistes,you said
autoriza,authorizes
maynard,Maynard
agradó,pleased
menús,menus
minimizar,minimize
tee,tee
x-men,x-men
leerme,read me
egocéntrico,egocentric
hbo,HBO
corroborar,corroborate
compone,composes
panteras,panthers
practican,practice
lanzaste,you threw
oxidada,rusty
neblina,mist
rastras,drags
protegeremos,we will protect
degradación,degradation
disparador,trigger
acompañen,accompany
guionistas,screenwriters
sanderson,Sanderson
represalia,reprisal
baines,baines
subespacial,subspace
contacté,I contacted
dirigidos,directed
expresarlo,express it
comprueben,check
estimo,I estimate
atwood,atwood
arrestaran,arrest
kaufman,Kaufman
pros,pros
carrete,reel
mogo,Mogo
canino,canine
journal,journal
contadores,accountants
ejecutada,executed
dichas,said
ofendida,offended
pedirán,they will ask
capturarlo,capture it
contactarme,contact me
apestosos,stinking
hallie,Hallie
khanna,khanna
disolver,dissolve
acabarlo,finish it
teoria,theory
montículo,mound
cazafantasmas,Ghostbusters
contesten,answer
beale,beale
adapta,adapts
bashir,Bashir
mudaremos,we will move
michaela,Michaela
acercaron,approached
combinan,combine
abandonarte,abandon you
amaría,would love
corrían,they ran
zumbando,buzzing
cerraremos,we will close
edmond,Edmond
hana,hana
zé,zé
pedían,they were asking
brodie,brodie
presley,Presley
rallo,grater
vendados,bandaged
accede,access
mencionan,they mention
atrevimiento,dare
madagascar,Madagascar
cargué,I loaded
tedioso,tedious
relajación,relaxation
apresures,hurry
fetal,fetal
si-,Yeah-
desmoronando,crumbling
pendleton,Pendleton
estructural,structural
caesar,Caesar
procesador,processor
arruinarás,you will ruin
limitadas,limited
calmen,calm down
intolerancia,intolerance
comerla,eat it
apartarme,step away
aficionada,amateur
manutención,maintenance
hablame,talk to me
exportación,export
dejándolo,leaving it
palillo,toothpick
perrita,little dog
asumes,you assume
therese,therese
dividirnos,divide us
guacamole,guacamole
rubén,Ruben
insistí,I insisted
airlines,airlines
concentra,concentrates
buick,Buick
intervino,intervened
caida,drop
interesarte,interest you
despiadados,ruthless
inmundo,unclean
aprobaría,would approve
escalpelo,scalpel
tramas,plots
mantuvimos,we maintained
whitehall,Whitehall
exclusivos,exclusive
zas,zas
destructores,destroyers
encontrare,I will find
concentrados,concentrates
tulsa,Tulsa
velar,watch
sacarles,take them out
compensarlo,compensate it
auditoría,audit
detengamos,Let's stop
evitas,you avoid
moo,moo
óptimo,optimum
divorciarme,divorce
suponen,assume
pintaba,painted
inflexible,inflexible
cuestionable,questionable
sobrevivirás,you will survive
enderezar,straighten
pasante,intern
confusas,confusing
regalaste,you gave
ocultaste,you hid
pronunciado,pronounced
desleal,unfair
desearle,wish him
remington,Remington
desmayarme,faint
látex,latex
paquita,Paquita
herradura,horseshoe
torturarme,torture me
sombría,gloomy
shelton,Shelton
transferida,transferred
reescribir,rewrite
arrastraron,dragged
vendiera,would sell
facilita,facilitates
mostrarse,appear
etiopía,Ethiopia
acústica,acoustics
protestando,protesting
atropellar,run over
mirón,voyeur
mudara,will move
dandy,dandy
presupuestos,budgets
oh-oh,oh-oh
campeonatos,championships
támesis,Thames
sorprendiste,You surprised me
conseguirías,you would get
reconociste,you recognized
sacarlas,take them out
tiernos,tender
holliday,holiday
kuwait,Kuwait
aristócrata,aristocrat
olí,I smelled
contestadora,answering machine
robes,robes
difusión,diffusion
hipotermia,hypothermia
guia,guide
consultarme,ask me
loren,Loren
roedor,rodent
prestamos,loans
extienda,extend
sudado,sweaty
nombraron,they named
violé,I raped
poster,poster
arrastran,drag
divulgar,divulge
piénsatelo,Think about it
tragué,I swallowed
crow,crow
relajas,relax
aptitudes,skills
calmes,calm
nice,nice
yugular,jugular
acostumbres,you are used to
astillas,splinters
salami,salami
bocaza,big mouth
madrugar,get up early
desayunando,having breakfast
leif,Leif
cargamos,we load
harmony,harmony
responderle,answer
drástico,drastic
fingen,they pretend
abusador,abuser
anarquistas,anarchists
disparates,nonsense
sensatez,sanity
roedores,rodents
espasmos,spasms
durmieron,they slept
rizzoli,Rizzoli
gime,moans
pudin,pudding
comerciar,trade
v8,v8
seamus,seamus
stalingrado,Stalingrad
bájese,get off
beaver,beaver
agredió,attacked
atentados,attacks
comunicaré,I will communicate
utopía,Utopia
influenciar,influence
servirles,serve them
arañazo,scratch
redactar,write
cajeros,ATMs
reconocemos,we recognize
atrapas,you catch
atorada,stuck
dirígete,head
hayward,Hayward
enamoradas,lovers
estafas,scams
lavinia,Lavinia
keiko,Keiko
aversión,aversion
tramposa,cheater
cabot,Cabot
wooster,wooster
ojai,ojai
comerlos,eat them
crowder,crowder
reflejan,reflect
arrojando,throwing
sinónimo,synonym
intrépido,bold
torturó,tortured
trisha,Trisha
cantaban,they sang
hijoputa,motherfucker
veta,vein
kenji,Kenji
amanece,dawn breaks
protegería,would protect
apogeo,apogee
laceración,laceration
gaulle,Gaulle
inofensivos,harmless
volaste,you flew
hombría,manhood
lacrimógeno,tear gas
equilibrar,balance
exageras,You're exaggerating.
fundición,foundry
cove,cove
moribunda,dying
rebotar,bounce
migración,migration
echad,cast
pimiento,pepper
disparaban,they were shooting
acidez,acidity
mueller,Mueller
touché,touch
recluso,recluse
catre,cot
rodamos,we filmed
droides,droids
justiciero,vigilante
luzca,look
chelín,shilling
influyentes,influential
frederic,Frederic
risitas,giggles
funcionaban,they worked
avísenme,Let me know
jodieron,They screwed up
separemos,Let's separate
tráquea,windpipe
colgaré,I'll hang up
hijastra,stepdaughter
ralphie,Ralphie
centrarme,focus
agotó,exhausted
tomá,take
recibirnos,welcome us
declararse,declare
historiales,histories
bendecidos,blessed
varonil,manly
desvanecido,vanished
recibiera,received
alquien,someone
jimmie,Jimmy
inestables,unstable
perderíamos,we would lose
limpiarla,clean it
gia,gia
são,são
ange,angel
babu,babu
audi,Audi
herejía,heresy
chacal,jackal
aflojar,loosen
engreída,conceited
tableta,tablet
soltaré,I will release
consumen,consume
limpiarme,clean myself
gaston,Gaston
usarme,use me
rebaja,reduction
luminosa,bright
enrollado,rolled up
gentiles,Gentiles
evaluaciones,evaluations
fluya,flow
arduo,hard
lograba,managed
entregaremos,we will deliver
frx0,frx0
early,early
dibujante,cartoonist
nu,wildebeest
apóyate,lean on
ruin,mean
ski,ski
magnesio,magnesium
asar,roast
eu,eu
apego,attachment
mm-hm,mm-hm
bombear,pump
florero,vase
criterios,criteria
licuadora,blender
hatch,hatch
reclutó,recruited
nacieras,you were born
peleaba,fought
infectó,infected
pooh,Pooh
estampillas,stamps
crucigramas,crosswords
prudence,prudence
ayudarlas,help them
ribera,bank
aumentará,will increase
monté,mountain
traumática,traumatic
culpado,guilty
intensas,intense
trans,trans
tuerto,one-eyed
tradicionalmente,traditionally
yemen,Yemen
pai,father
terminales,terminals
alocada,crazy
birkoff,Birkoff
anoto,I note
clarinete,clarinet
incrementa,increases
olvídense,forget it
resistirte,resist
forrado,lined
bartlet,Bartlett
calais,Calais
escorpio,Scorpio
sparrow,sparrow
subvención,grant
geeta,Geeta
spartacus,Spartacus
gladiador,gladiator
seducirme,seduce me
pomada,ointment
mezclados,mixed
planteado,raised
devorado,devoured
constantinopla,Constantinople
heinz,Heinz
duradera,durable
puck,puck
laceraciones,lacerations
empujas,you push
situada,located
falsificador,forger
papà,dad
burritos,burritos
ahorrarte,save yourself
jadeo,panting
formales,formal
acuerde,agree
judiciales,judicial
aterrizando,landing
explicarse,explain
gt,gt
hincha,fan
topless,topless
opuso,opposed
robles,oaks
excepcionalmente,exceptionally
soplete,blowtorch
exterminio,extermination
sonámbulo,sleepwalker
pardo,brown
violan,rape
shakira,Shakira
éxodo,Exodus
léela,read it
despedirla,dismiss her
himalaya,Himalayas
sacrilegio,sacrilege
mandaría,would send
malgastando,wasting
perdoné,I forgave
molécula,molecule
mutilado,mutilated
chardonnay,chardonnay
convenga,convenient
morirías,you would die
recordaremos,we will remember
aparecí,I appeared
enojarse,annoy
prepararemos,we will prepare
devuélvame,Give me back
desvió,detour
precavido,cautious
talentosos,talented
superamos,we overcame
jing,Jing
presentaba,presented
romperla,break it
eye,eye
deslizó,slipped
digestión,digestion
obedecen,obey
continuado,continued
telenovela,soap opera
yugo,yoke
chorros,jets
levadura,yeast
declaran,declare
comportó,behaved
desnudistas,nudists
lightman,Lightman
reprogramar,reschedule
exigiendo,demanding
sofie,Sofia
narcotraficante,drug trafficker
decorador,decorator
triunfado,triumphed
liberan,release
alineados,aligned
aníbal,Hannibal
regularidad,regularity
bowling,bowling
jorobado,hunchback
sacudiendo,shaking
degradante,degrading
rutinas,routines
gustaste,you liked it
derretir,melt
desmorona,crumbles
criticando,criticizing
pasabas,you used to pass
tutela,guardianship
delatado,betrayed
albania,Albania
apartarse,move away
amorosos,loving
glory,glory
aparecerán,will appear
trocito,bit
reunirán,will meet
casémonos,Let's get married
alcancé,scope
arrugada,wrinkled
culparla,blame her
levantarla,lift it
far,far
keeler,keeler
disponemos,we have
baird,Baird
telarañas,cobwebs
elije,choose
encarnación,incarnation
psicótica,psychotic
cálidos,warm
comprada,purchased
rosewood,rosewood
lombriz,worm
ostia,Holy shit
adquirió,acquired
viril,virile
dominios,domains
esfumado,vanished
navegante,navigator
aida,Aida
crabtree,crabtree
susanna,Susanna
plymouth,Plymouth
quepa,that fits
quíteme,take me away
establecerse,settle
examinarlo,examine it
aceptarás,will you accept
provoques,provoke
imaginarios,imaginary
deslizarse,slide
brice,Brice
chateau,chateau
explicármelo,Explain it to me
ensayado,tested
arrepentida,repentant
intervalos,intervals
logística,logistics
mani,peanut
viéndonos,seeing us
controladas,controlled
resistido,resisted
jugarlo,play it
experimenta,experiment
tónico,tonic
pasarías,you would pass
volátil,volatile
esclavas,slaves
roxie,Roxie
narrativa,narrative
extraviado,lost
confiara,trusted
moviste,you moved
joroba,hump
perezosos,lazy
killer,killer
pongámoslo,Let's put it
discuto,I argue
neurocirujano,neurosurgeon
aburren,boring
idear,devise
jugara,will play
túnez,Tunisia
corporativos,corporate
oil,oil
tranquilizador,soothing
examiné,I examined
confusos,confusing
ibiza,Ibiza
descansan,rest
silbando,whistling
cavernícola,caveman
jovencitos,young people
santísima,most holy
gorras,caps
bofetadas,slaps
volkswagen,Volkswagen
ahogada,drowned
calmaos,calm down
ciera,certain
hicistes,did you do
-t,-t
francois,Francois
convertiremos,we will convert
voleibol,volleyball
groenlandia,Greenland
saludamos,We greet you
cas,case
shop,shop
pidieras,you asked
ofenden,offend
legítimos,legitimate
carpintería,carpentry
marcharemos,we will march
cruzaste,you crossed
pacifista,pacifist
walk,walk
mongolia,Mongolia
rubíes,rubies
aplastados,crushed
poros,pores
desquiciado,deranged
molinos,mills
marchaste,you left
míralas,look at them
enron,Enron
contactarlo,contact him
erupciones,eruptions
respiraba,breathed
navega,browse
expandiendo,expanding
decirmelo,tell me
respetada,respected
removido,removed
herejes,heretics
regalando,giving away
pobrecillo,poor thing
observas,you observe
padrinos,godparents
esfuerzas,you strive
calificada,qualified
partos,births
preparándome,getting ready
esquimal,Eskimo
redactor,editor
indicando,indicating
conducirlo,drive it
mandarán,they will send
examina,examines
actualizado,updated
libró,book
katarina,Katarina
tok,tok
echarles,throw them
mantenlos,keep them
gucci,Gucci
borgoña,Burgundy
esquizofrénico,schizophrenic
deshaga,undo
desamparados,homeless
liberarla,free her
siguieras,you would follow
gretel,Gretel
brook,Brook
studio,studio
hunda,sink
hear,hear
sabbath,Sabbath
argentino,Argentinean
aniquilación,annihilation
terminator,terminator
operacion,operation
gruber,Gruber
agradecerás,you will appreciate it
cíclope,Cyclops
enfadarte,get angry
concentrémonos,Let's concentrate
sharona,Sharona
prepares,prepare
fijate,look
precisamos,we need
espanto,terror
mintiera,lied
tecla,key
mak,mak
desnúdate,get naked
enojarme,get angry
modificación,modification
joderte,fuck you
matarlas,kill them
hemorragias,hemorrhages
lolita,Lolita
bok,bok
insultas,You insult
angelica,angelica
arrojé,I threw
construirlo,build it
tugurio,dump
cometo,I commit
fabulosas,fabulous
cari,darling
mudanzas,moving
fun,fun
imanes,magnets
tribuna,grandstand
hackeado,hacked
joão,João
sobreviviría,would survive
guiando,guiding
firmara,signature
beberlo,drink it
desempleados,unemployed
carlyle,Carlyle
garabatos,scrawl
ranura,slot
mercaderes,merchants
transexual,transsexual
traicionaron,they betrayed
mostraría,would show
arrastrarse,creep
scrabble,Scrabble
probarse,try on
salvamento,rescue
fighting,fighting
caminante,walker
proseguir,pursue
next,next
kahn,kahn
envejecimiento,aging
fazio,fazio
confirmo,I confirm
ucla,ucla
historiadores,historians
acompañaba,accompanied
sunday,Sunday
forme,form
trabajarán,they will work
lim,lim
norah,Norah
tuviésemos,we had
vestuarios,changing rooms
comunico,I am communicating
keane,Keane
ahórratelo,Save yourself the trouble
deseada,desired
estimados,Dear All
flan,custard
planchas,irons
moraleja,moral
aurelio,Aurelio
timidez,shyness
decepcionados,disappointed
encriptado,encrypted
osadía,audacity
investiguen,investigate
expresó,express
família,family
malhotra,malhotra
marisco,seafood
vitrina,showcase
kal-el,kal-el
pasándola,passing it
pecar,sin
comúnmente,commonly
intersect,intersect
tam,tam
perseverancia,perseverance
muestrame,show me
decoraciones,decorations
atrevía,dared
seguíamos,we continued
promocionar,promote
solita,alone
petrolero,oil
leímos,we read
gruesas,thick
enganchar,hook
separémonos,Let's separate
llantos,cries
fabian,Fabian
ensangrentada,bloody
cuenca,basin
follarte,fuck you
infusión,infusion
llévenla,Take her
negará,will deny
poética,poetics
vanidoso,vain
brindamos,we provide
olvidémoslo,Let's forget about it
tad,tad
sonara,It will sound
costear,pay for
vigilarla,watch her
credo,creed
financiamiento,financing
abandonara,abandon
johnston,johnston
ezequiel,Ezekiel
monito,little monkey
ampliación,extension
conversacion,conversation
dándonos,giving us
bae,bae
detectando,detecting
hobbes,Hobbes
guiaré,I will guide
copiando,copying
ladron,thief
cupcakes,cupcakes
navajas,knives
consistentes,consistent
tráigalo,bring it
descuentos,discounts
dándose,giving
confirmando,confirming
cunda,cunda
despecho,spite
isn,isn
pruébame,try me
campestre,country
bocota,big mouth
arcángel,archangel
larissa,Larissa
ordenamos,we ordered
convendría,would be advisable
burguesa,bourgeois
clary,Clary
devereaux,devereaux
presumiblemente,presumably
grasiento,greasy
porto,port
teñido,had
resultara,it would turn out
galón,gallon
sentaros,sit down
tiberio,Tiberius
llevad,take
liberamos,we free
division,division
gemas,gems
dopamina,dopamine
retenerme,hold me back
programados,scheduled
maude,Maude
enséñanos,teach us
melena,mane
movil,mobile
condenó,condemned
lomax,lomax
moja,wet
apagados,turned off
transfirió,transferred
previsión,forecast
debio,It should have
chffffff,chffffff
destructiva,destructive
aristócratas,aristocrats
evito,I avoid
dispongo,I have
barraca,barrack
ders,ders
actuará,will act
silenciosos,silent
gao,gao
sepultura,grave
vigiles,watch
ea,ea
mejorarlo,improve it
golpeará,will hit
ajenos,other people
deficiencia,deficiency
edema,edema
pecadora,sinner
referirse,refer
varicela,chickenpox
jia,jia
robaré,I will steal
paracaidistas,paratroopers
desperdicios,waste
carlotta,Carlotta
pibe,kid
obligarlo,force him
razonablemente,reasonably
eficientes,efficient
asaltantes,assailants
tranqui,calm down
vergas,dicks
repetidas,repeated
vibrante,vibrant
sírvanse,Please help yourselves
crusher,crusher
work,work
analistas,analysts
ozono,ozone
halago,flattery
radioactivo,radioactive
huntington,Huntington
pedirás,you will ask
cortador,cutter
buscadores,search engines
qin,Qin
dudosa,doubtful
membrana,membrane
infiltrarse,infiltrate
lentas,slow
encuéntrenlo,find it
esclerosis,sclerosis
ganarnos,win us over
abastecimiento,catering
uther,uther
dem,dem
avon,avon
muchachote,big boy
incómodas,uncomfortable
hawkes,Hawkes
permanecerán,will remain
aleación,alloy
villancicos,Christmas carols
súbita,sudden
lloramos,we cried
guiarnos,guide us
duce,duce
evitan,avoid
comportamientos,behaviors
aniquilar,annihilate
tranquilizar,reassure
déjelos,leave them
small,small
sacudido,shaken
cubres,covers
comanches,Comanches
sáqueme,get me out
manuscritos,manuscripts
dolida,hurt
enfoca,focus
dickinson,Dickinson
raciales,racial
matinal,morning
xbox,Xbox
joxer,joxer
mandona,bossy
ciudadela,citadel
informativa,informative
onzas,ounces
clandestinidad,secrecy
rezaba,prayed
ritter,Ritter
acrobacias,acrobatics
lagunas,lagoons
palabrería,wordiness
thorn,Thorn
negaste,you denied
engañamos,we deceive
suspendieron,suspended
lamentará,will regret
storybrooke,Storybrooke
consistía,it consisted
paramount,Paramount
halagos,compliments
parpadea,blinks
lanzaré,I will launch
caimanes,alligators
soltad,let go
conserve,preserve
puedo-,I can-
impiden,prevent
encarcelamiento,imprisonment
tilly,tilly
rumano,Romanian
atraso,backwardness
perfeccionar,perfect
mintiéndome,lying to me
telefoneado,telephoned
dámelos,Give them to me
machista,sexist
testículo,testicle
importaban,they mattered
lesionado,injured
lupus,lupus
cerrarse,close
everything,everything
marcadas,marked
esfuérzate,strive
alcanzarlos,reach them
emborracharnos,to get drunk
trabajadoras,female workers
siembra,sowing
mavis,Mavis
monumental,monumental
descompuso,broke down
preferencias,preferences
invierte,invest
manipuladora,manipulative
furtivo,furtive
mido,I measure
preescolar,preschool
herrmann,Hermann
tapiz,tapestry
panfleto,pamphlet
kermit,Kermit
devolverán,will return
desmontar,disassemble
memorándum,memorandum
ecosistema,ecosystem
excrementos,faeces
quid,crux
torturada,tortured
mcgarrett,McGarrett
desarmados,unarmed
gobernado,governed
kendrick,Kendrick
usabas,you used
terence,Terence
informador,informer
relevantes,relevant
landon,landon
cubeta,tray
avistamientos,sightings
inflamable,flammable
desintoxicación,detoxification
pinball,pinball
anhela,longs
devora,devours
despreocupado,carefree
comodín,wildcard
consolador,dildo
llámenos,call us
desalojo,eviction
hornblower,hornblower
ban,ban
felicitación,congratulation
balboa,balboa
ofelia,Ophelia
agresores,aggressors
experimentó,experiment
sox,sox
costurera,seamstress
relatividad,relativity
decoro,decorum
estimula,stimulates
encarar,face
comunique,communicate
gregorio,Gregory
r2,r2
mer,mer
cheese,cheese
franela,flannel
vacilando,hesitating
acosa,harasses
sonríen,They smile
sharpe,Sharpe
defectuosa,defective
coleccionistas,collectors
funky,funky
gage,gauge
portera,portress
merlyn,Merlyn
socializar,socialize
cornisa,cornice
tendiste,you tended
quill,quill
descansos,breaks
no-no,no no
enlaces,links
depto.,dept.
ándate,go away
believe,believe
botox,Botox
perejil,parsley
suscripción,subscription
contraseñas,passwords
contenida,contained
perez,Perez
queriamos,we wanted
coito,intercourse
saqueo,pillage
mambo,mambo
tiara,tiara
convenio,agreement
wilma,wilma
trazado,layout
gigoló,gigolo
psicólogos,psychologists
frió,cold
gruñido,snarl
capta,captures
enterrando,burying
drakul,drakul
ligando,linking
noticieros,news programs
tov,tov
esperarías,you would expect
estancado,stagnant
qi,qi
afectadas,affected
temían,they feared
sears,sears
informé,report
pasándolo,passing it
distinguidos,distinguished
facción,faction
somníferos,sleeping pills
interino,interim
hormigueo,tingle
olvídala,forget her
maxie,maxie
descifrarlo,decipher it
romperás,you will break
desatado,untied
innecesarios,unnecessary
chillar,scream
piadoso,pious
ketamina,ketamine
vigía,look-out
requerir,require
iraníes,Iranians
keats,Keats
refiriendo,referring
premisa,premise
destruyes,destroy
rimas,rhymes
machacar,crush
altman,altman
adaptar,fit
minado,mined
malteada,milk shake
kwan,kwan
reforzado,reinforced
bajista,bassist
haciendolo,doing it
birmania,Burma
balada,ballad
toallitas,wipes
quédatela,Keep it
aplastaré,I will crush
adoptaron,adopted
atrápala,catch it
presiono,I press
suturas,sutures
mahal,Mahal
liderando,leading
bálsamo,balm
fiat,fiat
reproducirse,breed
entregados,delivered
squash,squash
envase,container
coloquen,place
fichado,signed
utensilios,utensils
comprobó,checked
booker,booker
crematorio,crematorium
chucky,Chucky
sri,Sri
hoon,Hoon
aprenderlo,learn it
cape,cape
press,press
ugo,Hugo
abs,abs
lorelei,Lorelei
blaze,blaze
conroy,Conroy
olímpica,Olympic
autonomía,autonomy
aguantan,they endure
suplicó,he begged
abriría,would open
presionarte,pressuring you
cubrí,I covered
emborracha,gets drunk
constructora,construction company
límpialo,clean it
herodes,Herod
conocisteis,you knew
acordarás,you will agree
gee,gee
temerle,fear him
desagrada,unpleasant
bingley,Bingley
llevame,take me
siéntelo,feel it
saludarla,greet her
garbo,grace
remolacha,beet
abogacía,advocacy
intencionadamente,willfully
malentendidos,misunderstandings
sis,sis
kraang,kraang
ninos,children
fijos,fixed
curarla,cure it
calificar,qualify
leves,mild
tifus,typhus
brutos,gross
derrotarlo,defeat him
concéntrese,concentrate
trocitos,little pieces
luchemos,Let's fight
ambientales,environmental
migrañas,migraines
peach,peach
arreglaría,would fix
partisanos,partisans
bellísimo,beautiful
enemistad,enmity
encargados,managers
estallado,exploded
adivinaste,You guessed it
circula,circula
mall,mall
alfil,bishop
esforzarme,to strive
hallarás,you will find
dolorosos,painful
peregrinación,pilgrimage
isobel,Isobel
t.c.,t.c.
localizarte,locate you
sabático,sabbatical
follarme,fuck me
dispararemos,we will shoot
tenor,tenor
hablaran,they spoke
encendidos,lit
lecter,lecter
bioquímica,biochemistry
malabares,juggling
payasadas,antics
turística,tour
empeorará,will worsen
tapete,rug
ciénaga,swamp
arresta,arrest
chiana,China
tù,you
alegré,cheerful
puntadas,stitching
frota,rub
bombillas,light bulbs
preséntate,introduce yourself
empacado,packed
doblo,double
sadako,sadako
arpón,harpoon
debs,debs
ediciones,editions
piensalo,Think about it
coló,color
entregaría,would deliver
ón,on
termo,thermos
negarte,deny
sincro,sync
sentaron,they sat down
derriba,demolition
hansel,Hansel
recibidos,received
motosierra,chainsaw
ofreceré,I will offer
anónimas,anonymous
atajos,shortcuts
cementerios,cemeteries
demandó,demanded
meo,pee
rezas,you pray
bonus,bonus
merengue,meringue
apagues,turn off
honestas,honest
acertó,He was right
reduzca,reduce
esperándola,waiting for her
recuperaron,recovered
localiza,locates
estrellarse,dash
expendedora,vending machine
comporte,behave
órbitas,orbits
malinterpretado,misinterpreted
sureña,southern
asignados,assigned
grandísimo,great
senderos,trails
mándale,send him
junten,get together
igualito,exactly the same
uat,uat
macao,Macao
murieran,died
pesqué,I fished
apóstoles,apostles
criamos,we raised
callan,They are silent
piero,Piero
encubiertas,covert
conocerles,meet them
nik,nik
seudónimo,pseudonym
hijastro,stepson
participe,participant
tecnologia,technology
erizo,sea ​​urchin
uhtred,uhtred
ultraje,insult
atributos,attributes
obtenerlo,get it
campanario,bell tower
captando,capturing
transcripciones,transcripts
viéndome,seeing me
importamos,We import
mohamed,Mohamed
reservo,I reserve
escandalosa,scandalous
dolorosas,painful
jubilados,retirees
fracturado,fractured
eppes,eppes
elanna,elanna
poniéndote,putting you
moreau,Moreau
ahogamiento,drowning
retiras,withdraw
chupito,shot
llenen,fill
confiaste,you trusted
acordarte,remember
voice,voice
puf,poof
borrados,deleted
dreyfus,dreyfus
liso,smooth
basketball,basketball
llano,flat
explicarnos,explain
smash,smash
pregúntales,ask them
arreglarás,you will fix
femoral,femoral
davina,Davina
firmados,signed
lanzarse,jump
rolf,Rolf
suéltenlo,Let him go
continuaron,they continued
bolcheviques,Bolsheviks
arenque,herring
prendida,lit
cebada,barley
infectar,infect
correspondido,reciprocated
prepararon,they prepared
cedo,I give up
dirigiré,I will direct
castores,beavers
fotográfico,photographic
tendida,lying down
bultos,packages
húngaros,Hungarians
onza,ounce
impactos,impacts
besarlo,kiss him
viéndola,watching her
renovado,renovated
enterradas,buried
creaciones,creations
titulado,titled
apartada,secluded
tuercas,nuts
impulsar,boost
diseñadas,designed
diapositivas,slides
valet,valet
crónico,chronic
invadieron,invaded
tardamos,we took
standard,standard
revelando,revealing
tráemelo,Bring it to me
bastó,coarse
escribirla,write it
respiren,breathe
lam,lam
desafiado,challenged
mendigar,beg
prismáticos,binoculars
brava,brave
divinos,divine
arrestaré,I will arrest
simetría,symmetry
tenue,faint
sauce,willow
beecher,Beecher
deforme,misshapen
insista,insist
verona,Verona
stef,Stef
despedirán,they will fire
taft,taft
ensayamos,we rehearse
disminución,decrease
escorpiones,scorpions
masturbarse,masturbate
precoz,early
laverne,Laverne
discordia,discord
forajido,outlaw
mantenían,they maintained
ofrecerá,will offer
magnifica,magnificent
rhys,Rhys
mckenna,McKenna
shun,shun
emborraché,I got drunk
persigo,I pursue
minneapolis,Minneapolis
medica,medical
axilas,armpits
universitarias,university
yacen,lie
malcriada,spoiled
frobisher,frobisher
molestarlos,bother them
rígida,rigid
mathieu,Mathieu
mathilde,Mathilde
simplicidad,simplicity
coleando,tailing
devotos,devotees
clero,clergy
bruscamente,sharply
enamoramiento,infatuation
negaré,I will deny
pagadas,paid
suicido,suicide
scarlata,scarlet
devin,devin
wexler,Wexler
inicios,beginnings
derribaron,they shot down
ascendente,upward
telefoneó,phoned
fundado,founded
biggs,biggs
típicos,typical
pasantía,internship
knope,Knope
cana,cane
distraiga,distract
viajaremos,we will travel
ántrax,anthrax
persia,Persia
trague,swallow
alcanzarla,reach it
tallado,carving
should,should
cubana,Cuban
penetra,penetrates
indescriptible,indescribable
empujan,they push
midsomer,midsomer
hurgando,rummaging
maybe,maybe
audífonos,earphones
shangai,Shanghai
levine,Levine
islámico,Islamic
jace,Jace
aferra,clings on
sotano,basement
regresare,I will return
sabina,juniper
habréis,you will have
letrina,latrine
grabarlo,record it
atlántida,Atlantis
babosa,slug
fingiré,I'll pretend
derrotas,defeats
caucásico,Caucasian
fraudes,frauds
júralo,swear it
picazón,itch
tic-tac,ticking
alejara,away
albergar,harbor
anchoas,anchovies
aceptarías,Would you take
bandada,flock
decidirme,decide
devolvería,would return
escupiendo,spitting
aristóteles,Aristotle
cuidarlos,take care of them
noelle,noelle
naturalidad,naturalness
buscáis,you are looking
enfureció,he became enraged
semáforos,traffic lights
perpetrador,perpetrator
wolverine,Wolverine
danesa,Danish
programador,programmer
traficando,trafficking
permitidme,allow me
históricamente,historically
babeando,drooling
tempo,tempo
morsa,walrus
woodstock,Woodstock
comenta,comment
cardiff,Cardiff
arréglate,fix yourself
cinematográfica,cinematography
plática,talk
encargaría,I would order
comernos,eat us
cotilleos,gossip
siéntanse,sit down
acostumbré,I used to
rayos-x,x-rays
partidario,supporter
lastiman,they hurt
confiscar,confiscate
ensangrentado,bloody
atontado,stunned
logremos,Let's achieve
invitara,would invite
trueque,barter
eunice,Eunice
toquéis,play
monóxido,monoxide
cosido,sewing
limpiarse,cleanse
potts,potts
guárdala,save it
administrativa,administrative
servicial,helpful
captó,captured
azulejos,tiles
inclinada,inclined
agarraré,I'll grab
pararla,stop it
liberé,I freed
crónicas,chronicles
interpreto,I interpret
maquinista,machinist
mensajera,messenger
degradado,degraded
movamos,Let's move
severos,severe
corazoncito,little heart
paraiso,paradise
encontrad,find
sure,sure
agarrarte,hold on
espeso,thick
limpies,clean
torna,turn
sospeche,suspect
tallarines,noodles
zoquete,oaf
indirectamente,indirectly
nevar,snow
cabinas,cabins
indicadores,indicators
conformarse,conform
comprarás,you will buy
turín,Turin
realizará,will perform
despistado,absent-minded
maiz,corn
diríamos,we would say
gant,Gant
solsticio,solstice
apoyaba,supported
desagradecida,ungrateful
valorado,valued
dwyer,dwyer
especializa,specializes
bannister,bannister
coleccionar,collect
calentito,warm
cherokee,Cherokee
repetimos,we repeat
quitártelo,take it off
cacerola,pan
calentarse,warm
impredecibles,unpredictable
mordidas,bites
olimpo,Olympus
adore,adore
anduve,I walked
adivinanzas,riddles
decadente,decadent
descalza,barefoot
activamente,actively
deficiente,deficient
probaron,they tried
mantis,mantis
mimo,mime
orfeo,Orpheus
partitura,score
catacumbas,catacombs
cctv,CCTV
poseidón,Poseidon
caminantes,walkers
trade,trade
dáme,give me
judo,judo
clásicas,classics
nominada,nominated
diciéndolo,saying it
tutores,tutors
intentaras,you will try
atómicas,atomic
sapos,toads
eleccion,choice
oportunista,opportunist
intensiva,intensive
evacuen,evacuate
paulette,Paulette
invitarlos,invite them
gemido,groan
negocia,negotiate
regis,regis
notificar,notify
estandarte,banner
comprometerte,commit
informáticos,computer scientists
ingenuidad,naivety
volviéndome,turning
haciéndonos,making us
relevado,relieved
cautiva,captive
interponerse,interpose
apoyará,will support
lupe,Lupe
engranaje,gear
cuidarán,they will take care
hamid,Hamid
contaban,they said
vestidas,dressed
mimos,pampering
these,these
llorona,Weeping woman
monitoreando,monitoring
progresista,progressive
pedírmelo,ask me
insurgentes,insurgents
monstruosidad,monstrosity
beautiful,beautiful
vistió,wore
insistencia,insistence
adelantando,ahead
welch,welch
desertar,desert
alonzo,Alonzo
dirigentes,leaders
animó,cheer up
tentar,tempt
desfiladero,defile
whitaker,Whitaker
alcanzas,you reach
med,med
parloteo,chatter
earth,earth
wait,wait
rupaul,RuPaul
encargarán,they will be in charge
lund,lund
dougal,Douglas
jean-luc,Jean-Luc
coacción,coercion
compasiva,compassionate
renombre,renown
eros,Eros
esclusa,lock
desplegar,deploy
apruebas,You approve
arcoíris,rainbow
esguince,sprain
sumisión,submission
cambiarnos,change
grava,gravel
mausoleo,mausoleum
ropero,wardrobe
aliadas,allies
fumé,I smoked
mandíbulas,jaws
pratap,pratap
calmas,calm
bayoneta,bayonet
sorprendas,surprise
reposar,rest
llamarles,call them
porros,joints
cerrara,will close
chocan,collide
esto-,this-
galápagos,Galapagos
trust,trust
frenesí,frenzy
lill,little
voltéate,turn around
chocamos,we crashed
arrebató,rapture
participan,participate
apartarte,step away
flirteando,flirting
ficticio,fictional
ligeras,light
rastreadores,trackers
oscurece,darkens
juntó,together
ponéis,you put
denunciaré,I will report it
horse,horse
devolverás,you will return
reanudar,resume
utilizaste,you used
cazo,saucepan
frijol,bean
pródigo,prodigal
pegasus,pegasus
apasionadamente,passionately
sacrificarse,sacrifice
dodo,dodo
preside,preside
ascendieron,ascended
expresamente,expressly
blandos,soft
cedido,ceded
pacino,Pacino
incapacitado,disabled
augustus,Augustus
angular,angular
diversion,fun
fracasé,I failed
enseñaría,would teach
left,left
reverso,reverse
defenderé,I will defend
galletita,cookie
complacerte,please you
ran,ran
obligo,navel
párese,stop
vivirla,live it
incriminar,incriminate
voss,voss
hormonal,hormonal
nance,nance
alejandría,Alexandria
revelador,developer
leerte,reading you
apoplejía,apoplexy
úsala,use it
acabábamos,we were finishing
bloqueadas,blocked
compiten,compete
averiguaciones,investigations
cabecilla,leader
demoníaco,demonic
mags,mags
maloliente,smelly
infelicidad,unhappiness
zulu,Zulu
recibirla,receive it
pretzels,pretzels
hackett,Hackett
tocaremos,we will play
copio,I copy
hubierais,you would have
lavaste,you washed
seleccionados,selected
permitírselo,allow it
morboso,morbid
trajeran,bring
decididamente,decidedly
acostándose,going to bed
felice,happy
lanzallamas,flamethrower
skyler,skyler
venirte,come
reportaron,they reported
acercaré,I will approach
lombrices,earthworms
tranquilice,calm down
higos,figs
woodward,woodward
goza,enjoy
comporté,I behaved
cortara,cut
él-,he-
meseta,plateau
notables,notable
enganchó,hooked
retina,retina
cenemos,Let's have dinner
enterarte,find out
continuad,continue
arrepentimientos,regrets
quiosco,kiosk
cautivo,captive
paredón,wall
teherán,Tehran
torniquete,tourniquet
finja,pretend
conectó,connected
fortune,fortune
deshidratación,dehydration
bane,bane
añadió,he added
tallas,sizes
hubbard,Hubbard
comunicando,communicating
atropina,atropine
cantarla,sing it
cortaremos,we will cut
indagar,investigate
vapores,steams
descontrolado,uncontrolled
mandarla,send it
guasón,joker
ocupantes,occupants
valeroso,valiant
platicar,talk
harald,Harald
marcharos,leave
guiada,guided
gruñona,grumpy
resbala,slip
deteneos,stop
redadas,raids
bly,bly
interpretó,he interpreted
practicaba,practiced
desapariciones,disappearances
dix,dix
remotos,remote
aconsejar,advise
preocupadas,worried
descaradamente,brazenly
envoltura,envelope
mapaches,raccoons
liberarnos,free ourselves
secundarias,secondary
córtalo,cut it
minería,mining
chinches,bed bugs
limpiaron,they cleaned
autentico,authentic
preferidos,preferred
acordaron,agreed
adultas,adults
blindados,armored vehicles
salvarás,you will save
grosería,rudeness
exageré,I exaggerated
addy,addy
apagas,you turn off
jadeando,panting
parezcas,you seem
melancólico,melancholic
cutre,shabby
esforcé,I made an effort
apena,sad
goran,Goran
mantenerle,keep him
depresivo,depressant
hazlos,do them
batista,cambric
anticonceptivos,contraceptives
díle,tell him
entendernos,understand each other
investigaba,was investigating
bailé,dance
acné,acne
tifón,typhoon
hickey,Hickey
portátiles,laptops
encontráis,you find
dichosa,blessed
tea,torch
corderito,little lamb
demuestras,you demonstrate
cinismo,cynicism
habita,inhabits
alterados,altered
hankmed,hankmed
demoler,demolish
carlota,Carlota
roper,roper
creadas,created
diminutas,tiny
localizamos,we located
sobrepeso,overweight
tyra,Tyra
frialdad,coldness
guárdatelo,Keep it to yourself
desmayarse,faint
ulrich,Ulrich
merle,Merle
instalando,installing
rentar,rent
carecen,lack
cascarrabias,curmudgeon
métase,get in
alimentarlo,feed it
especímenes,specimens
regulación,regulation
manadas,herds
vietcong,Viet Cong
describa,describe
conduzcan,drive
júbilo,joy
repasado,reviewed
gotta,gotta
veloces,fast
acumular,accumulate
borrada,deleted
patearle,kick him
sabanas,bed sheets
pirado,crazy
lexus,Lexus
oscureciendo,darkening
traicionada,betrayed
pirómano,pyromaniac
klinger,Klinger
construidos,built
sospechará,will suspect
strickland,Strickland
emotiva,emotional
nde,and
insistas,insist
seguirían,would continue
lotus,lotus
uma,uma
montarlo,assemble it
enojé,I got angry
publicada,published
prometerle,promise him
providence,providence
fajo,wad
recarga,recharge
blanchard,blanchard
inyectar,inject
because,because
portadas,covers
piccolo,piccolo
tendero,shopkeeper
tientes,dyes
logia,lodge
antropología,anthropology
mori,I died
amador,Amador
checoslovaquia,Czechoslovakia
apartes,excerpts
insinuar,insinuate
ruedo,arena
chopper,chopper
costaron,cost
ofrecería,would offer
mamacita,mamacita
burló,mocked
ratonera,mousetrap
autocontrol,self-control
jarras,jugs
estimulantes,stimulants
búscala,look for it
tampón,tampon
pulido,polished
tosca,rough
cade,cade
elaborada,prepared
salinger,Salinger
agradeces,thank you
inflable,inflatable
conspirar,conspire
decepcioné,I disappointed
connolly,Connolly
emborracharte,get drunk
bristow,Bristow
disección,dissection
denzel,Denzel
morrow,morning
bribones,scoundrels
auxiliares,assistants
glándula,gland
montecito,little hill
sorprendieron,surprised
corday,Corday
corleone,Corleone
train,train
explican,they explain
garry,garry
supermercados,supermarkets
aguijón,sting
bannerman,bannerman
descifrado,decoded
hallará,will find
creés,do you think
tomándome,taking me
triunfa,triumphs
tortillas,tortillas
para-,for-
liquido,liquid
bolsita,sachet
solo-,only-
alejarlo,move him away
mírense,look at each other
pendejadas,stupid things
3er,3rd
fundar,found
q-qué,w-what
drogarse,get high
comprometo,I commit
defienden,defend
esfuerces,efforts
concretas,specific
chorrada,nonsense
bergen,Bergen
conspiradores,conspirators
moribundos,dying
alojado,hosted
llévenos,take us
vendajes,bandages
soberbia,pride
dejadla,leave her alone
tusseries,yourseries
banner,banner
registradas,registered
presenció,witnessed
habléis,speak
tendiendo,tending
recordarla,remember her
autobiografía,autobiography
cassius,Cassius
lanzará,will launch
bits,bits
evacuado,evacuated
típicamente,typically
berman,Berman
rectitud,rectitude
devuélvele,give it back to him
luchará,will fight
usábamos,we used
marwan,Marwan
convocó,summoned
pajita,straw
existirá,there will exist
sueltame,Let me go
cowboys,cowboys
perdonada,forgiven
despegó,took off
ayudaran,will help
interprete,interpreter
rifa,raffle
adoraban,they adored
bungalow,bungalow
amarras,moorings
critico,critical
acosadora,stalker
quemas,burns
rechazados,rejected
iran,Iran
influenciado,influenced
enseñarás,you will teach
discovery,discovery
anchos,wide
muchisimo,lot
perseguí,I pursued
soto,soto
contratación,hiring
smiley,smiley
ocupara,would occupy
aterrorizados,terrified
traviesos,mischievous
intrigas,intrigues
reemplazó,replacement
gimnasta,gymnast
posteridad,posterity
florecen,bloom
pak,pak
gamberros,hooligans
apreciaba,appreciated
gordinflón,fatty
patch,patch
perderías,you would lose
caprichosa,capricious
peluquera,hairdresser
turbante,turban
ahorraré,I will save
reprimir,suppress
consegui,I got
insólito,unusual
disculparé,I will excuse you
levántala,lift it
utilería,props
conquistó,conquered
revelará,will reveal
tornados,tornadoes
hinchados,swollen
acaricia,caress
prepararle,prepare him
macizo,solid
terrateniente,landowner
anécdotas,anecdotes
refrescar,refresh
aparecería,would appear
métanse,get in
bibliotecas,libraries
fiambre,stiff
entretenida,entertaining
gisborne,Gisborne
brianna,Brianna
humeante,smoky
aseguraba,he assured
neuronal,neuronal
cañas,white hair
mcmanus,McManus
howe,Howe
gregson,Gregson
hodge,Hodge
kubrick,Kubrick
admitiendo,admitting
reencuentro,reunion
desarrollada,developed
ofendió,offended
estrenar,premiere
convertida,converted
tiemblo,I tremble
promovido,promoted
adrianna,Adrianna
banal,banal
bajarle,lower it
podridas,rotten
soya,soy
eternos,eternal
notaría,notary
aimee,aimee
realismo,realism
persiguieron,they pursued
candente,glowing
hundirá,will sink
empuñadura,handle
otelo,Othello
operadores,operators
aconsejado,advised
ausentes,missing
desert,desert
escanear,scan
problemáticos,problematic
enséñales,teach them
establezca,establish
hepática,liver
equilibrado,balanced
pacíficos,peaceful
brujos,witches
encontrasteis,you found
desobediencia,disobedience
relacionan,relate
masacrados,massacred
ate,ate
dispararnos,shoot us
inconscientemente,unconsciously
armaduras,armor
vegetarianos,vegetarians
irrelevantes,irrelevant
labrador,Labrador
comed,eat
astor,astor
demorado,delayed
fervor,fervor
anwar,Anwar
difuntos,deceased
apoyen,support
desinteresado,disinterested
encontraréis,you will find
depara,it holds
disculpé,excuse me
asistí,I attended
traedme,bring me
suéltela,Let her go
integrado,integrated
caminaremos,we will walk
apoyé,I supported
lark,lark
zarpa,paw
noo,no
dábamos,we gave
lidocaína,lidocaine
mesada,countertop
wren,wren
winthrop,winthrop
confesarme,confess
salvajemente,wildly
ejecutor,executor
patriótico,patriotic
periodos,periods
birch,birch
cardíacos,cardiac
shanghái,Shanghai
fibrilación,fibrillation
encerré,I locked
sondeo,probe
encriptación,encryption
hormona,hormone
calaña,scum
ponías,you put
pregúntenle,ask him
monitorear,monitor
harén,harem
carpas,tents
comprendía,understood
causados,caused
cancelaré,I will cancel
abandonadas,abandoned
contrarrestar,counter
enfadé,I got angry
sôlo,only
emerge,emerge
bj,bj
encargaba,was in charge
abriéndose,opening
ahorré,I saved
montaba,rode
flexibilidad,flexibility
patillas,sideburns
fray,friar
estirada,stretched
matanzas,massacres
advirtiendo,warning
corrigan,corrigan
ceremonial,ceremonial
salino,saline
presentadora,presenter
perdáis,lose
topaz,topaz
orbita,orbit
albright,albright
angelitos,little angels
neurólogo,neurologist
fly,fly
viejita,old lady
donaghy,donaghy
pacotilla,shoddy
caperucita,Little Red Riding Hood
gruñe,growls
volvías,you were coming back
xanax,xanax
bligh,bligh
porté,bearing
ferrara,Ferrara
lannister,Lannister
malgastado,wasted
bailó,danced
incluyéndome,including me
rescatarla,rescue her
locación,location
jugaría,would play
necesitarían,they would need
explosion,burst
anson,anson
pichón,pigeon
lloverá,It will rain
controlarlos,control them
gotea,drips
armani,Armani
casaros,Casaros
infamia,infamy
sy,sy
atarme,tie me up
incendia,sets fire
gruesos,thick
adjunta,attached
acuéstese,lie down
confundo,I'm confused
anchas,wide
realizaron,they performed
jaclyn,Jaclyn
invencibles,invincible
bobbi,Bobbi
picaduras,bites
trolls,trolls
thought,thought
activas,active
está-,this-
empleadas,employees
semi,semi
vencerlos,defeat them
ungüento,ointment
sigilo,stealth
requiera,require
bowers,bowers
xvii,xvii
desgarrado,torn
mongoles,Mongols
shine,shine
házlo,do it
imprime,print
implicar,involve
sims,sims
clifton,Clifton
iggy,Iggy
valentin,Valentin
hacérmelo,do it to me
lúcido,lucid
aww,aww
sabuesos,bloodhounds
guita,twine
genéticos,genetics
aférrate,Hold on
surfistas,surfers
registre,register
desangrado,bleeding
etienne,etienne
crujido,crunch
combatiente,fighter
cosiendo,sewing
trastornada,disturbed
atraparan,they will catch
fábula,fable
ajenas,other people
australiana,Australian
anuncian,announce
repetía,he repeated
encinta,pregnant
nisiquiera,not even
continuando,continuing
desaparecería,would disappear
israelitas,Israelites
peludas,hairy
cantaremos,we will sing
dañadas,damaged
abrazado,embraced
secuestrando,kidnapping
rancio,rancid
milner,milner
aceptadas,accepted
interrogaron,they interrogated
alessandro,Alessandro
canalizar,channel
deserción,desertion
fumamos,We smoke
patee,kick
repórtese,report
conejitos,bunnies
acumula,accumulates
contagio,contagion
avalon,avalon
vinilo,vinyl
e.t.,e.t.
declaramos,we declare
tubbs,tubbs
snoop,snoop
acapulco,Acapulco
molestamos,we bothered
himnos,hymns
honradez,honesty
voladoras,flying
porque-,because-
caracter,character
objetar,object
primitivas,primitive
fabricando,manufacturing
ramirez,Ramirez
requerirá,will require
espabila,wake up
reaccionando,reacting
lamentes,regrets
transmiten,transmit
rebota,bounces
hospitalizado,hospitalized
almeida,almeida
inmunes,immune
pretendemos,we intend
despiértame,wake me up
gita,gita
cortarán,they will cut
aproximada,approximate
carrington,Carrington
shapiro,shapiro
proponerle,propose to him
takashi,Takashi
cocinó,cooked
lanzamientos,launches
bocón,bigmouth
bet,bet
transparencia,transparency
apagamos,we turn off
juzgada,judged
encárguese,take charge
mirarse,looking at each other
espantar,scare
tenernos,to have us
penetrante,penetrating
lasse,lasse
barriendo,sweeping
enterada,informed
cogedlo,grab it
irrefutable,irrefutable
titula,title
traicionas,You betray
desangró,bled out
búhos,owls
recojas,pick up
visitaré,I will visit
asuma,assume
bucarest,Bucharest
sat,sat
velvet,velvet
rhoda,rhoda
feromonas,pheromones
kissinger,Kissinger
podiamos,we could
enterrarla,bury her
cañería,pipe
patriarca,patriarch
siena,Siena
kristy,Kristy
torpeza,clumsiness
yee,yee
horrenda,horrendous
aconsejaría,I would advise
kaye,Kaye
rindiendo,yielding
fallaré,I will fail
pulsos,pulses
reírnos,laugh
din,din
enviemos,Let's send
antiguamente,formerly
periscopio,periscope
estanterías,shelving
cúbicos,cubic
repelente,repellent
controlarse,control
celebrará,will celebrate
parpadear,blink
iluminada,illuminated
arda,burn
recurrente,recurrent
trenton,Trenton
chocando,colliding
empeore,worsen
child,child
improvisando,improvising
taelons,taelons
linc,linc
batas,gowns
bastan,enough
requería,required
apasiona,passionate
bolt,bolt
sedientos,thirsty
tor,tor
xiv,xiv
exáctamente,exactly
desequilibrio,imbalance
sayonara,Sayonara
oren,pray
protejas,protect
xu,xu
reflejar,reflect
mimada,pampered
silvio,Silvio
prada,Prada
expuso,he explained
vacantes,vacancies
atarlo,tie it
reservó,reserved
kimber,Kimber
acampando,camping
montan,ride
graffiti,graffiti
pastelillos,pastries
lynne,Lynne
estalle,explosion
clover,clover
discutían,they were arguing
care,care
lear,Lear
fallecidos,deceased
conectarme,connect
afligida,distressed
portarte,be a good sport
insignias,insignia
stockton,Stockton
á,to
garner,garner
rasca,scratch
compa,buddy
ligada,linked
heroina,heroin
duradero,durable
estupidos,stupid
regulador,regulator
cnel,cnel
reaccionado,reacted
tenientes,lieutenants
byers,Byers
colcha,quilt
maniobrar,maneuver
quedéis,stay
torácico,thoracic
coming,coming
gervase,gervase
conocia,I knew
lights,lights
magazine,magazine
viajaron,they traveled
comprarnos,buy from us
gángsters,gangsters
metadona,methadone
arriesgue,take the risk
íntimamente,intimately
admitiré,I will admit
decidirte,decide
avistamiento,sighting
millicent,Millicent
nominar,nominate
aserradero,sawmill
empujarlo,push it
harker,harker
haru,Haru
diablillo,imp
oculté,I hid
toscana,Tuscany
exmujer,ex-wife
papal,papal
limpiaremos,we will clean
molestaste,you bothered me
nakamura,nakamura
lanzarme,launch
pruébelo,Try it
autismo,autism
ángelo,angelo
arrepentirte,regret
practicante,practicing
desaparecía,disappeared
shekhar,shekhar
honorario,honorary
capitalistas,capitalists
jansen,Jansen
casándose,getting married
anselmo,Anselm
nacemos,we are born
veintitrés,twenty-three
desangrando,bleeding
ilimitada,unlimited
rutinaria,routine
resentida,resentful
constantino,Constantine
inmaculada,Immaculate
aceptaremos,we will accept
continuara,to be continued
cheol,cheol
suplementos,supplements
aristocracia,aristocracy
márgenes,margins
evidentes,evident
talibán,Taliban
alejamos,we move away
tomarlos,take them
sandeces,nonsense
gyu,gyu
solté,I let go
sondas,probes
salís,you leave
patineta,skateboard
virtuoso,virtuous
pagarnos,pay us
sustituido,replaced
mascarilla,face mask
bingum,bingum
ganada,won
ajustando,adjusting
letreros,signs
arrestarla,arrest her
negamos,we deny
suponia,I supposed
excursiones,excursions
importaria,would matter
stackhouse,Stackhouse
cansan,tire
temeraria,reckless
demando,I demand
sobreviviendo,surviving
dejándote,leaving you
devorar,devour
bram,Bram
registré,I registered
mccartney,McCartney
sarajevo,Sarajevo
humanitario,humanitarian
pesticidas,pesticides
transfirieron,they transferred
polillas,moths
gustarán,will like
reclutando,recruiting
agresiones,aggressions
pao,pao
invasor,invader
antebrazo,forearm
rompía,broke
senora,lady
alina,Alina
emparedados,sandwiches
obsoleto,obsolete
falsedad,falsehood
arrojan,throw
durara,will last
belgas,Belgians
nadan,swim
revelada,revealed
epi,epi
estacas,stakes
exigimos,we demand
echarlos,throw them out
ingenuos,naive
moza,girl
saludan,they greet
encargues,orders
cabrea,angers
reiko,reiko
productiva,productive
accionista,shareholder
evolucionando,evolving
diós,God
pasadlo,Pass it on
necesitarla,need it
arrancada,snatch
discutiré,I will discuss
morteros,mortars
corpiño,bodice
excusado,toilet
cineastas,filmmakers
sinsentido,nonsense
atrayendo,attracting
dudaba,doubted
supliqué,I begged
dependemos,we depend
determinados,certain
tumbar,overthrow
pauly,Pauly
rendirá,will yield
freezer,freezer
temblaba,was trembling
fiji,Fiji
pudding,pudding
tajo,block
indiscreción,indiscretion
sexos,sexes
cigüeña,stork
quimera,chimera
raleigh,Raleigh
faisán,pheasant
agria,sour
ubica,locate
cerrarán,will close
chulos,cool guys
cortafuegos,firewalls
discutible,debatable
minorías,minorities
injusticias,injustices
matutina,morning
nostradamus,Nostradamus
alegrado,happy
movían,they moved
flexibles,flexible
dormiría,I would sleep
matándome,killing me
darhk,darhk
eta,eta
advirtieron,they warned
recogía,collected
dotes,dowries
disfrutaré,I will enjoy
consumado,accomplished
retracto,withdrawal
generan,generate
volcánica,volcanic
clientas,clients
remen,row
niñitas,little girls
bébete,drink
remodelación,remodeling
premeditación,premeditation
mantra,mantra
volvíamos,we were coming back
latente,latent
escogiendo,choosing
miráis,you look
juntaron,they gathered
costados,sides
extrañaremos,we will miss it
filtra,filter
desconfiado,suspicious
encantamiento,enchantment
salpicadura,splatter
investigaremos,we will investigate
sofa,couch
aplaude,applauds
antipático,unfriendly
pondre,I will put
agridulce,bittersweet
lennie,Lennie
rescatarlo,rescue him
mulligan,mulligan
pedófilos,pedophiles
zimmerman,Zimmerman
exigió,demanded
barracones,barracks
realizados,done
ag,ag
guru,guru
entrenamos,we train
uber,Uber
prusia,Prussia
creativas,creative
agonizando,dying
plomería,plumbing
analizamos,we analyze
paises,countries
hacedor,maker
atracado,robbed
esperame,wait for me
continuarán,will continue
sospechó,suspected
fantozzi,Fantozzi
mejoría,improvement
lanka,lanka
jurídico,legal
tócala,play it
inclinarse,lean
fingimos,we pretend
convulsión,seizure
comíamos,we ate
chócala,High five
stick,stick
gerda,Gerda
ahorcar,hang
twilight,twilight
considérate,consider yourself
kosovo,Kosovo
consorcio,consortium
propiamente,properly
avisando,warning
shui,shui
propenso,prone
saltaba,jumped
enfurecido,enraged
romulanos,Romulans
negrito,little black boy
dolls,dolls
emm,emm
recolectando,collecting
olly,Olly
espontáneamente,spontaneously
empaqué,packing
cheney,Cheney
chiquillos,kids
aporte,input
gloriosos,glorious
rastreé,I tracked
potencias,powers
josete,Josete
desvía,diverts
ganarles,beat them
tigresa,tigress
pretendas,pretend
coje,grab
mataros,kill you
camines,walks
atrápenlos,Catch them
bonificación,bonus
estornudo,sneeze
matrona,matron
buford,Buford
tabletas,tablets
jag,jag
violarme,rape me
pillen,catch them
renard,renard
inquebrantable,unwavering
entierran,bury
decana,doyenne
despidos,layoffs
pacifico,peaceful
astral,astral
conjuntos,sets
esfumó,vanished
hito,milestone
insinuó,hinted
chequea,check
those,those
reformado,reformed
maldijo,he cursed
sernos,to be
convoca,convenes
superaste,you overcame
subirán,they will rise
zeppelin,zeppelin
entraban,they entered
girado,turned
antisocial,antisocial
neurosis,neurosis
dietas,subsistence allowance
preparate,get ready
fingiste,you faked it
desfilar,parade
atticus,atticus
lilas,lilacs
acercará,will approach
condeno,I condemn
forjado,wrought
minúsculo,tiny
dentistas,dentists
desmaya,faints
rikers,Rikers
embrión,embryo
gloucester,Gloucester
persiga,pursue
incluya,include
glock,Glock
inyectado,injected
collin,Collin
vendidas,sold
incorregible,incorrigible
carpetas,folders
lol,lol
enfrentaremos,we will face
savoy,Savoy
curan,heal
leguas,leagues
confiaré,I will trust
hackeo,hacking
bueno.,Well.
pintados,painted
confunda,confuse
meadow,meadow
alegando,alleging
óvulo,ovum
con-,with-
orificios,holes
bela,bela
cuéntalo,Tell it
pupila,pupil
reformar,reform
enterraste,you buried
makoto,Makoto
soberanía,sovereignty
gabriela,Gabriela
comportes,compost
emiten,broadcast
octavia,Octavia
tócalo,touch it
decidamos,let's decide
moratones,bruises
strong,strong
propaga,propaga
luís,Luis
ahorramos,we save
pajaro,bird
incendiario,incendiary
olympia,Olympia
episode,episode
proyecta,project
smokey,smokey
apostaste,you bet
akiko,Akiko
morley,Morley
palomar,dovecote
pociones,potions
frisbee,frisbee
destinadas,intended
aderezo,dressing
dejáramos,we left
decepcionaré,I will disappoint
engendro,spawn
inaudito,unheard
suspendió,suspended
nitroglicerina,nitroglycerine
quiebre,bankruptcy
mió,mine
fotografiado,photographed
wah,wah
recuperas,you recover
clasificar,classify
lores,lords
guarro,pig
skaar,skaar
aplazar,postpone
pertenezca,belong
rodriguez,Rodriguez
segurísimo,absolutely sure
farmacéuticas,pharmaceuticals
apiade,have mercy
reclamos,claims
bit,bit
revueltas,riots
petit,petit
sailor,sailor
peleándose,fighting
aseguraos,make sure
acabáis,you finish
gruta,grotto
directivos,executives
burguesía,bourgeoisie
sufriste,You suffered
operaron,operated
tratándose,in the case of
triangular,triangular
horquilla,fork
operativa,operational
liberador,liberator
fregona,mop
redding,redding
contestarme,answer me
entraran,they will enter
laszlo,laszlo
obedezca,obey
cobramos,we charge
chadwick,Chadwick
tomorrow,tomorrow
beneficiarse,profit
fuerais,you were
tontito,silly boy
pomposo,pompous
sintiéndose,feeling
benigno,benign
pacientemente,patiently
chechenia,Chechnya
valoración,assessment
ponértelo,put it on
maniaco,maniac
tiranos,tyrants
saliéramos,we went out
tranquilizate,calm down
vesícula,gallbladder
rigsby,Rigsby
tory,tory
eastwood,eastwood
entendible,understandable
tribune,tribune
ferengi,ferengi
navegador,browser
fifi,fifi
cucú,cuckoo
generado,generated
alimente,feed
pillaste,you caught
bulls,bulls
noir,noir
hole,hole
impresa,printed
contradicciones,contradictions
estereotipos,stereotypes
mirarnos,looking at each other
cañon,canon
fusilado,shot
apurarse,hurry
molesté,I bothered
coincidimos,We agree
rumba,rumba
ignoramos,we ignore
yamato,yamato
nacho,nacho
encontrábamos,we found
fiables,reliable
belmont,Belmont
lastimaré,I will hurt
votará,will vote
bombo,drum
prolongado,prolonged
fía,trust
vick,Vick
quítalo,remove it
emperadores,emperors
artesano,craftsman
desdichada,unfortunate
construidas,built
consolar,comfort
ramiro,Ramiro
traspaso,transfer
kass,kass
lluvioso,rainy
donahue,Donahue
wal-mart,Walmart
volvéis,you come back
connelly,Connelly
aragón,Aragon
combustibles,fuels
callara,would be silent
tardía,late
embriones,embryos
encargan,they commission
enganchada,hooked
coincida,match
demoníaca,demonic
polio,polio
repitan,repeat
mortalmente,mortally
sople,blow
watch,watch
budismo,buddhism
plantaciones,plantations
entoces,then
ladillas,pubic lice
juzguen,judge
rebeldía,rebellion
paracaidismo,skydiving
temperamental,temperamental
vee,see
masticando,chewing
mostrárselo,show it to him
arms,arms
book,book
row,row
carismático,charismatic
sacaran,they will take out
cague,shit
afrontémoslo,Let's face it
moderado,moderate
continué,I continued
arrepientas,regret
infiltración,infiltration
desplomó,collapsed
mediador,mediator
pechuga,poultry breast
decepcionó,disappointed
burbank,Burbank
colecciono,I collect
gilda,Gilda
wind,wind
detectó,detected
guardara,would keep
usarte,use you
standing,standing
hartmann,Hartmann
llevadlo,take it
forever,forever
prestaste,you lent
estrechos,narrow
incrementado,increased
membresía,membership
manivela,crank
unit,unit
madero,log
impresionarte,impress you
raul,Raul
lentejas,lentils
plantear,pose
batea,punt
idos,idos
proporcionará,will provide
identificarla,identify it
prométame,promise me
noten,note
apurar,hurry
braga,panties
shack,shack
templarios,Templars
ysi,and if
contestaba,answered
alcanzarme,reach me
infrarrojos,infrared
limo,silt
damisela,damsel
nazir,Nazi
reemplaza,replaces
reponer,replenish
try,try
hormiguero,anthill
crimenes,crimes
asustarlos,scare them
callaré,I will be silent
machote,macho
llenamos,we filled
pepinos,cucumbers
juzgarlo,judge him
mejicanos,Mexicans
jadeos,gasps
fortalece,strengthens
manco,one-armed man
hua,hua
besaré,I will kiss
devolviera,returned
claustrofobia,claustrophobia
regalan,they give away
lula,Lula
listón,ribbon
guárdame,save me
cécile,Cecile
entrantes,starters
automáticos,automatic
afiladas,sharp
produzca,produce
rededor,around
desaparezcas,disappear
galen,galen
deluca,deluca
berenjena,eggplant
muérdago,mistletoe
dominan,dominate
pompeya,Pompeii
volviéramos,we would return
vándalos,vandals
inclinó,inclined
brisco,brisco
dénos,give us
paralelos,parallels
navideñas,Christmas
minbari,minbari
derribarlo,knock it down
aproximan,approach
concentres,concentrates
father,father
exploradora,explorer
kyoko,Kyoko
tripulante,crew member
presentarlo,present it
apagaré,I will turn off
recibidor,receiver
sujétala,hold it
interesara,would be of interest
frescura,freshness
ordeñar,order
malinterprete,misinterpret
pisé,I stepped
transformando,transforming
retirará,will withdraw
metamos,Let's go
empujarme,push me
fatales,fatal
pitufo,Smurf
saliente,outgoing
garito,joint
tirara,throw
reconozcan,recognize
barre,sweeps
efectuar,make
deanna,Deanna
acupuntura,acupuncture
cariños,love
vickers,Vickers
toquemos,Let's play
contraatacar,counter
atraviese,cross
botánico,botanical
soportaré,I will endure
silbidos,whistles
serenata,serenade
escasas,scarce
radicalmente,radically
traicione,betray
caminatas,walks
marmota,marmot
persiste,persists
astrónomo,astronomer
depositado,deposited
lai,lai
catalizador,catalyst
malicioso,malicious
jiang,Jiang
despreciables,despicable
resina,resin
wakefield,Wakefield
rs,rs
clinica,clinic
presunción,presumption
visor,viewfinder
burócratas,bureaucrats
polizón,stowaway
puaj,yuck
dennos,give us
agradará,will please
coqueta,coquette
hawke,Hawke
prefectura,prefecture
subsuelo,subsoil
remediar,remedy
comprobaremos,we will check
póngale,put it
hábiles,skilled
apoyarlo,support him
aplicada,applied
acusarte,accuse you
peatones,pedestrians
seiscientos,six hundred
croquetas,croquettes
hildy,Hildy
lastimo,I'm sorry
contada,told
edge,edge
embrollo,imbroglio
melodrama,melodrama
hurón,ferret
paralítico,paralytic
sledge,sledge
rechace,reject
perseguirme,chase me
hipnotizado,hypnotized
mobile,mobile
callad,be quiet
sachs,Sachs
buddha,Buddha
whistler,whistler
esperarla,wait for her
vencí,I won
macabro,macabre
repitas,repeat
involucran,involve
equipada,equipped
repara,repairs
portadores,carriers
beyoncé,Beyoncé
acierta,guess
marek,Marek
erróneamente,mistakenly
documentar,document
mírese,look at yourself
canterbury,Canterbury
paranoicos,paranoid
extendida,extended
another,another
bombardeado,bombed
deportado,deportee
irregularidades,irregularities
enfermeros,nurses
posters,posters
imperios,empires
patinando,skating
bayonetas,bayonets
atravesamos,we crossed
protegidas,protected
representaciones,representations
boa,boa
vasectomía,vasectomy
hombrecillo,little man
retribución,remuneration
televidentes,television viewers
southampton,Southampton
disculpáis,excuse me
marginado,outcast
resistirá,will withstand
llegarían,they would arrive
morderme,bite me
teología,theology
cogerlos,pick them up
doliendo,hurting
sly,sly
givens,givens
colillas,cigarette butts
howell,Howell
pulmonía,pneumonia
karla,Karla
deirdre,Deirdre
perseguirá,will pursue
franck,Franck
sugiera,suggest
inesperados,unexpected
correspondía,it was appropriate
kryten,kryten
reinar,reign
fotocopiadora,photocopier
buscándole,looking for him
veintiuno,twenty-one
audaces,bold
arreglara,would fix
consorte,consort
resguardo,guard
innegable,undeniable
presume,boasts
durarán,will last
sami,Sami
montalbano,Montalbano
damelo,Give it to me
démela,Give it to me
plausible,plausible
remediarlo,remedy it
alimentados,fed
colecciones,collections
vertido,spill
entidades,entities
blackwell,Blackwell
rockwell,Rockwell
mma,mma
reclaman,they demand
correría,would run
magnetismo,magnetism
astro,star
felpudo,doormat
caballeroso,gentlemanly
dirigidas,directed
litio,lithium
cagues,shits
tribales,tribal
comillas,quotation marks
aplaudiendo,applauding
roe,roe
imaginármelo,imagine it
súplica,appeal
underground,underground
empaquetar,package
reo,prisoner
ito,ito
garvey,Garvey
obsesiva,obsessive
galilea,Galilee
tragarse,swallow
secuestraste,you kidnapped
sundance,Sundance
hospeda,host
torchwood,torchwood
coopere,cooperate
avioneta,small plane
cirugia,surgery
microchip,microchip
traguito,nip
preguntaremos,we will ask
abordaje,approach
escaneando,scanning
próspera,prosperous
gatsby,Gatsby
varados,stranded
exitosamente,successfully
move,move
tán,so
jar,jar
delicadamente,delicately
tudor,Tudor
contagió,contagion
sabréis,you will know
dory,Dory
saboteador,saboteur
desgarro,tear
simulador,simulator
milenios,millennia
camaro,Camaro
inaugural,inaugural
volarán,they will fly
schubert,Schubert
falcone,falcon
compartí,I shared
desconecta,disconnect
ingresa,log in
arriesgan,risk
volverla,to return it
provino,came
graciosísimo,hilarious
midge,midge
herminia,Herminia
soldadito,little soldier
recuperemos,Let's recover
reprimido,repressed
mustafa,Mustafa
inducido,induced
persas,Persians
other,other
mun,mun
votando,voting
sufrirás,you will suffer
lepra,leprosy
calumnias,slander
scrooge,Scrooge
ytú,and you
mart,mart
tahoe,Tahoe
mutaciones,mutations
j.b.,j.b.
grabo,I record
flautista,flutist
revuelve,stir
centrarte,focus
etiquetado,labeled
jericho,Jericho
majestuoso,majestic
sta,this
boya,buoy
intemperie,outdoor
levantara,would lift
contingencia,contingency
doscientas,two hundred
violines,violins
perjudicado,injured
cruciales,crucial
prestarte,lend you
vicodin,Vicodin
desviando,diverting
asistiendo,attending
shao,shao
reclamando,claiming
estribillo,chorus
artesanía,craft
diríjase,go
reprimenda,reprimand
dolorosamente,painfully
ráfagas,bursts
repiten,repeat
regaliz,licorice
arrastré,I dragged
c4,c4
inventan,invent
fern,fern
mystic,mystic
apuñalé,I stabbed
rectas,straight lines
cosacos,Cossacks
estratega,strategist
cuestionado,disputed
kimchi,kimchi
saxon,Saxon
tre,three
llamamiento,call
rei,king
invente,invent
reemplace,replace
comités,committees
salvemos,Let's save
wikileaks,WikiLeaks
interrumpida,interrupted
latón,brass
emir,emir
mantuvieras,you kept
costara,it would cost
abarca,covers
flojos,lazy
evil,evil
lamiendo,licking
afección,condition
simbad,Sinbad
humanitaria,humanitarian
diem,diem
sentando,sitting
falsificado,counterfeit
boina,beret
alacena,cupboard
explíquese,explain
empezaban,they were beginning
derritiendo,melting
adición,addition
apuntarme,sign up
hartford,Hartford
shaka,shaka
truchas,trout
quererla,to love her
budistas,Buddhists
alucinar,hallucinate
extintor,extinguisher
vejestorio,geezer
business,business
lorne,Lorne
bragueta,fly
killua,killua
vestí,I dressed
lanzarlo,launch it
prolongada,prolonged
atrapando,catching
cargaré,I will load
alentar,encourage
mercante,merchant
purificación,purification
levantaría,would lift
liquidado,liquidated
princesita,little princess
encarcelar,imprison
nisha,nisha
dínoslo,Tell us
olvidémonos,Let's forget about it
excesos,excesses
conseguirlas,get them
abba,abba
signe,sign
convencieron,convinced
valiera,Valeria
germain,Germain
baudelaire,Baudelaire
interrogarme,question me
reconocía,recognized
leia,I read
esperare,I will wait
acordarse,remember
póntela,put it on
participaron,participated
arruga,wrinkle
tonteando,fooling around
ridículamente,ridiculously
ordenan,order
juno,Juno
forjar,forge
mota,speck
dci,dci
quitaos,get out
dresden,Dresden
odiarlo,hate it
acuestan,go to bed
sostuve,I held
manténte,stay
pedirías,would you ask
hurgar,rummage
defraudar,defraud
imprevisible,unpredictable
tensas,tense
signor,sign
deshacemos,we undo
ocupes,occupy
apostaré,I'll bet
cáscaras,shells
insertar,insert
alimentó,food
chúpate,suck it
contrataría,would hire
together,together
borrando,deleting
irreversible,irreversible
deportación,deportation
pedicura,pedicure
soportando,enduring
fm,fm
mamífero,mammal
metieras,you would put
indispuesto,indisposed
pajarita,bow tie
keenan,Keenan
rarezas,rarities
fealdad,ugliness
asoma,peeks
obtén,get
lúgubre,lugubrious
capturan,capture
zhou,Zhou
liberarlos,free them
tocarlos,touch them
meada,piss
defenderla,defend her
enojará,will anger
sirenita,Little Mermaid
electric,electric
piercing,piercing
vestimos,we dress
raptor,abductor
gould,Gould
distraerte,distract yourself
jolie,Jolie
meterlos,put them in
terrícola,Earthling
destruído,destroyed
fisiología,physiology
innato,innate
inmuebles,estate
molestarnos,bother us
groseros,rude
jueguito,little game
vita,life
parrillada,barbecue
interrogarle,interrogate him
escaparnos,escape
chasis,chassis
aquaman,Aquaman
checo,Czech
nómadas,nomads
actas,proceedings
agachado,crouching
remotas,remote
sureños,southerners
invoco,I invoke
combo,combo
inmundicia,filth
papitas,potato chips
start,start
consumía,consumed
acordará,will agree
rodado,wheeled
financiado,financed
pensador,thinker
rogue,rogue
desnudarse,undress
sae,sae
procesarlo,process it
sobrevalorado,overrated
fontaine,fontaine
ambiciosos,ambitious
aram,aram
retrocediendo,backing away
joffrey,Joffrey
zafiro,sapphire
inga,Inga
convenceré,I will convince
excluir,exclude
supieses,you knew
apurados,hurried
entrenan,train
completó,complete
parten,leave
polémica,controversy
dispersión,dispersion
prados,meadows
burócrata,bureaucrat
ganges,ganges
hablase,spoke
quitemos,Let's remove
tip,tip
arderá,will burn
hartman,Hartman
supremacía,supremacy
mudan,move
oaks,oaks
moviera,move
estropeada,damaged
cuclillas,squat
pararle,stop him
barbudo,bearded
huída,flight
fallará,will fail
cardio,cardio
hacértelo,do it to you
audífono,hearing aid
contables,accountants
besara,kissed
fomentar,promote
corbin,Corbin
manejarla,handle it
analicé,I analyzed
ilegítimo,illegitimate
recibimiento,reception
supondría,would imply
sobrevives,you survive
opuestas,opposites
larva,larva
aumentaron,increased
downing,downing
brant,Brant
portia,Portia
borrarlo,delete it
márchense,leave
ducharte,take a shower
nepal,Nepal
spielberg,Spielberg
remando,rowing
acábalo,finish it
alimentas,feed
contaminar,contaminate
antoja,I crave it
ge,ge
prostíbulo,brothel
desafortunados,unfortunate
avergüence,ashamed
gilles,Gilles
sensorial,sensory
ambientes,environments
galés,Welsh
alone,alone
ilama,ilama
rieles,rails
privilegiado,privileged
twister,twister
flotan,float
prestaba,lent
unicornios,unicorns
posgrado,postgraduate
snoopy,Snoopy
resolverse,resolve
svetlana,Svetlana
murmullos,murmurs
chatsworth,Chatsworth
durham,Durham
confirmados,confirmed
extrañan,they miss
olson,Olson
dekker,dekker
fijan,fix
equilibrada,balanced
desprevenido,unprepared
tosiendo,coughing
recaudador,collector
convincentes,convincing
acuden,attend
apoyarse,lean
bueno-,Well-
muffin,muffin
ubicada,located
clair,clair
autodefensa,self-defense
arrojen,throw
saltarse,skip
trote,jogging
aki,here
griegas,Greek
tratábamos,we were trying
derrumbado,collapsed
abrasiones,abrasions
explotara,exploded
culparía,would blame
descansemos,Let's rest
aparca,park
soñadores,dreamers
ejerciendo,exercising
hawaiana,Hawaiian
sarcástica,sarcastic
genéticas,genetics
sáquenlos,take them out
defiance,defiance
díganles,tell them
productividad,productivity
bíceps,biceps
sutileza,subtlety
uu.,u.
abrazarla,hug her
roddy,Roddy
afirmando,affirming
existentes,existing
caprichoso,whimsical
resuelta,resolved
orsini,orsini
flanagan,flanagan
incondicionalmente,unconditionally
sujete,hold
fraternal,fraternal
compositores,composers
kanan,kanan
sodoma,Sodom
descansaremos,we will rest
pelant,pelant
exposiciones,exhibitions
prestaré,I will lend
validez,validity
guardarla,save it
cociné,I cooked
liang,Liang
pateo,kick
ingrese,log in
tensos,tense
localizada,located
preguntándote,asking you
engañosa,deceptive
trazas,traces
intereso,I'm interested
transforman,transform
reclamado,reclaimed
turn,turn
arkham,Arkham
aislante,insulating
saxofón,saxophone
quehaceres,chores
estrías,stretch marks
mathis,Mathis
foxtrot,foxtrot
consistencia,consistency
internamente,internally
emerger,emerge
masculinidad,masculinity
gardens,gardens
contestará,will answer
maleantes,thugs
helicoptero,helicopter
cazuela,casserole
compuertas,gates
demoró,It took
navales,naval
militantes,militants
empaque,packing
activen,activate
susurró,whisper
vickie,Vickie
tag,tag
causarte,cause you
ocultarnos,hiding
flirtear,flirt
pise,step
siegel,Siegel
volcó,overturned
derrumbarse,collapse
muéstramelo,Show it to me
kilogramos,kilograms
baña,bathe
nikola,Nikola
gabriella,Gabriella
comodo,comfortable
stephan,Stephan
albino,albino
amábamos,we loved
malgastes,waste
sistemáticamente,systematically
prepárame,prepare me
inventas,you invent
burdeles,brothels
presuntamente,allegedly
desastrosa,disastrous
visitarlos,visit them
arete,earring
chiquitín,tiny
pezuñas,hooves
xv,xv
java,Java
estornudar,sneeze
vayase,Go away
sucedan,happen
cedar,cedar
pina,pineapple
conos,cones
seh,seh
inesperadas,unexpected
bajón,bassoon
sótanos,basements
volemos,Let's fly
atemorizante,frightening
arrastras,you drag
lyndsey,Lyndsey
flacucho,scrawny
exorcista,exorcist
calvario,calvary
ilógico,illogical
acuse,acknowledgment
carlito,Carlito
keyes,Keyes
rezan,they pray
luciérnagas,fireflies
plagado,plagued
viles,vile
contribuido,contributed
orbital,orbital
jr.,Jr.
dancing,dancing
inflexión,inflection
hightower,hightower
sieg,sieg
corp,corp
minh,minh
word,word
soph,soph
maldecido,cursed
asustaría,would be scary
inquietos,restless
medievales,medieval
expresando,expressing
mediación,mediation
aparezcas,appear
leprosos,lepers
degenerados,degenerates
mousse,mousse
1a,1st
desayunos,breakfasts
neha,neha
wynonna,wynona
soltarte,let go
apreté,I squeezed
riguroso,rigorous
divertíos,have fun
violadas,raped
asistirá,will attend
bilal,bilal
rendí,I surrendered
brunch,brunch
solucionaré,I will solve it
activados,activated
hiena,hyena
romi,Romi
gnomos,gnomes
dirigirnos,direct
oda,ode
janelle,Janelle
deepak,Deepak
alcánzame,reach me
tosh,tosh
preguntarías,you would ask
ayudándote,helping you
beicon,bacon
ciérralo,close it
clouseau,Clouseau
cestas,baskets
embarazosa,embarrassing
escrutinio,scrutiny
enjuague,rinse
sarge,Sarge
obligarla,force her
helsinki,Helsinki
izquierdas,left
glaciares,glaciers
trombón,trombone
provisión,provision
derechas,right
renacuajo,tadpole
seema,seema
cocinan,They cook
grabador,engraver
aburría,bored
juzgan,judge
obi-wan,Obi-Wan
dependo,I depend
adelgazar,thin
squad,squad
derivado,derivative
reunida,meeting
termales,thermal
atraerá,will attract
dugan,dugan
bebed,drink
saladas,salted
drago,dragon
comprarlas,buy them
anclas,anchors
marchita,withered
existiría,would exist
estabilizado,stabilized
liviana,lightweight
tocabas,you played
eligiera,would choose
entrégame,hand me over
aceites,oils
tractores,tractors
whole,whole
adaptando,adapting
iniciada,started
sabra,will know
guardiana,guardian
enseñare,I will teach
aguantaré,I will endure
inscripciones,registrations
pelaje,fur
analítica,analytics
jabbar,Jabbar
barbra,Barbara
carniceros,butchers
tobey,Tobey
brahms,Brahms
rocosas,rocky
extravagantes,extravagant
analizarlo,analyze it
instalarse,install
olvidaras,you will forget
salvan,save
sobrevivirán,will survive
gaebong,gaebong
sacacorchos,corkscrew
comparecer,appear
pasarían,would pass
nike,Nike
oy,today
agradecen,thank you
miradme,look at me
ayudare,I will help
invernal,wintry
fátima,Fatima
tian,Tian
dirigible,dirigible
requerida,required
destierro,exile
indiscutible,indisputable
sudan,Sudan
massey,massey
falsificó,forged
hermanastra,stepsister
poppins,poppins
noriko,Noriko
y-yo,me too
maury,Maury
raptada,kidnapped
cortadora,cutter
dedicarte,dedicate yourself
caries,caries
despeje,clearance
cascarón,shell
fernanda,Fernanda
euro,euro
cromo,chrome
georg,Georg
contagiado,infected
golpearía,would hit
apegado,attached
entusiastas,enthusiasts
esternón,breastbone
enfermiza,sickly
enloquecen,go crazy
geraldine,Geraldine
oprimidos,oppressed
armenia,Armenia
trask,trash
sonrie,smile
beryl,Beryl
divertíamos,we were having fun
stubbs,stubbs
afrodita,Aphrodite
acertaste,You guessed right
perjudica,harms
saliese,leave
aritmética,arithmetic
bridgette,Bridgette
determinó,determined
heat,heat
jugarás,you will play
desfibrilador,defibrillator
vértebra,vertebra
radcliffe,Radcliffe
paulson,Paulson
azotado,whipped
dunne,dunne
mordiscos,bites
croacia,Croatia
interesarme,interested
inducir,induce
marlow,Marlow
bobina,coil
entendi,understood
reverenda,Reverend
jeroglíficos,hieroglyphs
alejándose,moving away
sustitutos,substitutes
estrangulación,strangulation
preservación,preservation
desprecias,you despise
perdonados,forgiven
hour,hour
pretensiones,claims
pinot,pinot
verrugas,warts
popo,poop
magali,Magali
atrévete,dare
alegaciones,allegations
ronquidos,snoring
veintisiete,twenty seven
participé,participant
ndt,ndt
bis,Bis
codiciosos,greedy
downton,Downton
müller,Müller
respiraciones,breaths
díficil,difficult
quedense,stay
ignore,ignore
citó,quoted
provocaron,caused
sanador,healer
dupont,Dupont
elevó,raised
woodhouse,woodhouse
espantosas,dreadful
reirán,they will laugh
currículo,curriculum
loba,she-wolf
pincha,click
significara,would mean
hobson,Hobson
hobbit,hobbit
consideraban,they considered
perdidamente,hopelessly
aztecas,Aztecs
merry,Merry
milena,milena
ricitos,little curls
posa,pose
chula,cool
oscurecer,darken
ahsoka,Ahsoka
notarán,they will notice
kimball,Kimball
pryce,price
divorcié,I divorced
market,market
pruébatelo,try it on
entertainment,entertainment
motociclista,motorcyclist
explicaba,explained
musso,musso
alejaste,you walked away
llévensela,Take it away
bastilla,Bastille
municipalidad,municipality
médicamente,medically
apure,hurry
perdonarás,will you forgive
ramon,Ramon
cazavampiros,vampire hunter
agudos,acute
pudiendo,being able
caldero,cauldron
chocho,pussy
dni,ID card
cercanía,closeness
hechiceros,sorcerers
demorará,will delay
premier,premier
anticipar,anticipate
piñas,pineapples
presionan,they pressure
iniciaron,they started
residencias,residences
brea,pitch
exprimir,squeeze
leicester,Leicester
placebo,placebo
actualizaciones,updates
transilvania,transylvania
encargaste,you ordered
amenazados,threatened
finalidad,purpose
milímetro,millimeter
fraternidades,fraternities
camaradería,camaraderie
bolonia,Bologna
chupas,sucks
florines,florins
matilde,Matilde
caricia,caress
challenger,challenger
kolya,Kolya
mmm-hmm,mmm-hmm
lloraré,I will cry
besarle,kiss him
acudí,I went
sáquenla,Take her out
lactosa,lactose
desconfiar,distrust
silenciar,mute
lanzados,launched
engañen,deceive
explícale,explain it to him
territorial,territorial
virrey,viceroy
holgazanes,lazy people
coagulación,coagulation
campanadas,chimes
trituradora,crusher
albahaca,basil
ocurriese,happened
door,door
susannah,Susannah
notablemente,notably
apreciada,dear
rellenas,stuffed
traída,brought
planeabas,you were planning
mila,mila
alargar,lengthen
furor,fury
suelas,soles
amin,amin
somnífero,sleeping pill
bridges,bridges
atraes,you attract
sirio,Sirius
preservativos,condoms
till,till
narración,narration
suburbio,suburb
derrotada,defeated
discuta,discuss
procedencia,origin
desmantelar,dismantle
contactarte,contact you
morelli,morelli
reparador,repairman
jordi,Jordi
calvos,bald men
eutanasia,euthanasia
tómenlo,take it
pincho,spike
urnas,ballot boxes
defensora,defender
probarle,try it
movidas,moves
indigna,outrageous
ferias,fairs
estafando,scamming
encerraste,you locked up
trabajaras,you will work
miercoles,Wednesday
dejá,leaves
alarde,boast
pujar,bid
ecológico,ecological
shana,shana
supervisando,supervising
ecos,echoes
eliminarlos,eliminate them
colocación,placement
conmocionada,shocked
lanie,Lanie
excavadora,excavator
escabullirse,slip away
festividades,festivities
humanamente,humanly
mi-,my-
parentesco,relationship
preguntabas,you were asking
organizo,I organize
niñero,babysitter
j.p.,j.p.
colgarme,hang me up
perturbación,disturbance
rindan,surrender
chupe,suck
cojeando,limping
armisticio,armistice
droide,droid
carmesí,crimson
severide,Severide
iones,ions
agradecérmelo,thank me
mayfield,Mayfield
fracasada,failed
síp,yes
contienda,contest
privación,deprivation
calabozos,dungeons
geordi,geordi
kenobi,kenobi
calculando,calculated
traspasar,transfer
kenya,Kenya
rastrillo,rake
tangible,tangible
hazles,make them
subestimar,underestimate
creciera,grew
dibujas,you draw
varado,stranded
compartamos,Let's share
abrace,hug
embotellada,bottled
bohemia,Bohemia
nando,nando
escalofrío,chill
usaran,they will use
viniéramos,we came
kyra,Kyra
revísalo,Check it out
azotar,whip
lis,lis
topper,topper
cardiólogo,cardiologist
pequeno,little
golpearle,hit him
ahgassi,Ahgassi
deshidratado,dehydrated
deténgalo,stop it
epifanía,Epiphany
conviértete,become
despides,you say goodbye
imperiales,imperial
hachas,axes
beneficiario,beneficiary
supermodelo,supermodel
colocarlo,place it
expulsó,expelled
vibrar,vibrate
granujas,scoundrels
urbanización,urbanization
confesando,confessing
ting,ting
fabricó,manufactured
estrellita,little star
llévatelos,take them
magnolia,magnolia
publican,publish
encerrarán,will lock up
virtuosa,virtuous
kaitlin,Kaitlin
examinen,examine
savia,sap
anunciaron,announced
ewan,ewan
respetados,respected
piadosa,pious
verter,pour
baza,asset
rosenberg,Rosenberg
martillos,hammers
rastreó,tracking
regalas,you give
craven,Craven
fiduciario,trust
véalo,See it
dieter,dieter
pestillo,latch
mccabe,McCabe
lanchas,boats
judea,Judea
eyre,eyre
castrado,castrated
rosalee,rosalee
gírate,turn around
complaciente,accommodating
afán,eagerness
tonino,tonino
decirla,tell her
lottie,Lottie
nieva,It's snowing
arruinarte,ruin you
hakeem,hakeem
estarias,you would be
clonación,cloning
grulla,crane
tomabas,you were taking
aprovecharme,take advantage
retuvo,retained
burkhardt,Burkhardt
tenacidad,tenacity
divorciarte,divorce
rat,rat
enfrentaré,I will face
miréis,look
gráficas,graphs
levy,Levy
encerramos,we locked up
superarás,you will overcome
subjefe,deputy chief
styles,styles
geiger,Geiger
mcgregor,McGregor
contenerme,restrain myself
friedman,Friedman
bakersfield,Bakersfield
nic,nic
armenios,Armenians
almacen,store
comadrona,midwife
olimpia,Olympia
conquistadores,conquerors
averiguaron,they found out
limpiará,will clean
añadiendo,adding
armenio,Armenian
abrazas,hugs
propano,propane
yarda,yard
own,own
generando,generating
calló,callus
olimpíadas,Olympics
acercándonos,approaching
canning,Canning
sabian,they knew
grill,grill
apetecería,I would like
sobrevivo,I survive
addie,Addie
logres,you achieve
momias,mummies
giraba,it was turning
pudrirse,rot
comparable,comparable
entenderla,understand it
saw,saw
mínimos,minima
entendés,Do you understand?
cicely,Cicely
engañarlo,deceive him
compinches,cronies
risco,crag
dineral,packet
jacks,jacks
historieta,comic strip
rangos,ranges
kinney,Kinney
torturados,tortured
filosofal,philosophical
sport,sport
maxime,maxime
flancos,flanks
depto,department
melville,Melville
reconsiderarlo,reconsider it
cabron,bastard
lirio,lily
spector,Spector
tano,tano
putnam,Putnam
proclama,proclamation
bugs,bugs
burlándose,mocking
zoya,Zoya
levantados,raised
altere,alter
fijarse,set
parecerme,seem
minucioso,thorough
psicológicas,psychological
comezón,itch
hipotético,hypothetical
prematuramente,prematurely
androides,androids
volara,would fly
yá,already
diciéndonos,telling us
espiritualidad,spirituality
torneos,tournaments
ascendiendo,ascending
digestivo,digestive
rozó,grazed
resorte,spring
agredir,attack
intercepción,interception
seriales,serials
tecnicismo,technicality
pelearnos,fight
complexión,complexion
nucky,Nucky
confirmará,will confirm
tocaras,you will play
enamores,fall in love
inscrito,registered
abbas,abbas
stitch,Stitch
condimento,seasoning
censo,census
mírela,look at her
llévela,Take it
hablaros,talk to you
hablaríamos,we would talk
temática,theme
zeb,zeb
demostrarme,prove to me
bestial,bestial
salsas,sauces
colapsado,collapsed
frenético,frantic
skull,skull
speedy,speedy
bp,bp
traicionan,betray
asustamos,we scared
millares,thousands
muéstrenme,show me
cansadas,tired
mejillones,mussels
simulaciones,simulations
imagínatelo,Imagine it
barullo,hubbub
amígdalas,tonsils
bernice,Bernice
joderse,fuck
mitzi,mitzi
portugueses,Portuguese
aproximado,approximate
interestelar,interstellar
orwell,Orwell
subordinado,subordinate
masones,Freemasons
kitchen,kitchen
giré,I turned
sujetas,subject
fuji,Fuji
jota,jot
encargara,would be in charge
chapuzón,splash
bulevar,boulevard
nabo,turnip
zak,zak
guinness,Guinness
angelique,Angelique
tû,you
rodolfo,Rodolfo
moteles,motels
midway,midway
molina,Molina
cantaste,you sang
maceta,flowerpot
municipales,municipal
dispárenle,shoot him
watergate,Watergate
promételo,promise it
intercambiando,exchanging
vecindad,neighborhood
aprovechas,you take advantage
mátale,kill him
dificulta,difficult
lánzala,throw it
burgueses,bourgeois
relajados,relaxed
compatibilidad,compatibility
trabajáis,you work
apreciación,appreciation
newcastle,Newcastle
escritorios,desks
vierte,pour
administra,manages
surja,arise
sforza,Sforza
morderte,bite you
estaba-,was-
arritmia,arrhythmia
visualmente,visually
causton,causton
cortejar,court
andará,will walk
échalo,throw it
sunil,Sunil
insufrible,insufferable
criticas,criticisms
sostente,supporter
buñuelos,fritters
bombeando,pumping
calaveras,skulls
lograrán,they will achieve
tez,complexion
fayed,Fayed
iniciamos,we begin
monten,mount
boton,button
codorniz,quail
miden,measure
resistirlo,resist it
cremas,creams
evacuados,evacuees
retienen,they retain
deshonor,dishonor
sheryl,Sheryl
evasiva,evasion
pongáis,put
inhumanos,inhuman
tentadora,temptress
paracaidista,paratrooper
mordieron,they bit
nenita,little girl
fías,you trust
apresurarse,hurry
planté,I planted
mezcló,mixed
estúpidamente,stupidly
ositos,teddy bears
convertirlos,convert them
pelearme,fight
venderán,they will sell
mijo,darling
cerezo,cherry
avisarnos,notify us
ahuyentar,drive away
medici,medici
modista,dressmaker
bubbles,bubbles
apu,apu
extrae,extracts
sufrirán,they will suffer
patanes,boors
descubriría,would discover
fondue,fondue
murieras,you died
forcejeo,struggle
faldero,lapdog
tien,has
inyectó,injected
friend,friend
acre,acre
siii,yessss
cercanías,surroundings
respiran,breathe
dônde,where
highland,highlands
recogiera,would collect
soberana,sovereign
abróchate,fasten up
fotocopias,photocopies
cervical,cervical
ancestrales,ancestral
detectamos,we detected
maníes,peanuts
pitón,piton
traídos,brought
pasamontañas,balaclava
colgaba,hung
riquísimo,delicious
fijada,fixed
gable,gable
resolviste,You solved
barber,barber
flequillo,fringe
acercaste,you approached
disfrutaría,I would enjoy
frieda,frieda
esparce,spreads
lanzaba,threw
pace,pace
apta,suitable
ignorarme,ignore me
came,came
nessa,nessa
clarísimo,crystal clear
cuestiono,I question
british,British
serrano,mountain man
disfuncional,dysfunctional
mozos,waiters
infiernos,hells
veran,they will see
espesor,thickness
encarcelados,imprisoned
faltarle,to lack
superficies,surfaces
concluyentes,conclusive
contentas,happy
castigue,punish
desolada,desolate
pasiva,passive
desarrollarse,develop
colombianos,Colombians
trillones,trillions
biblias,Bibles
incentivos,incentives
sweater,sweater
mongol,Mongolian
intercomunicador,intercom
refrescarme,refresh me
convencerá,will convince
chez,chez
desvergonzada,shameless
season,season
sanitaria,health
puntuales,punctual
aladino,Aladdin
everybody,everybody
amenaces,threats
asociaciones,associations
pegatina,sticker
fatalidad,fatality
fogueo,training
shiro,shiro
whitechapel,Whitechapel
verne,Verne
renoir,Renoir
abordando,addressing
sabana,sheet
suspirando,sighing
repugna,disgusts
bastones,walking sticks
copo,flake
abusa,abuses
alfabético,alphabetical
triunfos,triumphs
molido,ground
aplicando,applying
aplastante,overwhelming
ingrata,ungrateful
repartimos,we distribute
acróbata,acrobat
apuestos,bets
exitosas,successful
hicieses,you did
modelar,model
significo,meaning
nascar,NASCAR
hibernación,hibernation
vocero,spokesman
señalan,they point out
sollozando,sobbing
rentas,rents
doblada,folded
rescatados,rescued
ayudarían,would help
apodera,take over
remi,remi
inscribí,I registered
producirá,will produce
estrechamente,tightly
marginados,marginalized
sepultado,buried
braden,Braden
mead,mead
llevármela,take it with me
encarguen,order
amenacé,I threatened
trav,trav
preguntaras,you will ask
afeitarte,shave
enérgico,energetic
cord,cord
revises,check
coctel,cocktail
mooney,mooney
penso,thought
zara,Zara
descartes,discards
penosa,painful
pensás,you think
grazie,thank you
subidón,high
yusuf,Yusuf
montague,montague
westchester,Westchester
prometeo,Prometheus
balcanes,Balkans
pedales,pedals
alambres,wires
artilugio,contraption
mírenla,Look at her
inactivo,idle
beneficiar,benefit
manipula,manipulates
esquivando,dodging
cerditos,little pigs
rurales,rural
perdonarla,forgive her
millonaria,millionaire
apurarte,hurry
limusinas,limousines
hollín,soot
quebec,Quebec
inexplicables,inexplicable
obituario,obituary
articulación,joint
sálvanos,save us
escobas,brooms
sugerirle,suggest
chingada,fuck
invaden,invade
excitantes,exciting
rompio,broke
ancestro,ancestor
índices,indices
enterraré,I will bury
residual,residual
drenar,drain
esófago,esophagus
topamos,we bumped into each other
nylon,nylon
britania,Britannia
ganarías,you would gain
cecily,Cecily
informamos,we inform
quebrados,broken
resultas,results
horrorizado,horrified
harapos,rags
incalculable,incalculable
evitarme,avoid me
mercadeo,marketing
volveréis,you will return
lentejuelas,sequins
cívico,civic
terapéutico,therapeutic
endo,endo
sella,seal
tirita,band aid
kes,kes
resaltar,highlight
guerrilleros,guerrillas
mortis,mortis
caracas,Caracas
tontita,silly girl
administradores,administrators
hallaré,I will find
còmo,as
league,league
deok,OK
ruge,roars
pakistaní,Pakistani
mostraban,they showed
eruditos,scholars
riggins,riggings
esquimales,Eskimos
caudillo,leader
fuhrer,Führer
pescó,fished
confesarlo,confess it
golpeaban,they were hitting
hallemos,let's find
separé,I separated
comportaba,involved
psi,psi
byrd,byrd
cené,I had dinner
aguila,eagle
recuperarlos,recover them
birgitte,Birgitte
infinitos,infinite
justice,justice
rise,rise
pee,pee
pandey,pandey
shampoo,shampoo
desplegado,displayed
cachorritos,puppies
tontear,fooling around
mirábamos,we were watching
discotecas,nightclubs
mordaza,jaw
comprometí,I committed
cogerás,you will take
justificada,justified
admiran,admire
estrellar,star
comiéndose,eating
defiéndete,defend yourself
abrams,Abrams
triviales,trivial
devastadora,devastating
goose,goose
borré,I deleted
gordy,Gordy
floristería,flower shop
griselda,griselda
obscena,obscene
enfrentaba,faced
combinados,combined
abbs,abbs
conscientemente,consciously
jud,judge
consíguelo,Get it
yodo,iodine
fijarme,notice
sai,sai
derramé,I spilled
exaltado,exalted
monsanto,Monsanto
acabarse,run out
lavaba,washed
organizaré,I will organize
intensivo,intensive
encargarás,you will order
mándalo,send it
reseña,review
finalista,finalist
paréntesis,parenthesis
arne,harness
asegurarles,assure them
responderte,answer you
realizarse,to be carried out
dorrit,Dorrit
orgías,orgies
bolígrafos,pens
tonic,tonic
miley,Miley
perdonarle,forgive him
encerradas,locked up
incumplimiento,breach
permitían,allowed
obtendrán,they will obtain
regresión,regression
metafóricamente,metaphorically
fundas,covers
barracón,bunkhouse
desperdicia,wastes
clandestinos,clandestine
actua,act
replicantes,replicants
thesubfactory.net,thesubfactory.net
rowena,rowena
reconsidere,reconsider
reemplazarme,replace me
afinidad,affinity
reportarlo,report it
crudos,raw
arrancarme,tear me away
penetró,penetrated
entregaba,delivered
casio,Casio
procure,try
mier,shit
brasas,embers
choco,chocolate
esparciendo,spreading
concebida,conceived
gerónimo,Geronimo
santino,Santino
jaquecas,migraines
elástica,elastic
timador,swindler
levántenlo,lift it
tocarás,you will play
crujientes,crispy
augurio,augury
homie,homie
milt,milt
alquileres,rentals
encadenada,chained
dandi,dandy
volcar,overturn
gritamos,we shouted
precisar,specify
pídeselo,ask him for it
zapata,shoe
mareando,dizzy
bésala,kiss her
experimentales,experimental
esconderla,hide it
dejados,left
despreciado,despised
prófugo,fugitive
playera,T-shirt
kamikaze,kamikaze
asombrada,amazed
moveros,move
tíbet,Tibet
druida,Druid
correspondiente,corresponding
votarán,they will vote
montecarlo,Monte Carlo
enzimas,enzymes
iria,I would go
claudette,Claudette
localidad,locality
lorena,Lorena
nordiken.net,nordiken.net
cos,cos
envie,send
golfista,golfer
bruma,haze
pedante,pedantic
soltamos,we let go
gatas,cats
entablar,enter into
molestándome,bothering me
tibet,Tibet
soames,soames
gentry,gentry
groserías,swear words
deplorable,deplorable
graduada,graduate
suplica,appeal
gilroy,gilroy
escopetas,shotguns
coliflor,cauliflower
cuidadora,caregiver
specter,Specter
contemos,Let's count
nagasaki,nagasaki
cath,Cath
jiro,turn
agravado,aggravated
atiendan,attend
véase,see
rayburn,Rayburn
sistólica,systolic
haceis,you do
apasionados,passionate
seul,seul
suv,SUV
entendamos,Let's understand
mayúsculas,capital letters
rastrearla,track it
exprés,express
margaux,Margaux
amour,love
walking,walking
respalda,supports
necesitarte,needing you
déjà,leaves
algoritmos,algorithms
rupturas,ruptures
ok.,OK.
policíaca,police
condenan,condemn
volvi,I returned
polk,polk
bebieron,they drank
cómprale,buy it
their,their
caitlyn,Caitlyn
valhalla,Valhalla
congele,freeze
posando,posing
finnegan,finnegan
nerviosismo,nervousness
yamada,Yamada
pana,corduroy
enfrentaron,they faced
mariquitas,ladybugs
impresos,printed materials
being,being
llenaré,I will fill
repetirse,repeat
bailaremos,we will dance
matase,kill yourself
inquisidor,inquisitor
cane,cane
consulte,consult
súbitamente,suddenly
reclusa,inmate
humanoide,humanoid
minúscula,lower case
tejiendo,weaving
goldstein,Goldstein
estonia,Estonia
contrajo,contracted
incorporado,incorporated
barret,Barrett
diagnosticar,diagnose
sostenerla,hold it
danubio,Danube
jean-pierre,Jean-Pierre
rectos,straight
wrong,wrong
calhoun,Calhoun
feligreses,congregation
inca,inca
portarse,behave
inicien,start
arranqué,I started
traumatizado,traumatized
grabe,serious
clichés,clichés
magma,magma
renegados,renegades
aseguraron,they assured
escribiremos,we will write
ronon,ronon
gangsters,gangsters
medido,measured
hatfield,Hatfield
psique,Psyche
áspera,rough
encajas,you fit in
williamson,Williamson
ponérmelo,put it on
descendió,descended
libanés,Lebanese
aseguraste,you assured
alces,moose
celebró,celebrated
tolerarlo,tolerate it
warden,warden
juzgarte,judging you
nómada,nomadic
cavendish,Cavendish
inusualmente,unusually
mccormick,McCormick
agilidad,agility
cod,code
fabrizio,Fabrizio
desaparezco,I disappear
daríamos,we would give
gasas,gauze
bai,bye
renacido,reborn
familiarizados,familiar
resistes,you resist
organice,organize
tecnicamente,technically
prohibo,I forbid
english,English
similitud,similarity
baze,baze
iva,VAT
advertirme,warn me
delinda,demarca
colabora,collaborates
cheddar,cheddar
posponerlo,postpone it
equivocando,mistaken
guardaría,would keep
cornelia,Cornelia
doggett,doggett
wikipedia,Wikipedia
odien,hate
pregúntate,ask yourself
feldman,feldman
pesquero,fishing boat
súbase,get on
raph,raph
èl,he
apóstol,apostle
jutsu,jutsu
pilotear,fly
preparará,will prepare
jeringuilla,syringe
cielito,little sky
dedicarle,dedicate
atando,tying
dipper,Dipper
suffolk,suffolk
soplones,snitches
flagrante,flagrant
arruinamos,we ruined
delata,betrays
vigilad,watch
llenaba,filled
crews,crews
vaquera,cowgirl
dede,from
carrocería,bodywork
galáctico,galactic
posea,possess
opcional,optional
saludado,greeted
aquélla,that
contaros,tell you
identifíquese,identify yourself
solucione,solve
gangrena,gangrene
soleada,sunny
mirador,viewpoint
blythe,Blythe
explíqueme,Explain to me
explotaron,exploded
tocarse,touch
kepner,Kepner
autostop,hitch-hiking
baltar,baltar
previsible,foreseeable
ouija,Ouija
leproso,leper
malversación,embezzlement
conformidad,accordance
atenderlo,attend to it
diferencial,differential
espiritualmente,spiritually
army,army
confundirme,confuse me
borre,delete
asegurémonos,Let's make sure
enfocarnos,focus
amargas,bitter
energético,energetic
concentrate,concentrate
únase,join
chismosa,gossip
ahorrará,will save
amoníaco,ammonia
cancelamos,We cancelled
carroña,carrion
magog,magog
jolene,jolene
paria,pariah
planificado,planned
samaritan,Samaritan
pudiesen,could
acuerdes,agree
pier,pier
bone,bone
terrorífica,terrifying
enseñaros,show you
pil,pil
nostálgico,nostalgic
triunfal,triumphal
saludó,greeting
seducido,seduced
portafolios,briefcase
chas,chas
finjamos,Let's pretend
dov,dov
vendamos,Let's sell
entregarán,will deliver
bodegas,wineries
without,without
pende,hangs
castigan,punish
trás,after
microsoft,Microsoft
gobiernan,govern
moloch,Moloch
pitillo,cigarette
anticipada,advance
mangueras,hoses
fantasia,fancy
asuka,Asuka
reportan,report
campiña,countryside
fucking,fucking
mamar,suck
declive,slope
ofendí,I offended
inexistente,non-existent
robarla,steal it
produjeron,produced
cuidada,careful
lucharán,they will fight
divirtámonos,Let's have fun
stoker,Stoker
inalcanzable,unattainable
exceptuando,excepting
dudaría,I would hesitate
inferioridad,inferiority
callaras,you will be silent
thai,Thai
martirio,martyrdom
ets,ets
resisto,I resist
envenenando,poisoning
simpsons,Simpsons
rodajas,slices
fiero,wild
led,led
pásamela,Pass it to me
shauna,Shauna
chelo,cello
terceros,third parties
propulsor,propeller
remisión,remission
apagarla,turn it off
pavor,dread
atoró,got stuck
romanas,Roman
inepto,inept
alexx,Alexx
lanzarte,launch
limpiadores,cleaners
horst,Horst
kajal,kajal
desaparecio,disappeared
prostituto,prostitute
escojan,choose
casaba,married
ipor,ipor
atlética,athletic
scotch,scotch
fáser,phaser
gacela,gazelle
gaveta,drawer
revisas,you check
excúseme,excuse me
excéntrica,eccentric
percival,Percival
cosby,cosby
mixta,mixed
limpiadora,cleaner
braverman,braverman
prepararla,prepare it
tragando,swallowing
envenenados,poisoned
chai,chai
acordaré,I will agree
servirlo,serve it
cybermen,cybermen
condenen,condemn
estudiarlo,study it
sarcófago,sarcophagus
partí,I left
rocks,rocks
alabanza,praise
inspecciones,inspections
excavaciones,excavations
aprendices,apprentices
sangran,They bleed
sacrifica,sacrifices
tratarlos,treat them
acostumbrar,accustom
plantando,planting
enteraría,would find out
ocurran,occur
suárez,Suarez
veáis,you see
invirtiendo,investing
jab,jab
perdoneme,Excuse me
verbena,verbena
repeticiones,repetitions
bronco,rough
zee,zee
sustitución,substitution
leccion,lesson
rebotando,bouncing
militante,militant
picando,chopping
aleatorios,random
katz,katz
ocuparía,would occupy
enojarte,get angry
hepburn,Hepburn
aspiración,aspiration
arrestarlos,arrest them
diseñando,designing
meryl,Meryl
sarín,sarin
negarle,deny him
nalgadas,spanking
leerlas,read them
insinuación,innuendo
tomábamos,we were drinking
jaja,ha ha
maximo,maximum
atravesarlo,go through it
vigilamos,we monitor
triturador,crusher
prometiendo,promising
adulador,flatterer
diagnósticos,diagnoses
roncando,snoring
bloqueen,block
orion,Orion
típicas,typical
revocar,revoke
pruébala,try it
laca,lacquer
residuales,residuals
arrasando,sweeping
omiso,omitted
tríada,triad
retenerte,hold you back
súbanse,get on
geología,geology
cenaré,I will have dinner
afroamericanos,African Americans
jurídica,legal
sacha,Sacha
esparcido,scattered
seon,son
racionales,rational
alcantarillado,sewerage
amazona,amazon
esnob,snob
prioritario,priority
impropio,improper
verificamos,we verified
kelley,kelley
deseaste,you wished
anunciarlo,announce it
calentado,heated
pulsaciones,heartbeats
caddy,caddy
cristiandad,Christendom
confrontar,confront
ducados,ducats
radares,radars
pararía,would stop
krueger,Krueger
scranton,Scranton
cornwall,Cornwall
notamos,we noticed
guiarte,guide you
malia,malia
pagaras,you will pay
racine,racine
reirá,will laugh
greenberg,Greenberg
contratiempos,setbacks
catarro,cold
intactas,intact
dejémonos,Let's leave
lavarlo,wash it
eminente,eminent
presidenciales,presidential
comediantes,comedians
lindy,Lindy
empujoncito,jog
descuidados,careless
magnéticos,magnetic
erecciones,erections
demoras,delays
retires,withdraw
preparemos,Let's prepare
racionamiento,rationing
desharemos,we will undo
encontrarles,find them
regresarías,would you return
keegan,Keegan
aferrarte,hold on
hasan,hasan
arch,arch
lóbulos,lobes
voila,voila
prestadas,borrowed
desapercibidos,unnoticed
compartíamos,we shared
romantico,romantic
descalificado,disqualified
hands,hands
dink,DINK
requeriría,would require
ilustraciones,illustrations
jihad,jihad
camada,litter
sortija,ring
alberga,houses
atropellada,run over
yune,Yune
preservativo,preservative
concluyó,concluded
maquis,maquis
wi,wi
exigentes,demanding
getting,getting
rider,rider
indy,indy
elegirá,will choose
rina,fight
estafó,scammed
chantajearme,blackmail me
gertie,Gertie
sufriera,suffered
napalm,napalm
exhaustiva,exhaustive
alquilada,rented
compuso,composed
flamante,brand new
escupido,spat
part,part
tarot,tarot
ardid,scheme
exponiendo,exposing
comentarista,commentator
seminarios,seminars
bastarda,bastard
violarla,rape her
tocarán,they will play
sylar,sylar
bettie,Bettie
dañino,harmful
cercas,fences
flick,flick
gendarmes,gendarmes
adelantarme,get ahead
cor,cor
cazamos,we hunt
suspendidos,suspended
eliminaron,they eliminated
jor-el,jor-el
comarca,region
servirnos,serve us
besaron,they kissed
siquiatra,psychiatrist
consiente,consent
pomo,knob
duelos,duels
ordinarios,ordinary
charmaine,Charmaine
khalil,Khalil
arrancan,they start
vacilar,hesitate
porqueria,filth
sangría,bleeding
quitaran,They will remove
decidirán,they will decide
grato,welcome
compruebo,I check
s.a.,s.a.
taro,taro
sanguinario,bloodthirsty
despachos,offices
aguantó,held on
rebobina,rewind
arrojo,daring
thayer,thayer
crais,crais
tranquilícense,calm down
plenitud,fullness
zbz,zbz
globales,global
circle,circle
gilly,gilly
u.s.,U.S.
primates,primates
casilleros,lockers
munna,munna
hamish,Hamish
prentice,Prentice
intentalo,try it
controlen,control
winifred,Winifred
dirigente,leader
resolvimos,we solved
hablarías,would you speak
leiste,You read
cojera,limp
arruinen,ruin
beast,beast
mozzie,mozzie
else,else
snowboard,snowboard
madsen,Madsen
epicentro,epicenter
normandos,Normans
kensington,Kensington
separatistas,separatists
buscarse,to search
desalojar,evict
averigüémoslo,Let's find out
obsesiona,obsession
causaba,caused
arreglaba,fixed
cruelmente,viciously
tron,tron
extinguido,extinct
despegando,taking off
procrear,procreate
centurión,centurion
acompáñenos,Join us
mcdeere,McDeere
aviadores,aviators
clementine,clementine
interfieras,interfere
críquet,cricket
ubicaciones,locations
enfrentamientos,clashes
entenderían,would understand
diván,divan
negatividad,negativity
gm,gm
yoshida,Yoshida
secuestra,kidnaps
lugarteniente,lieutenant
especialidades,specialties
carriles,lanes
concederé,I will grant
canastas,baskets
huxley,Huxley
lyons,Lyons
peluquín,toupee
mazmorras,dungeons
estaríais,you would be
educadamente,politely
querria,I would like
chita,cheetah
hieren,they hurt
jessup,jessup
caniche,poodle
sindy,sindy
gastaron,they spent
castiel,Castiel
cautivos,captives
propagación,spread
viajará,will travel
volaría,would fly
koichi,Koichi
low,low
secando,drying
ahorcamiento,hanging
pinte,paint
chrysler,Chrysler
enseñárselo,show it to him
jacinto,hyacinth
chronicle,chronicle
hail,hail
masivos,massive
robarles,steal from them
pellizco,pinch
elm,elm
denuevo,again
cultiva,cultiva
contratarlo,hire him
iljimae,iljimae
procurar,attempt
bloqueos,blockades
informaremos,we will inform you
punks,punks
sony,Sony
kayak,kayak
diosas,goddesses
expediciones,expeditions
apuñala,stabs
aron,aron
disfrutará,will enjoy
presionarme,pressure me
evening,evening
cuelgas,hang
clarividente,clairvoyant
finney,finney
tuerca,nut
votaré,I will vote
vísperas,vespers
examinador,examiner
baal,Baal
panceta,bacon
ábrala,open it
jean-claude,Jean-Claude
pegadas,glued
corporation,corporation
archivado,filed
metían,they put
anne-marie,Anne-Marie
byrne,Byrne
napa,napa
encariñado,fond
proceden,come from
disparados,fired
riff,riff
agotadas,sold out
distraje,distracted
escogería,I would choose
mutilación,mutilation
trampilla,trapdoor
dramáticamente,dramatically
surtido,assortment
marcación,dialing
lameculos,toady
conmemorar,commemorate
vengáis,come
dárselos,give them
asegurados,insured
tuvieramos,we had
amapola,poppy
evaluando,evaluating
genealógico,genealogical
same,same
brewer,brewer
fastidió,nuisance
averiguarás,you'll find out
bikinis,bikinis
confederados,confederates
aferrarme,cling on
equipajes,luggage
bingham,Bingham
cali,Cali
léeme,read me
empeñar,pawn
hymie,hymie
definida,defined
contestarle,answer him
maxi,maxi
venture,venture
tata,Tata
añadimos,we add
prohibieron,they forbade
vibrando,vibrating
mentas,mints
contrincante,opponent
acondicionador,conditioner
formular,formulate
hordas,hordes
terapias,therapies
enzima,enzyme
suenen,sound
mereció,deserved
asignaciones,assignments
frederik,Frederik
asentado,settled
cambiaran,will change
andersen,Andersen
agregó,he added
rcp,CPR
woon,woon
deidad,deity
irregulares,irregulars
abróchense,fasten up
sangraba,was bleeding
coffee,coffee
minibar,minibar
astrología,astrology
infracciones,violations
esquiva,elusive
pómulos,cheekbones
sinbad,Sinbad
conciliar,reconcile
karsten,karsten
excluye,excludes
naciente,nascent
dispersos,scattered
increibles,incredible
confiesas,confess
ryland,Ryland
jeju,Jeju
diras,you will say
lechuza,owl
electrodomésticos,household appliances
háblenos,talk to us
llegáis,you arrive
robson,Robson
rogarle,beg him
electores,voters
hess,hess
kebab,kebab
juanito,Juanito
literas,bunk beds
autista,autistic
preparense,get ready
waller,waller
inspiradora,inspiring
históricas,historical
dactilar,fingerprint
contándole,telling him
gomas,rubbers
besaría,would kiss
reaccioné,I reacted
abrirás,you will open
midiendo,measuring
pistols,pistols
negrata,black man
sinfónica,symphonic
establecieron,established
hotchner,hotchner
salamandra,salamander
augie,Augie
hardin,hardin
ejecutó,executed
ahá,aha
heteros,heteros
azafatas,flight attendants
concedida,granted
conduzcas,drive
christophe,Christophe
nitro,nitro
demon,demon
tung,tung
concentrando,concentrating
desechar,discard
canibalismo,cannibalism
posadero,innkeeper
érica,Erica
noooo,noooo
hologramas,holograms
silvana,Silvana
obligará,will force
blossom,blossom
usarías,would you use
ved,see
luchaban,they were fighting
chambelán,chamberlain
cómelo,Eat it
sacaras,you will take out
asegures,make sure
usanza,usage
incriminado,incriminated
identificarse,identify
daniela,Daniela
considérelo,consider it
aburrir,bore
desacreditar,discredit
atracos,robberies
winger,winger
arrestarle,arrest him
gross,gross
modificada,modified
déjemelo,leave it to me
deseara,I wish
calculé,I calculated
anales,annals
turing,Turing
indiscreto,indiscreet
cortemos,Let's cut
contribuyente,taxpayer
lyndon,Lyndon
agarrarla,grab it
cualificada,qualified
loma,knoll
springsteen,Springsteen
redoble,roll
soportó,stood
regocijo,joy
rindieron,surrendered
archiduque,archduke
partridge,Partridge
taelon,taelon
dirijas,direct
disuelve,dissolves
aprenderemos,we will learn
ridiculez,ridiculousness
abundantes,abundant
viñedos,vineyards
petardo,firecracker
paraliza,paralyzes
divirtieron,They had fun
lowry,Lowry
skylar,skylar
hize,I did
cambiarlos,change them
brusca,abrupt
platt,Platt
tuba,tuba
haríais,would you
patrocinio,sponsorship
heathcliff,Heathcliff
empanadas,empanadas
quíen,who
huntley,Huntley
narn,narn
durga,Durga
artesanos,artisans
ardió,burned
quietud,stillness
cálidas,warm
irritación,irritation
concerniente,concerning
fellini,Fellini
flipando,freaking out
amarnos,love each other
penséis,think
establecidos,established
demandan,they demand
boulder,boulder
existiendo,existing
ricachón,rich man
entérate,find out
contrataré,I will hire
minuciosamente,thoroughly
hienas,hyenas
ejecute,run
exclusión,exclusion
juramentos,oaths
vigilas,you watch
sports,sports
percusión,percussion
embarazó,pregnancy
percha,hanger
radley,Radley
gallito,cocky
dobló,folded
varía,varies
malvavisco,marshmallow
beh,beh
soufflé,souffle
mycroft,mycroft
hallarla,find her
smythe,smythe
dividió,divided
domine,master
mayfair,Mayfair
concentre,concentrate
rosetta,rosetta
impulsó,impulse
prestigioso,prestigious
consideraste,you considered
bellevue,Bellevue
gonzo,gonzo
lange,length
hispano,Hispanic
unirás,you will join
medusas,jellyfish
traerlas,bring them
escarcha,frost
geller,Geller
nabos,turnips
cazarrecompensas,bounty hunters
torturarte,torture you
lmposible,impossible
metralleta,machine gun
defraudaré,I will disappoint
yorker,Yorker
graduarte,graduate
rv,rv
enfriamiento,cooling
nexo,nexus
aguanté,endurance
estirpe,lineage
cobijo,shelter
ácida,acidic
destrozaste,you destroyed
d.j.,DJ.
flip,flip
peleábamos,we were fighting
amputación,amputation
gettysburg,Gettysburg
simbionte,symbiont
arvejas,peas
entregárselo,give it to him
afrenta,affront
congresistas,congressmen
yonkers,Yonkers
baleado,shot
panqueque,pancake
templado,tempered
nona,ninth
gustave,Gustave
wessex,Wessex
petrovich,petrovich
transformador,transformer
stratton,Stratton
ives,ives
aguantaba,I endured
decidi,I decided
matheson,Matheson
espasmo,spasm
redondas,round
alejaos,stay away
apuñalaste,You stabbed
alejarla,distance her
rehúso,I refuse
compartan,share
ducharse,shower
sherri,Sherri
mcclaren,McClaren
mccluskey,McCluskey
enamoraron,they fell in love
quémalo,burn it
nen,nen
pegamos,we glued
acompañamiento,accompaniment
reclusión,seclusion
orinó,urinated
hundimos,we sank
apoyarnos,support us
granizo,hail
rosca,thread
llévenlos,Take them
adopta,adopts
incesante,incessant
pipas,sunflower seeds
asador,spit
bomboncito,little sweetie
matices,nuances
subirla,upload it
oppenheimer,Oppenheimer
precious,precious
cloruro,chloride
perseguirlo,pursue him
visitarle,visit him
mitades,halves
heathrow,Heathrow
significativamente,significantly
calmarlo,calm him down
dawkins,Dawkins
obsesiones,obsessions
rothschild,Rothschild
kunta,kunta
aturdida,stunned
instalé,I installed
giuliano,Giuliano
nacimientos,births
suéltate,let go
psicoanalista,psychoanalyst
reprimida,repressed
defensivo,defensive
detectada,detected
sirviera,would serve
prohibe,prohibits
antinatural,unnatural
mgm,mgm
póngala,put it on
defiant,defiant
entregarnos,surrender
told,told
vivia,I lived
deacuerdo,OK
tridente,trident
revestimiento,coating
takahashi,Takahashi
celibato,celibacy
aberración,aberration
consumió,consumed
quint,quint
domar,tame
perseguida,persecuted
mathew,Matthew
encargos,orders
estímulos,stimuli
hallados,found
inspire,inspire
lloriqueando,whining
fluyen,flow
sientense,sit down
relicario,reliquary
inaccesible,inaccessible
palestino,Palestinian
cosquilleo,tickling
tennyson,Tennyson
alana,Alana
pita,pitta
copió,copied
mirarlas,look at them
selvas,jungles
españolas,Spanish
reclamaciones,claims
vie,fri
kahlan,kahlan
bajarla,lower it
comparamos,we compare
pinkie,Pinkie
dedicaré,I will dedicate
oportuna,timely
omo,omo
cósmicos,cosmic
recetó,prescribed
mides,you measure
servían,they served
gomez,Gomez
derritió,melted
pararlos,stop them
brie,brie
halliwell,Halliwell
somalia,Somalia
redondos,round
duden,doubt
predicando,preaching
enough,enough
nosostros,we
reproche,reproach
contándome,telling me
aconsejable,advisable
fusco,dark
ella-,she-
ventanillas,windows
vo,you
ligue,flirt
relacione,relate
ronco,hoarse
traste,fret
short,short
mercadillo,flea market
engordando,getting fat
negociamos,we negotiated
compruébelo,Check it out
aguántate,Hold on
galia,Gaul
logotipo,logo
candelabros,candlesticks
contemporáneo,contemporary
confesé,I confessed
sg-1,sg-1
scorpion,scorpion
desalmado,fiend
enviarles,send them
quítenme,Take me away
grammy,Grammy
habitable,habitable
pesebre,manger
predicho,foretold
estudioso,studious
senpai,senpai
cardassia,Cardassia
portería,goal
alejadas,distant
corcel,steed
lances,lances
plancton,plankton
parlantes,speakers
fonda,inn
enterarnos,find out
premiado,prize
trecho,stretch
budd,budd
basureros,garbage dumps
sugestión,suggestion
vértebras,vertebrae
manon,manon
obtendría,would obtain
textil,textile
trascendental,transcendental
carina,Carina
revisiones,reviews
revisan,they review
osas,bears
neurótico,neurotic
masculinas,male
rao,rao
interpuso,filed
controladora,controller
vencedores,victors
testificará,will testify
sufran,suffer
subestimé,I underestimated
suéltale,let him go
bogart,Bogart
mediocres,mediocre
oiremos,we will hear
especifica,specifies
josefina,Josefina
archivar,file
ejercitar,exercise
ferroviario,railway
penetrado,penetrated
retornar,return
ponérselo,put it on
estropeé,I ruined
arrastrados,dragged
philips,Philips
feministas,feminists
mosaico,mosaic
vestiré,I will wear
agos,ago
empece,I started
deseáis,you wish
niñitos,little children
ashleigh,Ashleigh
balancea,balances
devolvérsela,return it
equitación,riding
modificados,modified
guardarme,save me
quemes,burn
fieras,wild beasts
paletos,hillbillies
esfinge,sphinx
márquez,Marquez
desempeñar,play
agarrarse,hold
ayesha,ayesha
tocábamos,we played
arn,rn
escondiéndome,hiding
trepando,climbing
revertido,reversed
ataqué,stroke
presumida,presumptuous
puff,poof
indeseable,undesirable
livingston,Livingston
monaguillo,altar boy
inversionista,investor
aceptarme,accept me
exhaustos,exhausted
aguantarme,put up with me
ries,ries
delanteras,front
reconocieron,they acknowledged
punzante,stinging
vintage,vintage
tótem,totem
alquilo,I rent
escaparé,I will escape
ev,ev
excitan,excite
ende,therefore
edredón,quilt
vencerá,will win
antivicio,anti-vice
mima,pamper
dispersa,scattered
llevadme,take me
sáquelo,Take it out
cobrador,conductor
reciclar,recycle
despertad,wake up
preocuparé,I will worry
perteneciente,belonging
adquiere,acquires
compartían,shared
poníamos,we put
córtale,cut it out
morel,morel
credencial,credential
bañando,bathing
repetirá,will repeat
incas,Incas
chucherías,sweets
cúmulo,cumulus
apuñalamiento,stabbing
edipo,Oedipus
engañaría,would deceive
sociología,sociology
financia,finances
pegara,stick
tomémonos,Let's take
expandirse,expand
utilicen,use
maverick,Maverick
explícaselo,Explain it to him
contratas,contracts
felicitarlo,congratulate him
bullicio,bustle
feminismo,feminism
contigua,adjacent
escoltar,escort
rosco,ring
visitaron,visited
enganche,hitch
dig,dig
bunty,bunty
raghu,raghu
kimble,Kimble
subiría,would go up
und,and
rooney,Rooney
kellerman,Kellerman
schroeder,Schroeder
kia,Kia
revelaré,I will reveal
warhol,Warhol
piotr,piotr
escepticismo,skepticism
emprendedor,entrepreneur
animador,animator
grigori,Grigori
atenuantes,mitigating factors
melodramático,melodramatic
thérèse,Therese
transfiriendo,transferring
hardman,hardman
traman,they plot
papaíto,daddy
prórroga,extension
aprovechaste,you took advantage
axila,armpit
l.a,the
provocada,provoked
michiko,Michiko
alimentarte,feed yourself
disuelto,dissolved
chantal,Chantal
pernell,Pernell
vivieras,you lived
reparo,repair
escucharlas,listen to them
yqué,and
miyagi,miyagi
melaza,molasses
pizarrón,chalkboard
perderle,losing him
escuchándome,listening to me
vengado,avenged
messer,messer
corrine,corrine
thunderbird,thunderbird
groves,Groves
acelere,accelerate
malísima,terrible
procesada,processed
caballerosidad,chivalrous
chaney,Chaney
biólogo,biologist
hervido,boiled
reemplazando,replacing
macedonia,Macedonia
pruébate,try it on
máteme,kill me
chrissie,Chrissie
psst,psst
arruinaré,I will ruin
embalaje,packaging
metidas,inserts
vinculados,linked
inercia,inertia
atestiguar,witness
ahogue,drowned
gap,gap
noviazgo,engagement
hágamelo,Do it for me
estrechas,narrow
heraldo,herald
discográfico,record label
frikis,geeks
obedezcan,obey
ashby,ashby
expulsa,expels
botánica,botany
creáis,believe
incansable,tireless
mathilda,Mathilda
smalls,smalls
dárselas,give them
fórmulas,formulas
quemándose,burning
pudriéndose,rotting
cógele,grab it
carpediem,carpediem
dobson,Dobson
arrojada,thrown
resuelvan,resolve
kryptonita,kryptonite
cantara,would sing
quiste,cyst
empollón,nerd
wifi,wifi
whittaker,Whittaker
partituras,sheet music
torcer,twist
vitro,vitro
tiradas,print runs
tallar,cut
clips,clips
mare,sea
ocuparán,will occupy
hipertensión,hypertension
callaghan,Callaghan
intencionado,deliberate
cartilla,primer
arrasado,devastated
psicoanálisis,psychoanalysis
baldosas,tiles
elimine,eliminate
docente,teaching
identifico,I identify
anestésico,anesthetic
até,until
eastman,eastman
martino,Martino
recostarme,lie down
sacrificados,sacrificed
nope,nope
localizó,located
monetario,monetary
molestaron,bothered
deseoso,willing
frívola,frivolous
especifico,specific
matricula,tuition
ahogaron,drowned
bismarck,Bismarck
maga,magician
impetuoso,impetuous
hartando,getting fed up
artísticas,artistic
cave,cave
dibujaste,You drew
ackerman,Ackerman
glenda,Glenda
matorrales,scrublands
amalia,Amalia
dolería,would hurt
causante,causative
incubadora,incubator
abarrotado,crowded
estudiaré,I will study
wai,wai
lloren,cry
cuidaste,you took care
floreciendo,blooming
dalai,Dalai
tegan,tegan
errático,erratic
provoque,cause
baton,baton
sacados,taken
polluelos,chicks
prius,prius
colocarse,be placed
mts,meters
robaran,they will steal
estacionó,parked
perfeccionado,improved
respiramos,we breathe
advertiste,you warned
cala,creek
termostato,thermostat
demostraciones,demonstrations
volúmenes,volumes
twin,twin
dalila,Dalila
playstation,PlayStation
disciplinaria,disciplinary
existencias,stock
inundar,flood
afganos,Afghans
concederá,will grant
experimenté,I experienced
aleatoria,random
afroamericano,African American
forzarlo,force it
diéramos,we would give
deseó,desire
llamase,call
encargaron,they commissioned
libramos,we freed
enfriado,cooled
deténganlos,Stop them
farmacéuticos,pharmacists
atropella,runs over
discutíamos,we were arguing
tours,tours
lituania,Lithuania
pianos,pianos
bíblica,biblical
pudre,rots
ride,ride
salvarán,will save
lamont,Lamont
bollywood,Bollywood
stack,stack
colapsando,collapsing
sustituye,replaces
caliza,limestone
enciendas,turn on
cibernético,cybernetic
fleur,flower
sentimentalismo,sentimentality
inhalar,inhale
jasón,Jason
marciana,Martian
supervisores,supervisors
rigby,Rigby
intercambios,exchanges
zorrita,little fox
peinar,comb
confesor,confessor
irreparable,irreparable
arranquen,start
enfrentarán,will face
giratoria,rotating
diácono,deacon
pacificadores,peacemakers
noqueado,knocked out
colador,strainer
zhu,Zhu
hallas,you find
krieger,Krieger
dira,will say
semifinales,semifinals
indianápolis,Indianapolis
gustase,I liked it
demorando,delaying
flechazo,love
incitar,incite
whoo-hoo,whoo-hoo
resucitación,resuscitation
moldes,molds
desafiarme,challenge me
contradice,contradicts
playoffs,playoffs
alternativos,alternatives
rai,rai
espantosos,dreadful
sonrientes,smiling
inmunda,filthy
ph,pH
urticaria,urticaria
mecedora,rocking chair
desearás,you will wish
enfrentarlos,confront them
afortunadas,lucky
encadenados,chained
kafka,Kafka
cagan,they shit
quemaremos,we will burn
narcotraficantes,drug traffickers
chapel,chapel
favorables,favorable
jabalíes,wild boars
cagarla,screw up
frívolo,frivolous
respetuosa,respectful
castigarlo,punish him
unamos,Let's unite
llovido,rained
quemaba,burning
expuestas,exposed
alegatos,arguments
keisha,keisha
timonel,helmsman
resuelvo,I resolve
corromper,corrupt
kasper,Kasper
cambiaras,you will change
golondrina,swallow
cardassiano,Cardassian
century,century
faltante,missing
electrodos,electrodes
desayuna,have breakfast
peleará,will fight
ahórrame,save me
operó,operated
faceta,facet
destruyas,destroy
quitármela,take it off
notara,notara
pericia,expertise
crearemos,we will create
boleta,ticket
gerhardt,gerhardt
piratear,hack
miraras,you would look
aprovecharte,take advantage
reproduce,plays
invisibilidad,invisibility
oficinista,clerk
deambular,wander
juzgas,judge
friday,Friday
paséis,pass
arrastro,drag
arréstenlo,Arrest him
util,useful
viejito,old man
totales,totals
arriesgues,don't risk
saldrían,they would come out
proponerte,to propose
convivencia,coexistence
sorprenden,surprise
cherie,Cherie
convences,you convince
scylla,Scylla
sigueme,Follow me
arresté,I arrested
seeley,Seeley
reggae,reggae
joni,Joni
quedárselo,keep it
mansiones,mansions
firman,sign
helsing,Helsing
albatros,albatross
ventiladores,fans
burle,mockery
c.c.,DC.
atreverías,would you dare
aprueban,approve
invicto,unbeaten
balanceo,swinging
avancemos,Let's move forward
wills,wills
vaselina,vaseline
nazaret,Nazareth
decile,tell him
irrumpieron,they burst in
deshiciste,you undid
quitarla,remove it
dividen,divide
enfermando,getting sick
electorales,electoral
dormíamos,we slept
quijada,jaw
resuena,resounds
hereditario,hereditary
ste,ste
indeseables,undesirables
freedom,freedom
radiactivo,radioactive
interrumpirte,interrupt you
odiará,will hate
reúno,I gather
paella,paella
batidora,blender
trufa,truffle
alcancen,reach
incinerador,incinerator
provocará,will cause
whitmore,Whitmore
pasaríamos,we would pass
cabrear,to anger
condenación,condemnation
disgustos,dislikes
criticado,criticized
inválida,invalid
rowe,rowe
movedizas,movable
mole,mass
volaban,they flew
despúes,after
banquetes,banquets
obvios,obvious
grantham,Grantham
isi,isi
fernando355,ferando355
vial,road
gótico,Gothic
hashtag,hashtag
explosivas,explosives
santini,santini
oprime,press
satánico,Satanic
freak,freak
perdigones,shot
construya,build
examinarla,examine it
pidiéndote,asking you
ansiosamente,anxiously
dayton,Dayton
tenazas,tongs
realicé,I performed
colombo,colombo
ovación,ovation
rebotó,bounced
amorosas,loving
superaré,I will overcome
antwon,antwon
paquistaní,Pakistani
llamadme,call me
sum,sum
drogaron,drugged
dártela,give it to you
gillespie,Gillespie
campera,jacket
corcoran,corcoran
aberdeen,Aberdeen
explicara,would explain
méndez,Méndez
whiteside,whiteside
apartados,sections
dejaríamos,we would leave
respondería,would respond
halifax,Halifax
indispuesta,unwell
frenado,braking
pasadizos,passageways
blackberry,BlackBerry
sumario,summary
drill,drill
inmadura,immature
imagines,imagines
pretzel,pretzel
rachael,Rachael
operacional,operational
pararnos,stop
incluidas,including
urge,urgent
charming,charming
poblaciones,populations
juzgará,will judge
abrelo,open it
goethe,Goethe
multiplicado,multiplied
tardío,late
cargarte,load
defendía,defended
aclarará,will clarify
interrogamos,we interrogated
kota,kota
pasma,cops
sentarás,you will sit
protegí,I protected
fredo,fredo
pitos,whistles
irreconocible,unrecognizable
divinas,divine
cocida,cooked
casáramos,we got married
haddie,haddie
halley,halley
bilis,bile
mandara,will send
acostumbre,get used to
kellogg,Kellogg
consiguio,got
taiwan,Taiwan
cazatalentos,headhunters
cambiarías,would you change
graduaste,You graduated
procedentes,originating
feriado,holiday
correrán,will run
preguntemos,Let's ask
koko,koko
nutria,otter
canses,tired
pegaría,would stick
colombiano,Colombian
reconocidos,recognized
yema,bud
juran,swear
eichmann,Eichmann
enorgullezco,I am proud
arrecifes,reefs
lotes,lots
kame,kame
professor,professor
acompañarle,accompany him
féretro,coffin
patitas,little feet
cobain,Cobain
manchuria,Manchuria
lglesia,Church
judi,judi
intendente,mayor
canoso,hoary
years,years
caeremos,we will fall
python,Python
preferidas,preferred
descansará,will rest
taxistas,taxi drivers
pediros,ask you
llevémosla,Let's take her
char,char
mallard,mallard
dahl,dahl
oiré,I will hear
gaetano,Gaetano
canina,canine
project,project
habib,habib
cassette,cassette
carruajes,carriages
sabiendas,knowingly
agradecí,I thanked
chupo,suck
hahn,hahn
hunden,sink
correremos,we will run
rapida,fast
bukowski,Bukowski
chasquido,click
m.j.,m.j.
interpretaciones,interpretations
alimentaba,fed
morenas,brunettes
saturday,Saturday
bray,Bray
dominando,dominating
inadaptados,misfits
grogan,grogan
shot,shot
coraza,breastplate
declarará,will declare
tendríais,you would have
ivamos,we were
piscis,Pisces
theta,theta
labia,smooth talk
salves,salutes
proeza,feat
interrumpí,I interrupted
hiriendo,hurting
alimentarlos,feed them
verruga,wart
fascinada,fascinated
patrocinado,sponsored
rafi,rafi
álvaro,Alvaro
temerosa,fearful
primarios,primary
helmut,helmut
fenner,Fenner
almacenado,stored
devolverles,return them
alejaba,moving away
sacaban,they were taking out
tranquilizarme,calm down
entrometerse,meddle
pomelo,grapefruit
blogs,blogs
hadar,hadar
robaremos,we will steal
concentras,concentrate
resucitó,He rose again
lapd,laptop
reducen,reduce
haynes,Haynes
silicon,silicon
abrirlos,open them
alcanzarte,reach you
tocarnos,touch us
crecerán,will grow
califa,caliph
sorbete,sorbet
habitan,inhabit
cargarla,load it
robarse,steal
profesiones,professions
pippa,Pippa
c.i.a.,Inc.
odiara,would hate
myles,Myles
editado,edited
leopardos,leopards
tomártelo,take it
sock,sock
irs,irs
vainas,pods
escogen,choose
introduzca,enter
ataquemos,Let's attack
recorrí,I toured
partera,midwife
many,many
muerdas,bite
despreocupada,carefree
brigadas,brigades
koch,cook
hacian,they did
deshaces,undo
proporcionan,provide
palpitaciones,palpitations
estubo,was
neurocirugía,neurosurgery
salvia,sage
antibiótico,antibiotic
police,police
infrarrojo,infrared
atan,tie
cavado,dug
mantenerlas,keep them
motown,Motown
planeaban,they were planning
aventurera,adventuress
pollitos,chicks
algo-,something-
barrymore,Barrymore
deal,deal
gennaro,Gennaro
tintineo,jingle
doll,doll
visitaste,you visited
pinkerton,Pinkerton
gajes,perks
caprica,Caprica
tropiezo,stumbling block
imperfecto,imperfect
retenerla,retain her
manor,manor
wife,wife
administradora,administrator
huevón,lazy bum
invites,invites
cantimplora,canteen
ahorras,you save
necesitaste,you needed
aguacate,avocado
corista,showgirl
festejo,celebration
atacara,attack
fármaco,drug
toy,toy
nikhil,Nikhil
inhalación,inhalation
privilegiados,privileged
criarlo,raise it
intimida,intimida
tick,tick
selladas,sealed
cotilleo,gossip
sobrios,sober
entrenaron,they trained
desmayos,fainting spells
creérmelo,believe it
insecticida,insecticide
aprovecharlo,take advantage of it
gobernadores,governors
pudriendo,rotting
sostenla,hold it
genghis,Genghis
parmesano,Parmesan
progresión,progression
derrumbar,overthrow
sorprendo,I surprise
escarbar,scratch
sark,sark
actuemos,Let's act
goering,goering
londinense,Londoner
grosor,thickness
subsidios,subsidies
vuelco,rollover
estropeando,spoiling
sobrecargado,overloaded
claveles,carnations
tatum,tatum
bring,bring
merodeador,prowler
imaginaciones,imaginings
half,half
rubin,ruby
myron,Myron
sapiens,sapiens
recogerlas,pick them up
irritada,irritated
boxer,boxer
soberbio,superb
arrodillarse,kneel
cariñosos,affectionate
construyes,you build
neto,net
alojar,accommodate
desórdenes,disorders
sanción,sanction
marat,marat
obispos,bishops
espinaca,spinach
tridimensional,three-dimensional
conectarlo,connect it
giramos,we turn
battle,battle
blanc,white
monogamia,monogamy
palmera,palm
tolliver,Tolliver
scar,scar
velorio,wake
asiáticas,Asian
capota,hood
leone,Leone
campanillas,bells
masoquista,masochistic
ng,ng
saqueado,looted
enfermado,sick
mecánicas,mechanics
conmovida,moved
hundimiento,sinking
lechera,milkmaid
podian,could
margherita,Margherita
mizuki,mizuki
acompañarlos,accompany them
distraigas,distract
estrangulamiento,constriction
escayola,plaster
sirvientas,maids
putin,Putin
romperán,will break
smoking,tuxedo
innecesarias,unnecessary
novecientos,nine hundred
touch,touch
veronika,Veronika
cultivando,cultivating
uruguay,Uruguay
porras,batons
derrames,spills
fracturada,fractured
consideraciones,considerations
proyectando,projecting
osiris,Osiris
hundidos,sunken
sobresale,stands out
envenenaron,poisoned
criminología,criminology
subsecretario,undersecretary
saldra,will come out
comedores,dining rooms
asadas,roasted
mismísima,very
neuro,neuro
levantaremos,we will raise
kardashian,Kardashian
melancólica,melancholic
manfred,Manfred
ehhh,ehhh
extrañará,will miss
estampado,print
aficiones,hobbies
rige,governs
interpretada,interpreted
banshee,banshee
patrulleros,patrol cars
version,version
infinidad,plenty
brillantemente,brightly
drop,drop
ester,ester
admitas,admit
neoyorquinos,New Yorkers
enviarás,you will send
estella,star
enlatada,canned
rambaldi,rambaldi
abrazarlo,hug him
lacy,lacy
stéphane,Stéphane
odiando,hating
iy,iy
elevarse,rise
ejecuten,execute
ahijado,godson
demores,delays
dano,damage
nola,nola
donaldson,Donaldson
aullando,howling
ascendió,ascended
parranda,spree
venderse,sell
veintiocho,twenty-eight
n.y.,n.y.
lograra,would achieve
mueca,grin
fluctuaciones,fluctuations
slam,slam
calígula,Caligula
perseguirte,chasing you
asomo,trace
erguido,erect
cargarse,load
druidas,druids
olivo,olive
tréboles,clovers
selectiva,selective
tirará,will throw
bife,steak
dañando,damaging
reservamos,We reserved
óptima,optimal
vinick,Vinick
ramones,Ramones
subyacente,underlying
uou,uou
órale,Okay
enfrentes,fronts
romney,Romney
reglamentos,regulations
pués,well
prohíben,prohibit
provocarme,provoke me
heladería,ice cream shop
véte,go away
carritos,carts
adquisiciones,acquisitions
promociones,promotions
impidiendo,preventing
somerset,Somerset
revisor,conductor
horowitz,Horowitz
lagartijas,lizards
defendemos,we defend
mensajería,messaging
bombardearon,bombed
reconocerme,recognize me
apagad,turn off
ébola,Ebola
aparearse,pair
impar,odd
superas,you overcome
grinch,Grinch
musculares,muscular
reconocerte,recognize you
leopoldo,Leopoldo
humilló,humiliated
oculte,hide
localicé,I located
saqueadores,looters
gusté,I liked it
paginas,pages
adulación,flattery
lavada,washed
cosaco,Cossack
eun-chae,eun-chae
hacias,towards
jacksonville,Jacksonville
crearía,would create
escondites,hiding places
luciana,Luciana
ta-da,ta-da
idas,idas
escóndanse,hide
close,close
yno,and not
considerará,will consider
burn,burn
reportajes,reports
confiados,confident
orville,Orville
exagero,I'm exaggerating
cucharadas,spoonfuls
avisamos,we warned
probaría,I would try
sierras,saws
hágala,do it
reinhardt,Reinhardt
titulada,titled
desguace,scrapping
doing,doing
insulte,insult
consideradas,considered
resistan,resist
moler,grind
kari,Kari
clínicos,clinical
mme,mme
ak,ak
protagonizada,starring
mamà,mother
torcí,I twisted
rome,Rome
organizaron,they organized
puercos,swine
interrogada,interrogated
cascadas,waterfalls
chupan,suck
pises,pises
chocaron,they crashed
bloqueador,blocker
productions,productions
combinada,combined
movilización,mobilization
cancelo,I cancel
ideado,devised
huyera,flee
aparador,sideboard
hat,hat
festivales,festivals
regatear,dribble
miko,miko
ponis,ponies
usurero,usurer
gorros,hats
meteoros,meteors
páramos,moors
denles,give them
comprados,purchased
seol,SEOL
fideo,noodles
habitado,inhabited
yokohama,yokohama
tendón,tendon
pelele,dummy
arreglártelas,manage
trapecio,trapeze
rousseau,Rousseau
forja,forging
juzgué,I judged
diestra,right
emisoras,radio stations
concilio,council
molotov,Molotov cocktail
aparecían,appeared
hummer,Hummer
animará,will encourage
doom,doom
basó,based
enfrentaste,you faced
esforzaré,I will strive
submarina,submarine
dueto,duet
reconstruido,rebuilt
arenques,herrings
mudes,mutes
errar,err
halstead,Halstead
pautas,guidelines
suicide,suicide
sumner,Sumner
quedábamos,we stayed
mias,mine
ex-esposo,ex-husband
polvoriento,dusty
esponjas,sponges
consigna,instructions
mccord,McCord
juguetón,playful
acogió,welcomed
ensuciarse,become dirty
circunstanciales,circumstantial
conecto,I connect
doesn,doesn
tanda,batch
arreglarnos,fix us
epidural,epidural
computadores,computers
azteca,Aztec
g.i.,g.i.
jesper,Jesper
expulsen,expel
frecuenta,frequents
rogelio,Rogelio
calvert,Calvert
escondiéndote,hiding
gently,Gently
sobrepasar,exceed
circulen,circulate
chandra,Chandra
anuncie,advertise
simran,simran
limosnas,alms
rooster,rooster
acoger,welcome
ríndanse,surrender
saltará,will jump
formarse,form
aprobaron,approved
permanecemos,we remain
uday,uday
sep,sep
ácidos,acids
contemplen,contemplate
levemente,slightly
colación,collation
luxemburgo,Luxembourg
cata,tasting
aterricemos,Let's land
chiang,Chiang
perjuicios,damages
transmita,transmit
aprobará,will approve
bennie,Bennie
sutherland,Sutherland
randi,randi
destrozo,destruction
pick,pick
danzas,dances
maldiciendo,cursing
ahorrarle,save him
ansiaba,I longed for
narcotráfico,drug trafficking
alcohólicas,alcoholics
ressler,ressler
aprovechen,take advantage
bolita,pellet
patéticas,pathetic
lápidas,gravestones
abrazamos,we embrace
cuela,strain
intubación,intubation
recuperan,recover
pacheco,Pacheco
entrevistó,interviewed
proponen,propose
bath,bath
electrónicas,electronics
sólamente,only
fotografia,photograph
ignores,ignore
poncho,poncho
proveerá,will provide
estallará,will explode
simulando,simulating
interesaban,were interested
relajes,relax
eliminadas,deleted
dolencia,disease
renny,Renny
sii,yes
arruinara,ruin
solapa,flap
comenté,I commented
office,office
explicaremos,we will explain
métetelo,put it in
espiritismo,spiritism
terapeutas,therapists
mordí,I bit
cultos,cults
pudor,modesty
atienden,they attend
súbdito,subject
leni,Leni
ilustración,illustration
intentad,try
hitman,hitman
viéndose,seeing
impostora,imposter
ero,but
traelo,bring it
calada,drag
irv,irv
graduar,graduate
ganaras,you will win
guiados,guided
charlatanes,charlatans
seduce,seduce
autobots,Autobots
dramáticos,dramatic
aterrizaremos,we will land
petroleo,oil
refresca,refreshes
strikes,strikes
thierry,Thierry
ato,ato
mcgrath,McGrath
resolvería,would solve
figuraba,it appeared
dependientes,dependents
shambo,shambo
moverán,they will move
adelanté,forward
respóndame,answer me
reacio,reluctant
responderás,you will answer
exnovio,ex-boyfriend
tírame,throw me
pitidos,beeps
desvanecerse,vanish
sogas,ropes
negociado,negotiated
lineal,linear
reflexiones,reflections
amateurs,amateurs
programó,programmed
úlceras,ulcers
emisor,transmitter
prevenido,warned
holder,holder
animas,souls
colilla,stub
transferidos,transferred
preferí,I preferred
calmó,calm
pasame,pass me
chequeando,checking
estuvieramos,we were
sanitarios,sanitary
estár,be
exeter,Exeter
amenace,threaten
fiarme,trust
cónyuge,spouse
almacenaje,storage
stonehenge,Stonehenge
marroquí,Moroccan
proteccion,protection
agobiado,overwhelmed
espia,spy
macintosh,Macintosh
sobresalir,excel
escépticos,skeptics
estetoscopio,stethoscope
condimentos,condiments
vigilaremos,we will monitor
analgésico,analgesic
mahmoud,Mahmoud
afgano,Afghan
rompamos,Let's break up
hobart,Hobart
antonieta,Antonieta
jeta,mug
bubs,bubs
desdén,disdain
cochise,cochise
melrose,melrose
rústico,rustic
bravos,brave ones
liberas,you release
jugarán,they will play
llénalo,fill it
canapés,canapés
renunciaría,I would resign
devolverlos,return them
estudiantiles,student
grifos,faucets
facturación,billing
percibí,I perceived
sopas,soups
-3ch462300,-3ch462300
láseres,lasers
curita,band-aid
temáis,fear
corriera,ran
aeroplano,airplane
necios,fools
muleta,crutch
protegerán,will protect
armé,I armed
viajen,travel
novillos,young bulls
sòlo,only
medium,medium
desanimado,discouraged
torció,twisted
nadadores,swimmers
comanche,Comanche
fracasaron,they failed
benoit,Benoit
telescopios,telescopes
niñato,brat
pectorales,pectorals
despojado,stripped
arrojaste,you threw
annabeth,Annabeth
intercambiado,interchanged
recomendé,I recommended
perforó,pierced
bebita,baby girl
rubios,blondes
recen,recently
pajaros,birds
ape,ape
pagare,promissory note
reciclado,recycling
suministrar,supply
obligaré,I will force
janus,Janus
novedoso,novel
entendían,they understood
babcock,babcock
imperfecciones,imperfections
verna,Verna
clínicamente,clinically
localizarle,locate him
mezcladas,mixed
autocompasión,self-pity
comparé,I compared
índole,nature
rave,rave
utilizará,will use
bloquean,block
albóndiga,meatball
pintaste,you painted
caerle,fall
mouch,mouse
katrin,katrin
calza,shoe
indignado,indignant
tatarabuelo,great-great-grandfather
kids,kids
fast,fast
atraiga,attract
selecto,select
dicte,dictate
córrete,run
respiratorias,respiratory
apoyada,supported
eaton,Eaton
centrar,center
encerraré,I will lock up
detectaron,detected
alejaras,you will move away
manténgame,keep me
tendrias,you would have
veámonos,Let's see each other
pasmado,stunned
maese,master
mejoraría,would improve
lundy,lundy
i1,i1
cántaros,pitchers
ensuciado,soiled
creiste,you believed
henriette,Henriette
henna,henna
villas,villas
debatiendo,debating
vivien,living
barniz,varnish
jackman,Jackman
inside,inside
benevolencia,benevolence
duraznos,peaches
reiremos,we will laugh
gratificación,gratification
dominada,dominated
alvaro,Alvaro
telemetría,telemetry
aceituna,olive
zheng,Zheng
retenga,retain
quizo,wanted
comparados,compared
apresúrese,hurry
espanta,frightens
pegará,will stick
geólogo,geologist
blondie,blondie
sobornado,bribed
sacerdocio,priesthood
traumatizada,traumatized
averiguará,will find out
dudó,he hesitated
viii,viii
instalada,installed
jardineros,gardeners
ataud,coffin
sync,sync
wise,wise
publicas,public
jemma,Jemma
mediocridad,mediocrity
liceo,high school
metamorfosis,metamorphosis
guardarte,save yourself
paradigma,paradigm
diminutivo,diminutive
perdonara,would forgive
furtivos,poachers
entones,then
buscarás,you will look
conte,count
determinará,will determine
asfixiando,suffocating
infectadas,infected
quedándome,staying
convertidos,converted
comunicarle,tell him
ábrelos,open them
turbinas,turbines
dany,dany
oakley,oakley
perfect,perfect
merecedor,deserving
bajita,short
mamut,mammoth
saboteado,sabotaged
jodo,damn
mequetrefe,whipper-snapper
valoras,you value
beto,Beto
obligaba,forced
burlaban,they mocked
interesarse,interest
exhibir,display
cocaina,cocaine
pinchazos,punctures
pegatinas,stickers
apresurar,hurry
guys,guys
desbloquear,unlock
demostraste,you showed
porteros,goalkeepers
asfixiado,suffocated
guardadas,saved
incrustado,inlaid
despejad,clear
bemol,flat
porky,Porky
desapercibida,unnoticed
gar,gar
winn,winn
sostenes,bras
sálvese,save yourself
detectados,detected
crew,crew
chilton,Chilton
reviento,I'm bursting
worthington,Worthington
follas,fucks
engancha,hooks
durmamos,Let's sleep
guardaremos,we will keep
hallarán,they will find
configurar,set up
yahora,and now
costanza,constancy
surgiendo,emerging
quemarla,burn it
virar,tack
wilkinson,wilkinson
incorporar,incorporate
carmel,Carmel
memorizado,memorized
inadecuada,inadequate
sik,sik
cumbres,summits
vidal,life
dumont,Dumont
yog,yog
faltaste,you were absent
leídos,read
might,might
intermediarios,intermediaries
dilatación,dilatation
cargadores,chargers
presentaría,would present
manchadas,stained
revólveres,revolvers
testifica,testifies
drásticamente,drastically
experimentados,experienced
bondadosa,kind
cantarle,sing to him
dec,dec
étnica,ethnic
katana,katana
reuniste,you gathered
souvenir,souvenir
trasladarse,move
germaine,Germain
embudo,funnel
vinieses,you came
secó,dry
satén,satin
diligencias,proceedings
participo,I participate
hutton,Hutton
bautizar,baptize
atormentada,tormented
pax,pax
colgaste,you hung up
girasol,sunflower
navy,navy
xiang,xiang
rodeaba,surrounded
sabandija,vermin
plummer,plummer
gerentes,managers
remember,remember
somo,we are
agacha,bend down
sometidos,subjected
cubrieron,covered
oleaje,surf
vocalista,vocalist
agredido,assaulted
lower,lower
establecimos,we established
calendarios,calendars
divagando,rambling
operarme,have surgery
sumergirse,dive
fraganti,fragrant
invítame,invite me
predice,predicts
confesora,confessor
dolce,dolce
sécate,dry yourself
siganme,Follow me
corridas,bullfights
tendones,tendons
chúpame,suck me
empezaran,they will begin
plaquetas,platelets
cantarás,you will sing
rotundo,resounding
pond,pond
espeluznantes,creepy
adivinad,guess
llévenselos,Take them away
kandahar,Kandahar
aprovechamos,we take advantage
besen,kiss
requerimiento,request
cesado,dismissed
plebeyo,commoner
recuperándose,recovering
pote,pot
cargaba,loaded
escúchala,listen to her
agha,agha
salchichón,sausage
gastón,Gaston
radica,lies
kidd,kidd
deshaciendo,undoing
ventisca,blizzard
ene,jan
trabado,locked
dolorida,painful
vhs,VHS
omnipotente,omnipotent
demostraremos,we will demonstrate
citaciones,citations
acoplamiento,coupling
sting,Sting
teen,teen
amáis,you love
sílabas,syllables
suh,suh
desencadenar,trigger
veda,ban
disolución,dissolution
notorio,notorious
actuaron,they acted
buscada,wanted
empresariales,business
praxis,praxis
palomita,popcorn
lombard,Lombard
atiendes,you attend
zip,zip
penner,Penner
dang,dang
agonizante,dying
arrastraste,you dragged
obsequios,gifts
sodomía,sodomy
vanderbilt,Vanderbilt
gemir,moan
mollie,Mollie
vencerte,defeat you
sensualidad,sensuality
cagón,coward
cagadas,screw-ups
saori,Saori
sofisticación,sophistication
bebería,would drink
criminalística,criminalistics
concertado,concerted
umberto,Umberto
sonata,sonata
culta,cultured
mandarnos,send us
rafferty,rafferty
conociese,known
mass,mass
serviste,you served
cómicas,comics
corregirlo,correct it
drone,drone
terrenales,earthly
subteniente,sub-lieutenant
exploradoras,explorers
accediendo,accessing
tratarás,you will try
arios,arios
criadero,hatchery
asombrosamente,surprisingly
gandalf,Gandalf
agachada,crouching
linfoma,lymphoma
recompensar,reward
retrase,delay
competitivos,competitive
acompañé,I accompanied
atreverá,will dare
patológico,pathological
apoyarla,support her
sonrías,smile
bajoranos,Bajorans
hacíais,you were doing
desesperanza,hopelessness
concretar,specify
visitará,will visit
comunicamos,we communicate
lefty,lefty
found,found
sacrificando,sacrificing
frenando,braking
rescatamos,we rescued
desperdicie,waste
registrarme,register
creeis,do you believe
sigiloso,secretive
reserve,reserve
4x4,4x4
zinc,zinc
madama,madame
pareciese,it seemed
preocuparas,you would worry
masturbarme,masturbate
emocionó,excited
pelt,pelt
graban,record
marchemos,Let us march
ozzie,Ozzie
desamparado,helpless
uff,uff
robará,will steal
cinematográfico,film
interrogados,interrogated
restaurada,restored
referido,referred
festividad,festivity
trabada,jammed
anterioridad,anteriority
escénico,scenic
blye,blye
tyrell,Tyrell
arrojaré,I will throw
cobrará,Bill to
lilian,Lilian
mojando,wetting
contenga,contain
judaísmo,Judaism
elevan,raise
rebel,rebel
condenadas,convicted
degustación,tasting
viajante,traveler
pictures,pictures
jódanse,fuck off
bears,bears
vishal,vishal
tillman,tillman
debilitar,weaken
cartílago,cartilage
perdiz,partridge
caradura,nerve
monitoreo,monitoring
demostraron,they demonstrated
voltaire,Voltaire
alarcón,Alarcón
posturas,positions
spam,spam
escribio,wrote
crecida,spate
noticiario,news
concentro,I concentrate
secarse,dry up
elástico,elastic
sopló,breath
escupo,I spit
niro,niro
accesos,access
adictivo,addictive
atizador,poker
arcas,arks
secuestran,kidnap
regresarlo,return it
chapas,bottle caps
tumulto,tumult
ocasionales,occasional
guisado,stew
desacuerdos,disagreements
soldador,welder
imaginate,Imagine
dowd,dowd
traicionera,treacherous
lloraría,I would cry
emmanuel,Emmanuel
venirse,come
obedeces,you obey
follaste,you fucked
predestinado,predestined
tartamudeo,stuttering
alegrarme,to be happy
fíes,trust
secuelas,aftermath
habilidoso,skillful
enjaulado,caged
amenazador,threatening
crucifixión,crucifixion
castigaré,I will punish
skippy,skippy
metraje,footage
sog,sog
quick,quick
incluyó,included
lala,lala
fotones,photons
birkhoff,Birkhoff
sofisticadas,sophisticated
hanks,Hanks
fracturó,fractured
objetividad,objectivity
culpen,blame
espátula,spatula
corresponda,corresponding
bobada,nonsense
pass,pass
sons,sons
gringos,gringos
rasgar,rip
age,age
shue,shue
utilizaré,I will use
desmoronarse,crumble
carabina,carbine
borrachas,drunk
calmarla,calm her down
aceptables,acceptable
pararán,will stop
marika,Marika
topó,mole
aseguras,you assure
cabida,room
lolly,lolly
permitida,allowed
shiv,shiv
analisis,analysis
mejorada,improved
angelical,angelic
fontanería,plumbing
sometida,subjected
peri,peri
lleó,lleó
darío,Darío
individualidad,individuality
zedd,zedd
recibirlos,receive them
dear,dear
reorganizar,reorganize
constelaciones,constellations
traedlo,bring it
indiscreta,indiscreet
bjorn,Bjorn
alistarse,enlist
bromean,They joke
orgullosas,proud
consolarme,comfort me
querras,you will war
parkman,parkman
admisible,admissible
patíbulo,gallows
fane,fane
setsuko,setsuko
burlarme,mock
chopra,Chopra
estigma,stigma
payal,payal
requirió,required
condujeron,they drove
destacados,featured
descompresión,decompression
danton,Danton
paranormales,paranormal
interrogue,question
trafica,traffic
presentarán,will present
aburrirme,to get bored
jamison,jamison
cientifico,scientist
reducirlo,reduce it
tambalea,wobbles
hermione,Hermione
traéis,you bring
refrigerio,refreshment
paralela,parallel
realizadas,carried out
flandes,Flanders
magnéticas,magnetic
crenshaw,Crenshaw
victoriana,Victorian
escondería,would hide
benjy,benjy
haines,Haines
doolittle,Doolittle
redactado,drafted
atarte,tie yourself
vomite,I vomited
chirrido,chirp
peinados,hairstyles
galu,galu
temíamos,we feared
africanas,African
identificarlos,identify them
pajas,straws
boquilla,nozzle
arcadia,Arcadia
rankin,ranking
disciplinado,disciplined
instintivamente,instinctively
catálogos,catalogs
persistencia,persistence
bombea,pumps
cantad,sing
cooley,cooley
turbulencias,turbulence
esforzamos,we strive
atreides,atreides
llevaos,take them away
sembrado,sown
borneo,Borneo
inmensidad,immensity
jericó,Jericho
evitaría,would avoid
chato,flat
aventureros,adventurers
jadea,pants
stringer,stringer
bateria,battery
deletreo,spelling
saltemos,Let's jump
lobotomía,lobotomy
involucrando,involving
emborrachar,get drunk
pronunciación,pronunciation
botines,boots
nintendo,Nintendo
metiéndote,putting you
anticuados,outdated
sobrinas,nieces
bombeo,pumping
emi,emi
mach,mach
ofreciera,offered
longo,long
adaptarme,adapt
sabiamos,we knew
parry,parry
angustias,anxieties
colaborando,collaborating
pela,peel
zev,zev
asumen,assume
hanover,Hanover
recita,recite
ftl,ftl
suéteres,sweaters
detestas,you hate
derivados,derivatives
extremista,extremist
cargaron,they loaded
equivocarte,to make a mistake
arreglados,fixed
escarmiento,lesson
eren,were
shanti,shanti
filial,subsidiary
vasquez,Vasquez
panal,honeycomb
desgarrador,piercing
tone,tone
llevadas,carried
seguirles,follow them
brillará,will shine
nó,No
copié,I copied
llamándolo,calling him
saltarnos,skip
cleaver,cleaver
agrícolas,agricultural
américas,Americas
simula,simulates
yah,yeah
bambalinas,backstage
faraones,pharaohs
intentare,I will try
dañe,damage
valoramos,we value
adivinanza,riddle
marti,Marti
ortodoxa,orthodox
sigma,sigma
anónimamente,anonymously
soportes,supports
rodgers,Rodgers
experimentación,experimentation
tapada,covered
sencillez,simplicity
angola,Angola
marginal,marginal
saldríamos,we would go out
predica,preach
devoluciones,returns
canguros,kangaroos
consagrado,consecrated
existencial,existential
instale,install
cooperas,you cooperate
photoshop,Photoshop
lavaron,they washed
mote,nickname
enviare,I will send
castigues,punish
distrayendo,distracting
doblan,fold
mondo,world
transfiere,transfers
desvanecen,fade away
fluidez,fluency
halsey,Halsey
b.b.,b.b.
glover,Glover
descubrieran,discover
proletariado,proletariat
babear,drool
bicis,bikes
quedaríamos,we would stay
rebajar,lower
clovis,Clovis
piazza,piazza
siameses,conjoined twins
reconocerán,will recognize
limpiaparabrisas,wiper
sec,sec
transmisores,transmitters
tontín,silly boy
reducirá,will reduce
expresarme,express myself
arrepentiré,I will regret it
kind,kind
dawes,Dawes
acostaría,would lie down
disparándole,shooting him
bienaventurados,blessed
mientan,lie
probables,likely
jie,jie
judson,Judson
estadios,stadiums
nefasto,disastrous
triunfante,triumphant
apartad,stand aside
soviéticas,Soviet
repararla,repair it
despreciar,despise
farm,farm
mcnulty,mcnulty
raices,roots
arrojados,thrown
matías,Matias
preciados,precious
debilitando,weakening
henley,henley
farhad,Farhad
pliegues,folds
amaras,you will love
ilumine,illuminate
asustadas,scared
panteón,pantheon
orgánicas,organic
fer,fer
detendrás,You will stop
alimañas,vermin
enmedio,in the middle
2da,2nd
afectuoso,affectionate
poses,poses
ordenas,you order
vacia,empty
ganaríamos,we would win
provocas,you provoke
instala,installs
llamativa,striking
hippy,hippie
instructora,instructor
despegado,detached
preocupándome,worrying
formaciones,formations
volcado,overturned
evacuando,evacuating
funcionarán,will work
quinientas,five hundred
investigara,will investigate
duggan,duggan
cobija,blanket
arroyos,streams
guzmán,Guzmán
despedirá,will fire
venderles,sell them
encontrabas,you found
zarigüeya,opossum
mítico,mythical
pitágoras,Pythagoras
pollard,pollard
asesinaran,they murdered
acosarme,harass me
descontaminación,decontamination
desconectada,disconnected
refutar,refute
ocurrencia,occurrence
drogo,druggie
reclusas,inmates
ochos,eights
desechables,disposables
aterrorizar,terrorize
foie,foie
dichosos,happy
entrevisté,I interviewed
tronos,thrones
roer,gnaw
asentamientos,settlements
utilizaremos,we will use
directivo,executive
solange,Solange
consecutivas,consecutive
murmura,murmurs
dilatadas,dilated
cuadradas,square
unanimidad,unanimity
bills,bills
dagas,daggers
astra,astra
pod,pod
petroleros,oil tankers
contorno,contour
pisan,step
alterna,alternate
babosas,slugs
petroleras,oil companies
ofrezcan,offer
reemplazará,will replace
enterarán,they will find out
extenderse,extend
váis,you are going
revelaron,revealed
paraguay,Paraguay
recoged,collect
operamos,we operate
agotar,exhaust
almacena,stores
aceleró,accelerated
acordás,Do you agree?
mezclo,I mix
allende,Allende
vecindarios,neighborhoods
capricornio,Capricorn
enérgica,energetic
sobrellevar,endure
almirantazgo,admiralty
temías,you feared
confias,do you trust
enviarían,would send
hub,hub
destilería,distillery
mamas,breasts
mostrarán,will show
afrodisíaco,aphrodisiac
u2,u2
terminados,finished
siguiéndote,following you
virgilio,Virgil
corso,Corsican
estámos,we are
colegial,schoolboy
codazo,poke
caritativo,charitable
cappuccino,cappuccino
detenla,stop her
representó,represented
pateé,I kicked
apartas,apart
does,does
enfermé,I got sick
escotillas,hatches
pagarías,you would pay
sedada,sedated
delacroix,Delacroix
sash,sash
violonchelo,cello
gestionar,manage
rábanos,radishes
transportados,transported
furgonetas,vans
ciclistas,cyclists
circuncisión,circumcision
patios,courtyards
elegía,elegy
bettina,Bettina
jemaine,jemaine
cibernética,cybernetics
arianna,Arianna
sepulturero,gravedigger
encontréis,find
bagels,bagels
indian,Indian
shania,Shania
asignatura,subject
tumbarme,lie down
palmo,span
codis,codis
jubilarse,retire
tuviesen,had
boise,Boise
guerrillas,guerrillas
imaginabas,you imagined
esperarle,wait for him
ciclismo,cycling
truth,truth
casarán,will marry
perfeccionista,perfectionist
lince,lynx
marci,Marci
escuchaban,they were listening
alabar,praise
lucian,Lucian
guepardo,cheetah
mundano,mundane
defendiste,you defended
encogido,shrunken
pásale,pass it on
hereda,inherits
considerables,considerable
conducimos,We drive
dial,dial
preocupaste,you worried
esme,Esme
sobornó,bribery
bébetelo,drink it
oírlas,hear them
corrado,corrado
hokage,hokage
presionarlo,press it
inmensas,immense
acentos,accents
secretito,little secret
lui,lui
guauu,Wow!
excedido,exceeded
aterradores,terrifying
imaginable,imaginable
asesoría,consulting
barcas,boats
pringado,loser
tolerado,tolerated
infiltrados,infiltrators
sacadme,get me out
packard,Packard
mariah,Mariah
ladrido,bark
maximizar,maximize
torturan,torture
manipulada,manipulated
mag,mag
atacarlo,attack him
food,food
desigual,unequal
impulsor,driving
fairchild,Fairchild
preferentemente,preferably
cargarme,load me
mocasines,loafers
analice,analyze
estancada,stagnant
instalamos,we install
entreteniendo,entertaining
electrocardiograma,electrocardiogram
prestigiosa,prestigious
bran,Bran
lucidez,lucidity
saxo,saxo
orbitando,orbiting
nenaza,wimp
haas,haas
persigan,pursue
picaporte,latch
convirtio,became
felino,feline
peaches,peaches
natalidad,birth rate
realizamos,we perform
maderas,woods
vigílala,watch her
ábralo,Open it
podran,they will be able to
repartido,distributed
apueste,bet
comprobad,check
pórtense,behave
chappelle,chappelle
bosquejo,sketch
persecuciones,persecutions
añoro,I long for
golosina,candy
estratagema,stratagem
electrocutado,electrocuted
depravación,depravity
aclaró,clarified
isles,islands
carterista,pickpocket
recogernos,pick us up
holm,holm
perdices,partridges
trámite,procedure
dramaturgo,playwright
pira,pyre
cumplieron,They fulfilled
extirpar,remove
hospitalario,hospitable
langostinos,prawns
crixus,crixus
encubrirlo,cover it up
daley,daley
deteriorado,deteriorated
maza,mace
viajecito,little trip
cruzaba,crossed
sangrientas,bloody
flower,flower
desesperante,maddening
neurótica,neurotic
bodie,body
descargó,discharge
hambrientas,hungry
reconocerías,would you recognize
beneficiará,will benefit
transcurrido,elapsed
programadas,scheduled
finito,finite
excede,exceeds
aisladas,isolated
ldiota,idiot
simposio,symposium
emancipación,emancipation
nielsen,nielsen
formaban,formed
aprendi,I learned
aaaah,aaaah
álex,Alex
putilla,little whore
atraparnos,catch us
sujetadores,bras
mejoren,improve
apura,hurry
highway,highway
gallardo,gallant
verity,verity
bizco,squinting
desprecian,despise
escuadrilla,squadron
júntense,get together
preparémonos,Let's get ready
watanabe,Watanabe
vishnu,Vishnu
vampira,vampire
alistarme,enlist
desarrollados,developed
colapsa,collapses
échele,pour it
estàn,are
orbe,orb
soltarla,let her go
jure,swear
lamentarse,lament
inundada,flooded
gutiérrez,Gutierrez
reconocerás,you will recognize
laringe,larynx
carrillo,cheek
embarazos,pregnancies
enema,enema
guinevere,Guinevere
colibrí,hummingbird
auf,auf
saito,Saito
saludarme,greet me
paintball,paintball
preferirían,would prefer
trastienda,back room
athos,athos
generó,gender
espinosa,spiny
bendigo,I bless
petulante,petulant
rebanadas,slices
pardon,pardon
someone,someone
antílope,antelope
estratégicamente,strategically
fichero,file
yupi,yupi
subnormal,subnormal
producía,produced
llenarse,fill up
reunía,gathered
volteretas,somersaults
kalle,kalle
repórtense,report in
recordarnos,remind us
lulú,Lulu
lazar,lottery
enloquecí,I went crazy
desfigurado,disfigured
rosados,pink
ahogarte,drown
sorpréndeme,surprise me
vash,vash
cojer,cojer
buyeo,buyeo
guam,Guam
transplantes,transplants
florecido,bloomed
doblas,folds
baratija,trinket
burroughs,Burroughs
laure,laurel
elin,elin
agáchese,duck
controversial,controversial
marítima,maritime
seguiríamos,we would continue
humpty,Humpty
dirijan,direct
aprovecharla,take advantage of it
riachuelo,creek
entrenas,you train
reproches,reproaches
amplios,spacious
acostándote,lying down
tomarían,they would take
medicinales,medicinal
reba,reba
gonzales,gonzales
quemarme,burn me
lynda,Lynda
hah,hah
trípode,tripod
gradual,gradual
deshago,I undo
concederle,grant him
envíeme,send me
jalen,pull
complicó,complicated
pegarse,stick
contrae,contracts
tu-,you-
chevrolet,Chevrolet
merlot,merlot
funerario,funeral
aquí-,here-
escogimos,we chose
cinturon,belt
megáfono,megaphone
hampa,underworld
galera,galley
jerónimo,Jerome
antecedente,antecedent
paperas,mumps
apagará,will turn off
ayudase,help
obstetricia,obstetrics
matteo,Matteo
filtrando,filtering
llagas,sores
consideremos,Let's consider
secuaz,henchman
penumbra,gloom
eduard,eduard
garrapata,tick
nafta,naphtha
sargentos,sergeants
nasser,Nasser
gurney,Gurney
simplificar,simplify
rascar,scratch
agresivas,aggressive
ceda,yield
reíamos,We laughed
esforzó,he tried
liberaste,you freed
impertinencia,impertinence
retretes,toilets
dotada,endowed
campistas,campers
floral,floral
prosa,prose
aliviará,will relieve
anotando,writing
sonaban,they were sounding
implementar,implement
entonces-,so-
zapatería,shoe store
legalidad,legality
reflejado,reflected
improvisada,improvised
preséntense,introduce yourselves
elevadas,high
armadillo,armadillo
creido,believed
figurado,figurative
tontamente,foolishly
arreglarán,they will fix
sabrosos,tasty
definen,define
añada,add
llevándolo,carrying it
conservan,they preserve
judah,Judah
tamil,Tamil
rox,Rox
saltarme,skip
anotaré,I will note
experimentan,they experience
besitos,kisses
indagando,investigating
dorso,back
broken,broken
cúspide,cusp
esparcidos,scattered
contactamos,we contacted
siestas,naps
apagaste,you turned off
aitu,aitu
subterráneas,underground
falco,falcon
avísale,tell him
replicar,replicate
tweet,tweet
comenzaría,would begin
goddard,Goddard
harkonnen,harkonnen
absorción,absorption
korsak,korsak
bastado,enough
inundó,flooded
dodger,Dodger
inodoros,toilets
demi,Demi
autosuficiente,self-sufficient
burlaba,mocked
confirmen,confirm
cogidos,caught
cumpliera,fulfilled
blindaje,armor
nombrada,named
blakely,Blakely
fantasear,fantasize
dirigieron,they directed
rodearon,surrounded
enojaste,You got angry
materno,maternal
compañerismo,fellowship
existieran,existed
onn,onn
respetarlo,respect it
barbados,Barbados
ceno,frown
defectuosos,defective
demandantes,plaintiffs
inverso,reverse
perrin,perrin
quedándote,staying
haciéndola,making it
dupree,dupree
solicitan,they request
konrad,Konrad
fai,fai
drogarme,get high
mm-mm,mm-mm
dedicatoria,dedication
visualizar,visualize
destrozadas,destroyed
pfeiffer,pfeiffer
wesson,wesson
glamoroso,glamorous
descendido,descended
pancarta,banner
ayala,ayala
delano,year
fallida,failed
samar,samar
chiles,chilies
liada,tied up
implosión,implosion
filisteos,Philistines
dollar,dollar
telefonía,telephony
recuperen,recover
concentramos,we concentrate
inclinar,tilt
desenlace,outcome
inhibidor,inhibitor
lesionó,injured
special,special
queridísima,dearest
radioactiva,radioactive
apoyes,support
admitirá,will admit
candleford,Candleford
influye,influences
ocuparás,you will occupy
av.,av.
característico,characteristic
catástrofes,catastrophes
chichón,bump
yellow,yellow
ensucia,dirty
altísimo,soaring
castigó,punishment
festivos,holidays
bent,bent
reemplazarla,replace it
inexperto,inexperienced
organizan,organize
sachin,sachin
selby,selby
apostadores,gamblers
campanita,Tinker Bell
capacitación,training
libido,libido
piers,Piers
cady,Cady
desequilibrado,unbalanced
perdura,it endures
filmada,filmed
divirtió,amused
terrier,terrier
respiratorios,respiratory
double,double
librará,will free
leyeras,you would read
abridor,opener
disidentes,dissidents
karel,Karel
hanukkah,Hanukkah
comparecencia,appearance
daytona,Daytona
llevártela,take it
barquero,boatman
noruegos,Norwegians
imaginemos,Let's imagine
tomáis,you take
bajaría,would go down
queje,complain
bastión,bastion
billonario,billionaire
sil,sil
separarte,separate
hallen,hallen
impulsores,drivers
children,children
viviane,Viviane
cosme,cosme
irrigación,irrigation
genuinamente,genuinely
diplomáticas,diplomatic
plagio,plagiarism
cleary,clearly
aplaudo,I applaud
nai,nai
eróticos,erotic
prozac,prozac
escondimos,we hid
desapareceré,I will disappear
whitley,Whitley
mencionaba,mentioned
envolvió,wrapped
lovecraft,Lovecraft
ranchero,rancher
felicitarle,congratulate him
rellenado,filling
aniquilado,annihilated
retrasé,I delayed
rompecorazones,heartbreaker
ocuparon,occupied
cinto,belt
provenientes,coming from
perpetuo,perpetual
kamal,kamal
cristianas,Christian
atravesaron,they crossed
eldridge,eldridge
portadora,carrier
saudí,Saudi
tiraban,they were throwing
danforth,danforth
caótica,chaotic
engañarla,deceive her
acercaban,approaching
lacayos,lackeys
dormirán,they will sleep
coágulos,clots
brillantez,brilliance
carroñeros,scavengers
reirse,laugh
nadas,nothing
educativa,educational
redentor,redeemer
buckner,buckner
fräulein,fräulein
publicamos,we publish
crescent,crescent
acerté,I was right
alarmarse,alarmed
maniquíes,mannequins
bom,bom
capacitada,trained
reses,cattle
recambio,replacement
atacaría,would attack
furtivamente,furtively
ocultamos,we hide
flamingo,flamingo
durst,dust
trepa,climbs
compulsión,compulsion
báltico,Baltic
relojería,watchmaking
envejecen,age
bisonte,bison
provocaste,you caused
dpto,department
manteles,tablecloths
ochocientos,eight hundred
cediendo,yielding
obedeceré,I will obey
chándal,track-suit
noonan,noonan
tonteria,nuisance
percance,mishap
foods,foods
acorazada,armored
disquera,record label
permitidos,allowed
mamie,mamie
angelus,Angelus
fredrik,Fredrik
aprietes,tightening
abdullah,Abdullah
solano,solano
ahorre,save
raptó,rapture
filántropo,philanthropist
y-y,and-and
pichones,pigeons
security,security
hoshi,hoshi
provenir,stem
ganarla,win it
asustará,will frighten
heydrich,Heydrich
sujetarlo,hold it
virgo,Virgo
formados,formed
hablándote,talking to you
kun,kun
notarás,you will notice
acido,acid
localizaciones,locations
ely,ely
razor,razor
engorda,fattening
paulina,Paulina
animadores,animators
arquímedes,Archimedes
corpulento,corpulent
clavé,clue
p.d.,P.S.
arar,plow
nula,null
zumba,Zumba
revolviendo,stirring
instruido,instructed
curiosas,curious
pitcher,pitcher
irónica,ironic
recorrió,toured
aparté,apart
compartieron,shared
necesitaron,they needed
reflexiona,reflect
atravesé,I crossed
vinculada,linked
cayéndose,falling
instalaron,installed
islámica,Islamic
adinerado,wealthy
enviaban,they sent
moldear,mold
aterradoras,terrifying
uniremos,we will unite
pajero,wanker
progresivo,progressive
cuidaras,you will take care
separes,separate
votaremos,we will vote
herirla,hurt her
denuncio,I denounce
liberaremos,we will release
quiropráctico,chiropractor
procederemos,we will proceed
setiembre,September
jeremías,Jeremiah
janek,Janek
problemilla,little problem
traías,you brought
ostentoso,ostentatious
adiviné,I guessed
reynold,Reynolds
rebelarse,rebel
flight,flight
adivinó,soothsayer
pronta,prompt
afirmo,I affirm
relacionarme,relate
contemporánea,contemporary
funcionaria,official
planee,plan
decian,they said
obligarle,force him
chekov,Chekov
jarro,pitcher
juilliard,Juilliard
obtengan,obtain
llenaste,you filled
pescamos,we fish
rebosante,overflowing
maserati,Maserati
tosco,rough
gleason,Gleason
sollozos,sobs
acogido,welcomed
buses,buses
purple,purple
aplique,apply
regresaran,they will return
pipi,pee
acabad,finish
debeis,you must
mahjong,mahjong
claqué,claque
preguntándole,asking him
pet,pet
bugsy,bugsy
t.v.,TV.
asperger,Asperger's
gustaran,they would like
provisto,provided
córdoba,Cordova
dispararás,you will shoot
contésteme,answer me
derramando,spilling
pau,pau
fijarte,notice
quemara,burn
detenganse,stop
lastimarse,injure
movilizar,mobilize
ía,ia
desconcierta,disconcerting
vencieron,they won
batuta,baton
williamsburg,Williamsburg
krypton,krypton
enseñen,teach
colgamos,we hung up
armin,Armin
encendieron,They turned on
mame,suck
callaros,shut up
sintéticos,synthetics
triplicado,triplicate
ciclón,cyclone
dock,dock
voilá,voila
looking,looking
oxicodona,oxycodone
rectificar,rectify
oiría,I would hear
inseguridades,insecurities
apuntaste,you noted
mcneil,McNeil
wolff,wolff
bocados,bites
laxante,laxative
atropellé,I ran over
consiguieras,you got
bene,well
procesados,processed
eternas,eternal
usad,use
vigilarme,watch me
baranda,railing
infortunio,misfortune
palmadita,pat
contarlos,count them
mangosta,mongoose
reconforta,comforts
impuro,impure
preocupará,will worry
jeringas,syringes
mojigata,prude
cremación,cremation
exclamación,exclamation
experimentamos,we experienced
drásticas,drastic
asemeja,resembles
disfrazarse,dress up
medicos,doctors
consultora,consultant
periferia,periphery
sónico,sonic
quedáramos,we stayed
espantado,frightened
berrinche,tantrum
cracovia,Krakow
cully,cully
patógeno,pathogen
braxton,Braxton
reducidos,reduced
elly,elly
asaltada,assaulted
gul,gul
sepulcro,tomb
hoyuelos,dimples
irresponsables,irresponsible
dicky,Dicky
varilla,rod
terminación,termination
expresan,express
rebajado,reduced
confesarse,confess
miope,myopic
neptune,Neptune
parcelas,plots
refirió,he referred
gaceta,gazette
vieiras,scallops
enfocada,focused
empujones,shoves
rigidez,rigidity
crisp,crisp
estás-,are-
ono,ono
kree,Kree
hanley,Hanley
ingeniosos,ingenious
kobayashi,Kobayashi
defenderá,will defend
amenazo,I threaten
paralelas,parallel
rom,rom
ransom,ransom
editoriales,publishers
cubitos,cubes
existieron,there existed
devuélvela,return it
reiría,I would laugh
brota,sprouts
yourself,yourself
examinamos,we examine
hogareño,homelike
mejorarán,will improve
simpatizantes,supporters
moz,Moz
traiciono,I betray
durmientes,sleepers
sulfuro,sulfide
solucion,solution
malnacido,bastard
isaiah,Isaiah
mcallister,mcallister
reaccionaría,would react
sl,sl
cv,CV
frye,frye
alcanzaba,reached
mentora,mentor
kush,Kush
atracador,robber
internada,hospitalized
topos,moles
irracionales,irrational
varas,rods
aguardar,wait
pintamos,we paint
lions,lions
acudan,come
apagarse,go out
complacida,pleased
suites,suites
argel,Algiers
bisagras,hinges
rarísimo,very rare
cats,cats
tala,logging
arnaud,Arnaud
merodear,prowl
bájenlo,lower it
optar,opt
exploto,I explode
solly,solly
intoxicado,intoxicated
egos,egos
geek,geek
conseguirles,get them
confucio,Confucius
evolucionaron,evolved
afeitada,shaved
merecéis,You deserve
revisaba,was checking
empapados,soaked
limpiemos,Let's clean
borraron,erased
pertenecido,belonging
codiciosa,greedy
analfabeto,illiterate
mana,manna
ápice,apex
opal,opal
inger,inger
tropieza,stumbles
hokkaido,hokkaido
hipotética,hypothetical
shower,shower
callejeras,streetwalkers
llevadle,take him
alineado,aligned
kriptonita,Kryptonite
inmensos,immense
infestado,infested
desayunamos,We had breakfast
fue-,was-
indicaba,indicated
candados,padlocks
antoinette,Antoinette
.y,.and
inhibiciones,inhibitions
compararse,compare
southern,southern
bongo,bongo drum
trataran,they would try
desarrollamos,we develop
tirarlos,throw them away
apagones,blackouts
probara,will try
implicaría,would imply
artimañas,tricks
néstor,Nestor
atraparle,catch him
arrebatar,snatch
estrenó,premiere
titan,titan
calientan,heat
desplaza,shifts
fracasamos,We failed
campeon,champion
lastimados,injured
pringle,Pringle
envenena,poisons
mija,darling
pelham,pelham
tómalos,take them
requerimientos,requirements
propicio,favorable
tráiganla,bring her
jc,jc
under,under
agarraba,grabbed
tiroides,thyroid
repitió,repeated
ap,ap
ltd,Ltd.
jauría,pack
rollitos,rolls
ivo,ivo
kant,Kant
benéficas,beneficial
devore,devour
atacarlos,attack them
inaugurar,inaugurate
inicié,I started
becerro,calf
nugent,nugent
alejaré,I will move away
pitufos,Smurfs
alteraciones,alterations
avisará,will notify
bend,bend
condé,count
sacadlo,take it out
rumanía,Romania
mordeduras,bites
osgood,osgood
valjean,Valjean
crímen,crime
tenderle,tend to him
pequena,small
pensadores,thinkers
preguntémosle,Let's ask him
simbolo,symbol
postiza,fake
monótono,monotonous
sarta,string
transmitió,transmitted
stace,stace
reservando,booking
beneficiaría,beneficiary
agárrese,Hold on
compatriota,compatriot
desaparecí,I disappeared
llegabas,you were arriving
binario,binary
landis,landis
votaría,I would vote
performance,performance
servirás,you will serve
cumpleañero,birthday boy
flowers,flowers
inalámbrica,wireless
fletch,Fletch
exageradamente,exaggeratedly
childs,childs
syracuse,Syracuse
johannesburgo,Johannesburg
radioactividad,radioactivity
erwin,Erwin
concejales,councilors
paisanos,fellow countrymen
jingle,jingle
creyeran,they believed
neo,neo
filtraciones,leaks
atropellaron,they ran over
sobreviviera,survived
examenes,exams
abracé,I hugged
comprometimos,we committed
huecas,hollow
bronceador,bronzer
levin,Levin
desarrollé,I developed
shark,shark
perspicacia,insight
imperialismo,imperialism
librarás,you will free
kenshin,Kenshin
correteando,running around
hincapié,emphasis
concretos,concrete
zod,zod
ciccio,ciccio
masacrar,massacre
wonka,wonka
apretadas,tight
brasileños,Brazilians
equivocar,to make a mistake
dimensional,dimensional
downs,downs
montaré,I will ride
impostores,impostors
dow,down
acariciando,caressing
estiramiento,stretching
tapando,covering
post-traumático,post-traumatic
beneficiado,beneficiary
carpinteros,carpenters
machine,machine
dislocado,dislocated
reinicio,restart
invitaba,invited
ajetreado,busy
copperfield,Copperfield
beberá,will drink
digámoslo,Let's say it
eviten,avoid
parca,reaper
estacionada,parked
démosles,Let's give them
furcia,whore
flaherty,flaherty
atraigo,I attract
atacad,attack
junte,meeting
pesando,weighing
buscándonos,looking for us
medición,measurement
volteó,turned around
enseñándole,teaching him
intencion,intention
errada,wrong
tash,tash
ventrículo,ventricle
dillinger,dillinger
cantabas,you sang
redundante,redundant
asha,asha
poliéster,polyester
frell,frell
conductas,behaviors
pryor,pryor
seasons,seasons
ahogados,drowned
beowulf,Beowulf
inmaculado,immaculate
derrotarlos,defeat them
digger,digger
bolchevique,Bolshevik
frenchy,Frenchy
conciudadanos,fellow citizens
aleman,German
yeong,yeong
danni,danni
karp,karp
eckhart,Eckhart
bannon,Bannon
lutero,Luther
levantemos,Let us raise
mella,nick
lealtades,loyalties
aulas,classrooms
dejárselo,leave it
progresiva,progressive
aullido,howl
despejados,clear
gorriones,sparrows
nose,I don't know
insististe,you insisted
2do,2nd
sigmund,Sigmund
vestirnos,get dressed
confesarle,confess to him
pijo,preppy
comandar,command
procedamos,Let's proceed
atenderme,attend to me
piquete,picket
fastidiosa,annoying
contenerlo,contain it
selfie,selfie
insatisfecho,dissatisfied
persiana,blind
apreciará,will appreciate
dispararse,shoot
distorsionada,distorted
enfrentándose,facing off
vigilara,would watch
averiguara,find out
subestimas,you underestimate
sister,sister
observadora,observer
second,second
acababas,you were finishing
satan,Satan
insurrección,insurrection
inculpar,incriminate
publicará,will publish
avergonzaría,would embarrass
vigilarte,watch you
stavros,Stavros
recordaras,you will remember
acatar,abide
hab,have
rasputín,Rasputin
tómalas,take them
traicionará,will betray
acompáñenme,come with me
tiraremos,we'll throw
aguantarte,put up with you
fundir,melt
la-,the-
afectara,would affect
utilizaban,they used
lúcida,lucid
puñetas,damn
ahorraría,would save
arrepintió,he regretted
weekly,weekly
invertida,inverted
contabas,you were counting
planearlo,plan it
sagitario,Sagittarius
mudará,will move
quejándote,complaining
nazareno,Nazarene
pedirla,ask for it
multiplicar,multiply
vana,vain
compararlo,compare it
ozu,ozu
sartenes,frying pans
aguardando,waiting
teórica,theoretical
rechazamos,we reject
complemento,complement
oncólogo,oncologist
magneto,magneto
entregarás,you will deliver
venerable,venerable
inyecta,injects
repulsiva,repulsive
cumplirás,you will fulfill
recibidas,received
trillizos,triplets
distribuye,distributes
provincial,provincial
christmas,Christmas
goes,goes
recomendable,advisable
tãº,tãº
inigualable,unparalleled
cardiología,cardiology
tablones,planks
bros,bros
hooker,hooker
retenidos,detained
exiliados,exiles
hawaiano,Hawaiian
moje,wet
seccion,section
confesaré,I will confess
sajones,Saxons
inmobiliarios,real estate
embarcado,embarked
bartholomew,Bartholomew
bombardeando,bombing
erickson,Erikson
cortejando,courting
corrígeme,Correct me
armagedón,Armageddon
minotauro,Minotaur
deshacerlo,undo it
d.b.,d.b.
traza,trace
ravens,Ravens
vigente,current
companía,company
perseguirán,will pursue
exmarido,ex-husband
rescatada,rescued
alejará,will move away
podíais,you could
mecenas,patron
vístase,dress
encargare,I will take care of it
intelectualmente,intellectually
arrancará,will start
dejanos,leave us
raperos,rappers
crie,crie
inunda,floods
irena,Irena
calado,draft
ajustarse,conform
confirmamos,We confirm
acusarán,will accuse
salinas,salt flats
calificados,qualified
parma,Parma
térmico,thermal
farrah,Farrah
jeter,jeter
defiendas,defend
reís,laughs
ejecutarlo,execute it
morderá,will bite
ardía,it was burning
declaré,I declared
buró,bureau
shit,shit
alegran,cheer up
loros,parrots
anotaste,you wrote
mckinney,McKinney
exclusividad,exclusiveness
compraras,you will buy
sentiremos,we will feel
quisquillosa,fussy
barones,barons
boggs,boggs
marcella,Marcella
narciso,daffodil
desición,decision
columpios,swings
abhi,abhi
holy,holy
lebron,LeBron
prometía,It promised
volarlo,fly it
filmaron,they filmed
gritándome,yelling at me
súbeme,lift me up
sostenida,sustained
sissi,Sissi
demostramos,we demonstrated
tweed,tweed
nordeste,northeast
lapiz,pencil
crunch,crunch
bendijo,blessed
desplazado,displaced
parate,stop
transportaba,transported
considerarías,would you consider
én,in
montaste,you rode
temporario,temporary
trouble,trouble
aval,guarantee
enterrarlos,bury them
postmortem,postmortem
mediciones,measurements
excitados,excited
llorará,will cry
arrasó,it swept away
díganlo,Say it
manteneos,stay
alistó,enlisted
referimos,we refer
traci,traci
cargaste,you loaded
cromosomas,chromosomes
yogi,yogi
mosley,Mosley
esconderemos,we will hide
perversos,perverse
seto,hedge
cúanto,how much
asquerosamente,disgustingly
ateos,atheists
pintora,painter
reíste,You laughed
interpretaba,interpreted
sibley,sibley
organizarlo,organize it
tinker,tinker
tragas,swallows
viki,viki
inventes,invent
corner,corner
escarbando,digging
posta,post
inalámbrico,wireless
cójalo,grab it
volga,volga
paola,Paola
niels,Niels
while,while
vengativa,vengeful
entendieras,you would understand
yumi,Yumi
impuso,imposed
voraz,voracious
creerse,believe
pajarillo,little bird
cancún,Cancun
perito,proficient
latía,latía
sostenible,sustainable
flirteo,flirtation
leonor,Leonor
golem,golem
celosas,jealous
llevate,take it
avaricioso,greedy
confiemos,Let's trust
conservarla,preserve it
burr,bur
cochinos,pigs
target,target
salvoconducto,pass
majestuosa,majestic
paños,cloths
rectal,rectal
mohan,Mohan
mudos,mutes
gaspar,Gaspar
southfork,southfork
apellida,surname
reconócelo,Admit it
mcgraw,McGraw
severidad,severity
desafían,they defy
recaudado,collected
agregué,I added
cascanueces,nutcracker
concederme,grant me
establecen,establish
compacto,compact
frac,tails
olvidadas,forgotten
asesine,assassin
espheni,espheni
newt,newt
desnudarme,undress
bájense,get off
cruzaré,I will cross
dyke,dyke
procuraré,I will try
clamidia,chlamydia
modelaje,modeling
ric,ric
dossier,dossier
spirit,spirit
kizzy,Kizzy
laos,Laos
farmacias,pharmacies
heredará,will inherit
menudos,small
caplan,caplan
escogidos,chosen
uri,uri
contarán,they will have
nairobi,Nairobi
ladies,ladies
esparta,Sparta
ivanovich,Ivanovich
votaste,You voted
jb,jb
valoran,value
terrores,terrors
conduciría,would drive
bagel,bagel
tobillera,ankle bracelet
darfur,Darfur
agrio,sour
estacioné,I parked
infórmame,inform me
mugriento,grimy
alimentamos,we feed
suraj,suraj
fírmalo,Sign it
ct,ct
fairbanks,Fairbanks
vivaz,vivacious
iguana,iguana
lone,lone
miserablemente,miserably
prometi,I promised
pue,pue
talonario,book
parpadeando,blinking
dijéramos,let's say
ichabod,Ichabod
artimaña,trick
espiritus,spirits
fastidié,I annoyed
háganle,Do it
lamentaba,regretted
migo,friend
cancelarla,cancel it
sentábamos,we sat
signore,signore
wilshire,Wilshire
fuerces,forces
simbólica,symbolic
deseaban,they wanted
amit,amit
ambiguo,ambiguous
sanado,healed
tetitas,little tits
absorbiendo,absorbing
cotidiano,daily
multinacional,multinational
recompensados,rewarded
miserias,miseries
dirt,dirt
mimí,Mimi
planetaria,planetary
pascual,paschal
disfrazar,disguise
invenciones,inventions
meros,meres
coincidía,it coincided
abundan,they abound
trout,trout
stillman,stillman
curvatura,curvature
chupete,pacifier
dominicana,Dominican Republic
acompáñanos,Join us
moderados,moderate
boden,boden
acabaran,they will end
condujiste,You drove
marimacho,butch
espacioso,spacious
desobedecido,disobeyed
almorcé,I had lunch
practiqué,I practiced
cipriano,Cyprian
hoynes,todays
heroicos,heroic
horneado,baked
cai,I fell
moscada,nutmeg
nociones,notions
diócesis,diocese
pintaron,they painted
fernand,Fernand
solloza,sobs
homicidas,murderers
mp3,mp3
sellers,sellers
antisemita,anti-Semite
lj,lj
estacada,lurch
sondeos,surveys
mullen,Mullen
implican,imply
alisté,I enlisted
dade,dade
leerás,you will read
butaca,armchair
fung,fung
sensacion,sensation
factorial,factorial
marsden,Marsden
electrolitos,electrolytes
ímpetu,momentum
entretiene,entertains
venderás,you will sell
chavala,lass
recomendamos,we recommend
predadores,predators
enterrador,gravedigger
eagles,eagles
cabalgata,ride
wainwright,Wainwright
permitírmelo,allow it
forjada,forged
culinario,culinary
iluminó,illuminated
gritaron,they shouted
acosta,acosta
espuelas,spurs
peleadores,fighters
delores,colors
reemplazarte,replace you
pompa,pomp
adonis,Adonis
telecomunicaciones,telecommunications
traslada,transfers
arriesgarlo,risk it
involucré,I involved
paulino,Pauline
hanuman,Hanuman
anís,anise
cometeré,I will commit
midas,Midas
cervan,Cervan
géneros,genres
disciplinario,disciplinary
operarlo,operate it
supervisa,supervises
pinchó,spike
siri,Siri
circus,circus
suze,Suze
alondra,lark
jayne,Jayne
aceptados,accepted
atmosfera,atmosphere
amplias,wide
dunphy,dunphy
forcé,I forced
salgáis,go out
corales,corals
recomendaré,I will recommend
tachar,cross out
panorámica,panorama
dorsey,Dorsey
nosotros-,us-
setecientos,seven hundred
verbalmente,verbally
pagarés,promissory note
calderilla,small change
complicando,complicating
cubras,cover
autónomo,autonomous
dulles,dulles
mojarse,to get wet
parlotear,chatter
act,act
deslizar,slide
curé,I cured
herirlo,hurt him
párense,stop
pim,pim
teodoro,Theodore
mechas,highlights
palmadas,clapping
chong,chong
dorn,dorn
manjar,delicacy
mariel,Mariel
permanencia,permanence
combatido,fought
detenía,detained
átalo,tie it up
alquilan,rent
prestaron,they lent
averiguan,they find out
apresure,hurry
manzano,apple tree
munni,munni
reconozcas,recognize
bajarán,they will go down
pio,pio
pregúnteselo,Ask him
grange,grange
pausas,pauses
desmaye,faint
negaría,would deny
seduciendo,seducing
mirarán,they will look
omisión,omission
buscare,I will look
utilices,use
apresado,arrested
clavel,carnation
menstruación,menstruation
desaliñado,unkempt
acostumbraré,I will get used to it
mandarlos,send them
sugeriste,you suggested
variante,variant
interferido,interfered
probarlos,try them
alambrada,barbed wire
atmosférica,atmospheric
disentería,dysentery
resalta,highlights
arrojas,throw
lauderdale,Lauderdale
monzón,monsoon
cutis,skin
salmo,psalm
fóllame,fuck me
yasmin,Yasmin
localice,locate
propagar,spread
síguela,follow her
complacerme,please me
informarnos,inform us
procedemos,we proceed
acumulan,accumulate
palancas,levers
obtengamos,Let's get
certificada,certified
paralizante,paralyzing
determinadas,certain
repletos,full
seen,seen
aprobaste,You passed
eróticas,erotic
arrastraba,dragged
arrodillado,kneeling
dimitido,resigned
estampa,stamp
pubs,pubs
condenarlo,condemn him
alley,alley
desconectó,disconnected
atendía,attended
chillido,shriek
whiskys,whiskeys
bailaste,you danced
capturen,capture
eben,eben
energéticas,energy
olerla,smell it
balones,balls
backstage,backstage
vegeta,Vegeta
rastrero,crawling
honradamente,honestly
kwang,kwang
pia,pia
encabezado,heading
zuko,Zuko
kojak,kojak
reproducen,reproduce
northwestern,northwestern
acusarle,accuse him
isaías,Isaiah
detestaba,hated
úrsula,Ursula
prestara,would lend
albornoz,bathrobe
celebre,celebrated
iniciará,will begin
hostilidades,hostilities
kal,kal
interpreté,interpreter
ria,estuary
sé.,HE.
revisara,would review
arrójala,throw it away
explicamos,we explain
cosima,cosima
penalización,penalty
cartelera,billboard
ariane,Ariane
gritándole,yelling at him
furtiva,furtive
gaia,Gaia
verma,verma
turbina,turbine
desolación,desolation
palurdo,hick
obstruir,obstruct
piya,piya
caqui,khaki
mosquete,musket
lamente,regret
adicciones,addictions
actuara,acted
saroyan,saroyan
chupó,sucked
cancelen,cancel
enos,enos
recompensaré,I will reward
caoba,mahogany
evoluciona,evolves
hits,hits
cargues,loads
discúlpennos,excuse us
plebeyos,commoners
willi,willi
contribuye,contributes
obtengas,you get
saheb,saheb
pasador,pin
pequeñitos,tiny
desechado,discarded
traduccion,translation
mays,mays
escoltas,escorts
temerosos,fearful
prescindible,dispensable
gunderson,Gunderson
actuaremos,we will act
volker,volker
shivani,shivani
mile,mile
smoke,smoke
cebras,zebras
identificador,identifier
dublin,Dublin
defina,define
planas,flat
centrémonos,Let's focus
consolación,consolation
morados,purples
comprendan,understand
romperemos,we will break
reúnas,gather
remolcador,tug
cadfael,cadfael
primaveral,spring
permitirles,allow them
cateo,search
inviten,invite
preocupemos,Let's worry
enfrentarás,you will face
era-,was-
waiting,waiting
vomitaste,you vomited
amaron,they loved
electra,electra
tazones,bowls
afable,affable
floreciente,flourishing
bailaban,they danced
costuras,seams
niklaus,Niklaus
chillón,gaudy
requiero,I require
explorado,explored
ergo,Therefore
demuestren,demonstrate
oramos,we pray
letrinas,latrines
desencadenó,triggered
lasalle,La Salle
ayudita,a little help
lindbergh,Lindbergh
junté,I gathered
rem,rem
forzoso,forced
rendiremos,we will surrender
einar,einar
habitante,inhabitant
bluetooth,Bluetooth
fantasmal,ghostly
midori,Midori
machacado,crushed
compite,competes
ferviente,fervent
penitenciario,penitentiary
escéptica,skeptical
reconociendo,recognizing
componen,make up
2a,2a
korea,Korea
caritativa,charitable
sírvele,serve him
descalzos,barefoot
zodíaco,zodiac
augustine,Augustine
enmascarados,masked
inquilina,tenant
cacho,chub
huído,fled
neurología,neurology
conmemorativo,memorial
logren,achieve
alaikum,alaikum
segregación,segregation
deliberada,deliberate
week,week
ícono,icon
soleil,sun
incendiaron,set fire
abernathy,abernathy
chozas,huts
agobiante,oppressive
tracto,tract
intervenciones,interventions
rescaté,rescue
koenig,Koenig
indochina,IndoChina
cilantro,cilantro
ciempiés,centipede
kimi,Kimi
libélula,dragon-fly
mezcles,mixes
pintarlo,paint it
josiah,Josiah
fijando,fixing
ak-47,AK-47
uhura,uhura
molestarán,will bother
viajaban,they were traveling
chata,flat
crepes,crepes
maliciosa,malicious
pretendías,you intended
sobrevivan,survive
cancelados,cancelled
oreo,airing
resbaladiza,slippery
filarmónica,philharmonic
kt,kt
mendez,Mendez
faltes,you are missing
mencionaré,I will mention
pepitas,seeds
viviríamos,we would live
tiernas,tender
fluffy,fluffy
muffins,muffins
respondemos,we respond
pauta,pattern
posesivo,possessive
acamparemos,We will camp
góndola,gondola
tritón,triton
amuletos,amulets
convenciendo,convincing
bigfoot,Bigfoot
aparecieras,you appeared
abbot,abbot
quítenle,take it away
trenza,braid
saab,Saab
marcela,Marcela
lal,lal
br,br
gopal,gopal
tamsin,tamsin
recolectores,harvesters
consideraron,they considered
frédéric,Frederic
acompañarás,you will accompany
devorador,devourer
byun,byun
quitarás,you will remove
pisotear,trample
prometa,promise
yemas,egg yolks
lastimara,would hurt
nader,nader
fashion,fashion
insensata,senseless
latham,latham
aborígenes,Aboriginal people
insensatez,senselessness
organizadores,organizers
tácticos,tactical
shaz,shaz
impedía,prevented
neutro,neutral
merritt,Merritt
brainiac,brainiac
cooperativo,cooperative
siciliano,Sicilian
cuatros,four
emplazamiento,site
firmamento,firmament
tortures,tortures
horne,oven
tiremos,Let's throw
kaoru,Kaoru
cocidos,cooked
pierson,Pierson
administrado,administered
rugir,roar
uk,uk
interviene,intervenes
educaron,educated
phi,phi
desvergonzado,shameless
culpaba,blamed
galaxy,galaxy
cortante,cutting
levantarán,they will raise
nelle,nelle
reconstruyendo,rebuilding
cruzarse,cross
distintiva,distinctive
vulcana,Vulcan
descartamos,we rule out
menea,shakes
persiguiéndome,chasing me
toulouse,Toulouse
múnich,Munich
zafar,escape
sudo,sweat
simbolismo,symbolism
megumi,Megumi
avisan,they warn
naci,I was born
disculpenme,Excuse me
hundieron,they sank
creta,Crete
sueñe,dream
gramófono,gramophone
tocarlas,touch them
telépata,telepath
usuales,usual
hidráulica,hydraulics
olvídame,forget me
cuarzo,quartz
temeré,I will fear
prospera,prospers
panico,panic
koala,koala
fremont,Fremont
yao,yao
frustrados,frustrated
lavabos,sinks
alter,alter
cueros,leathers
establecidas,established
derroche,waste
valera,Valera
chistosa,funny
viajaré,I will travel
encenderla,turn it on
renzo,Renzo
máster,master
semblante,face
evolucionó,evolved
iguala,equals
guisante,pea
significativos,significant
prendieron,they lit
concédeme,grant me
púa,plectrum
distingo,I distinguish
tacho,trash can
observándote,watching you
raptar,kidnap
planto,plant
kimura,kimura
mofeta,skunk
capi,capi
solucionamos,we solve
letrado,lawyer
sospecharía,would suspect
maitland,Maitland
abrazan,embrace
aries,Aries
conyugales,marital
colocarme,place me
cámbialo,change it
pussy,pussy
rachid,rachid
pleasant,pleasant
damita,little lady
opie,opie
dima,dima
effie,effie
ahogan,drown
trastero,storage room
remontan,they rise
ite,ite
dil,dil
quédeselo,Keep it
calloway,Calloway
sets,sets
malachi,malachi
almendra,almond
propusiste,you proposed
ofendes,You offend
rescatarlos,rescue them
venciste,You won
dinares,dinars
taquillas,ticket booths
obeso,obese
leticia,Leticia
zarpó,set sail
quimby,quimby
ingram,ingram
mahi,mahi
cupo,quota
contactaron,contacted
hermético,airtight
prudentes,prudent
acostumbrará,will get used to
munson,munson
shopping,shopping
j.c.,j.c.
ronin,ronin
partamos,Let's begin
quirúrgicamente,surgically
bluth,Bluth
entreguemos,Let's deliver
easton,easton
antón,Anton
motivaciones,motivations
colar,strain
órden,order
ramita,twig
esquiando,skiing
pestañear,blink
réplicas,replicas
recompensada,rewarded
clandestinas,clandestine
encierre,enclose
acostara,would go to bed
espiarme,spy on me
stryker,Stryker
kei,kei
tumbos,tumbles
silverman,silverman
aterrizaron,landed
brit,British
preocupaban,worried
jhon,John
asistida,assisted
minerva,Minerva
cambiarlas,change them
demuestro,I demonstrate
running,running
sandrine,Sandrine
representada,represented
infecta,infects
tormentos,torments
hang,hang
shinichi,Shinichi
reunámonos,Let's meet
emborracho,drunk
inteligentemente,intelligently
por-,by-
quer,quer
avanzó,advanced
elegantemente,stylishly
sacare,I will take out
burlo,mockery
acuática,aquatic
reconoceré,I will recognize
fumaste,Did you smoke?
tabernas,taverns
damián,Damian
laureles,laurels
rainey,Rainey
ziegler,Ziegler
culminante,culminating
tétanos,tetanus
giants,giants
crían,breed
objetivamente,objectively
oficios,trades
filmarlo,film it
sobrevivencia,survival
shizuko,shizuko
poniéndole,putting it
edwina,Edwina
jeffersonian,Jeffersonian
distrajo,distracted
zander,Zander
rockear,rock
cantarán,they will sing
cogerse,to grab
garrow,garrow
myself,myself
decirlas,tell them
exprese,express
probaba,I was trying
charcos,puddles
originalidad,originality
apreciarlo,appreciate it
noqueó,knocked out
venirme,come
acosada,harassed
brevedad,brevity
ventrílocuo,ventriloquist
escucharan,they would listen
pegajosos,sticky
desdicha,misery
incluyo,I include
admitida,admitted
comprobaciones,checks
fusilar,shoot
llévesela,Take it away
sonreído,smiling
llamarada,flare
especializados,specialized
duh,duh
retardados,retarded
cuac,quack
sulfúrico,sulfuric
actuaré,I will act
mater,mater
supersticiosa,superstitious
rabiosos,rabid
chocaste,you crashed
mutilados,mutilated
atreverse,dare
incursiones,raids
clausura,closing
preguntármelo,ask me
percibido,perceived
card,card
cautivado,captivated
piro,fire
permaneceré,I will remain
alcanzarán,will reach
compartimentos,compartments
empeñó,endeavor
carmín,carmine
hindenburg,Hindenburg
habichuelas,beans
mentirles,lie to them
cami,cami
describes,describe
quedese,stay
alegrarse,rejoice
húngara,Hungarian
constructivo,constructive
regadera,watering can
victory,victory
cut,cut
espermatozoides,sperm
priest,priest
suicidaría,suicide
anestesista,anesthetist
controladores,controllers
ofrecernos,offer us
regalarte,gift you
nils,nils
dumbo,Dumbo
otorgar,grant
petaca,flask
derrotarme,defeat me
oncología,oncology
visitaremos,we will visit
cambiados,changed
armitage,Armitage
akash,akash
admitiría,would admit
asesinarla,kill her
baldes,buckets
aprovecharé,I will take advantage
tópico,topic
compórtense,behave
cesped,grass
graeme,graeme
derrumbando,collapsing
dormidas,asleep
prestamistas,lenders
bravucón,bully
strand,strand
provocaría,would cause
sintamos,let's feel
aplauden,They applaud
ucraniano,Ukrainian
fabricada,manufactured
gro,gro
montmartre,Montmartre
chupavergas,suckers
yellowstone,Yellowstone
mirarás,you will look
guiarlos,guide them
silencios,silences
antiterrorista,counterterrorism
pacificador,pacifier
aflige,afflicts
exhaustivo,comprehensive
programé,I programmed
escaparates,shop windows
péndulo,pendulum
bliss,bliss
robespierre,Robespierre
lawton,Lawton
recolector,collector
pot,pot
dewitt,dewitt
marigold,marigold
sospechando,suspecting
mantenida,maintained
cuña,cradle
reclutaron,recruited
extractos,extracts
camarotes,cabins
comprensivos,understanding
decentemente,decently
mcpherson,McPherson
jiménez,Jimenez
piccadilly,Piccadilly
diplomas,diplomas
decírselos,tell them
contraído,contracted
dejasteis,you left
evers,evers
bigelow,Bigelow
alberta,Alberta
sonaría,would sound
excuse,excuse
emana,emanates
engañándome,deceiving me
gifford,Gifford
relincho,whinny
armamos,we armed
comprarías,would you buy
soportará,will withstand
dior,dior
catarella,catarella
papaya,papaya
mereciera,deserved
lujosos,luxurious
ligados,linked
cabría,would fit
torrance,Torrance
simons,Simons
oates,oates
rómpelo,break it
balbuceando,babbling
bangladesh,Bangladesh
diadema,diadem
finlandés,Finnish
necesitabamos,we needed
aeronaves,aircraft
takeshi,Takeshi
suministra,supplies
hunos,Huns
pasáis,you pass
barksdale,Barksdale
provocador,provocative
sentirían,would feel
arlen,Arlen
parejo,equal
mcgovern,McGovern
fianzas,bail
frenética,frantic
written,written
engañarlos,deceive them
bazofia,swill
desgastado,worn out
magna,magna
jacko,Jacko
reverencias,bows
paterno,paternal
lanzaremos,we will launch
expulsan,expel
identifican,identify
estirando,stretching
langdon,Langdon
cultivado,cultivated
coloso,colossus
maestre,master
mortadela,mortadella
amore,love
teorema,theorem
alimenticio,food
erosión,erosion
rajado,riven
tomie,Tomie
lnspector,Inspector
erróneas,erroneous
ezekiel,Ezekiel
barrie,Barrie
flashes,flashes
leonie,Leonie
honramos,we honor
corrías,you ran
grapas,staples
agradeció,thanked
tráemela,Bring it to me
depilación,hair removal
suki,suki
sumiso,submissive
comprometa,commit
desperdicias,you waste
krissi,Krissi
pow,pow
capitol,capitol
saracen,Saracen
mir,look
elevadores,elevators
ofendo,offend
descubiertas,discovered
peculiares,peculiar
vándalo,vandal
estudiosos,scholars
eficaces,effective
patearon,they kicked
nissan,Nissan
vail,vail
norcoreanos,North Koreans
didier,Didier
enfrentémoslo,Let's face it
emergente,emergent
comporto,I behave
legítimamente,rightfully
tribuno,tribune
vincular,link
catolicismo,Catholicism
telenovelas,soap operas
pistacho,pistachio
indecisos,undecided
win,win
permanecieron,remained
boots,boots
conecté,I connected
suspirar,sigh
extrañó,strange
retar,challenge
dármela,give it to me
progresa,progresses
exnovia,ex-girlfriend
viña,vineyard
reportándose,reporting
babuino,baboon
constituyen,constitute
rescataron,rescued
convenía,it was convenient
doreau,Doreau
llorabas,you were crying
tararea,hums
tienta,probe
acercaría,would bring closer
pepita,nugget
confundieron,they confused
katerina,Katerina
dudan,doubt
srt,srt
neutralidad,neutrality
soñabas,you dreamed
olvidare,I will forget
subirás,you will go up
colgarte,hang up
empaquen,pack
íntegro,full
lenguado,sole
devueltos,returned
rosadas,pink
costosos,expensive
gastados,worn out
firewall,firewall
rabieta,huff
atendí,I attended
donkey,donkey
ikea,ikea
esparció,scattered
curen,cure
fijen,fix
sacudidas,jerks
fregado,scrub
hyeon,hyeon
clement,Clement
signora,signora
horaria,schedule
permanecía,remained
aceptaras,will you accept
asì,So
gunner,gunner
invertimos,we invest
quemarte,burn you
mixtas,mixed
competentes,competent
escaparía,would escape
manifestar,manifest
nyssa,Nyssa
expiar,atone
escribi,I wrote
mayflower,Mayflower
drogando,drugging
biológicamente,biologically
vengamos,Let's come
fruncido,pucker
det,det
sobresalientes,outstanding
roncar,snore
refugiarse,take refuge
pinceles,brushes
net,net
mandarina,tangerine
vincula,links
eliminatorias,qualifying rounds
paguemos,Let's pay
letty,Letty
métele,put it in
lilah,lilah
corps,corps
masao,masao
galos,Gauls
incluyéndote,including you
descienden,descend
noquear,knockout
precaria,precarious
rhade,rhade
aguantaría,would hold up
empezaras,you will begin
prisioneras,prisoners
monti,Monti
alia,alia
pocahontas,Pocahontas
plantaste,you planted
susanne,Susanne
denomina,called
portaba,carried
repetirme,repeat to me
recibi,I received
mystery,mystery
hutchinson,Hutchinson
nietzscheanos,Nietzscheans
habas,broad beans
colocarte,place yourself
destruirás,you will destroy
damn,damn
grapadora,stapler
inquietantes,disturbing
rosina,Rosina
straker,straker
leviatán,leviathan
retardada,delayed
evitarle,avoid him
espresso,espresso
sotana,cassock
sanford,Sanford
looks,looks
bunch,bunch
estampilla,stamp
pueblerino,village
hogueras,bonfires
acosó,harassment
reade,reade
kanye,kanye
seg,sec
saltara,jump
fumó,smoked
toole,tool
wynn,wynn
aprendiera,I learned
fregando,scrubbing
kol,kol
dividirlo,divide it
retirara,withdraw
centre,center
bra,bra
yukiko,yukiko
tendriamos,we would have
maltratada,abused
comunitarios,community
lisiados,disabled
eliminan,eliminate
inge,inge
lovely,lovely
deportados,deportees
revoloteando,fluttering
moriréis,you will die
salman,Salman
coordinado,coordinated
directrices,guidelines
cale,cale
comprobaste,did you check
gal,gal
leach,leach
expiación,atonement
orcos,orcs
fema,fema
centralita,switchboard
shinigami,shinigami
enferme,sick
aclaro,I clarify
johansson,Johansson
cráteres,craters
negociante,dealer
brincar,jump
pitbull,pitbull
elia,Elia
acusador,accuser
revivirlo,revive it
sellen,seal
prometeme,promise me
denominador,denominator
devolvernos,return us
unh,unh
matad,kill
plantados,planted
victoriosos,victorious
yak,yak
dumbledore,dumbledore
depués,afterwards
adoptamos,we adopt
tupac,Tupac
entrase,enter
beckman,Beckman
gypsy,gypsy
amazon,Amazon
laves,keys
discutí,I argued
ahijada,goddaughter
dispensador,dispenser
tirándose,throwing
emocioné,I was moved
alquilando,renting
botó,button
avergonzaba,embarrassing
cautelosos,cautious
adivinarás,you'll guess
vencimos,We won
aline,aline
tabitha,Tabitha
prosigue,continues
estafadora,con artist
bebían,They drank
derrita,melt
diagramas,diagrams
angels,angels
superados,overcome
larabee,larabee
complican,complicate
deprimidos,depressed
perico,parakeet
encantadas,delighted
elijamos,Let's choose
fáseres,phasers
lyra,lyra
telefonista,operator
tigger,Tiger
subestime,underestimate
trabas,obstacles
holgazanear,laze
inestimable,invaluable
tarros,jars
implicaba,implied
trev,trev
mozzarella,mozzarella
renunciamos,we resigned
místicos,mystics
júrame,swear to me
mica,mica
yens,yen
clavando,nailing
tar,tar
empeña,pawns
foot,foot
ayla,Ayla
legisladores,legislators
filosófica,philosophical
simulado,simulated
triciclo,tricycle
trotar,trot
rechaces,reject
llorones,crybabies
acompañando,accompanying
incordio,nuisance
gannon,Gannon
estaño,tin
resbalado,slipped
s.s.,H.H.
kee,kee
glamorosa,glamorous
snowden,Snowden
confidencia,confidence
spud,spud
ummm,ummm
apestando,stinking
listen,Listen
fontana,fountain
nro,number
ahab,ahab
gotera,leak
dorota,Dorota
bahia,bay
atónito,amazed
destrozan,destroy
dancer,dancer
lahore,Lahore
conocedor,connoisseur
neutrales,neutrals
vesubio,Vesuvius
sobrevolando,flying over
ojeras,baggy eyes
semper,always
franjas,stripes
inconfundible,unmistakable
desempleada,unemployed
cartones,cardboard boxes
fenwick,Fenwick
sdi,sdi
susy,susy
salmones,salmon
vichy,vichy
urano,Uranus
misisipi,Mississippi
culparlos,blame them
lavamos,we wash
trasladan,transfer
chief,chief
aburrí,I was bored
periodicos,newspapers
cuidadores,caregivers
sonámbula,sleepwalker
prólogo,prologue
billeteras,wallets
explícito,explicit
acabaras,you'll end up
hilera,row
omi,omi
asegurándome,making sure
lev,lev
valdez,Valdez
mínimas,minimums
balthazar,Balthazar
cr,cr
usándolo,using it
chiu,chiu
vendernos,sell us
fallecieron,died
agotadora,exhausting
perjuicio,damage
gruñir,snarl
colarme,sneak in
adiosito,Goodbye
hikaru,hikaru
aparten,stand aside
bajate,get off
tetsu,Tetsu
wish,wish
comenzarás,you will begin
comportarnos,behave
cóndor,condor
abordado,addressed
mullins,Mullins
foo,foo
aviar,avian
descansamos,we rest
acostados,lying down
dignas,worthy
hacedme,make me
tancredi,tancredi
jajaja,ha ha ha
opus,opus
retrocedamos,Let's back up
intel,intel
margene,margin
mentirías,You would lie.
costarle,cost him
stanis,Stanis
visas,visas
suicidara,suicide
dificilmente,hardly
ansía,craving
hache,h
cobrarle,charge him
pagarlas,pay them
infernales,infernal
paseamos,we went for a walk
distraeré,I will distract
thom,thom
culinaria,culinary
impecables,impeccable
pliegue,fold
avisara,would warn
asaltando,assaulting
televisiva,television
farr,farr
culebra,snake
impresionarla,impress her
shim,shim
halloran,find
porfa,please
asignará,will assign
henson,henson
alimentarme,feed me
abofetear,slap
sentate,sit down
níquel,nickel
pónganle,put it
antidrogas,anti-drug
impersonal,impersonal
trasladamos,we moved
akiyama,akiyama
drogarte,get high
cotilla,gossip
ballantine,Ballantine
seward,Seward
comunicados,press releases
rebaños,flocks
captores,captors
zhen,Zhen
masacres,massacres
provoqué,I provoked
nalga,buttock
involucraste,you got involved
dispuso,arranged
desarme,disarmament
streisand,Streisand
benevolente,benevolent
abilene,abilene
mallorca,Majorca
affair,affair
gunvald,gunvald
diagonal,diagonal
batallones,battalions
retrasará,will delay
movería,would move
agárrame,hold me
turkey,Turkey
harv,harv
obscenidades,obscenities
enfatizar,emphasize
ojiva,ogive
graff,graff
hortense,gardener
sobornarme,bribe me
holbrook,Holbrook
superpoder,superpower
gio,gio
gritarte,yelling at you
adhesivo,adhesive
admiras,admire
encerrarla,lock her up
gamba,prawn
voluntariado,volunteering
acompañados,accompanied
planchado,ironing
delanteros,forwards
vii,vii
driver,driver
colorear,color
dirigiremos,we will direct
callense,be quiet
pececito,little fish
destapar,uncover
poseemos,we possess
colocaste,you placed
contribuyó,contributed
procesa,processes
aptos,suitable
reclamó,he claimed
exuberante,exuberant
medioambiental,environmental
pídelo,ask for it
encantaron,they loved
ignoraste,you ignored
lounge,lounge
hallaba,found
acp,ACP
asegurándose,making sure
boicot,boycott
frotando,rubbing
estoy-,I'm-
ems,ems
manualidades,crafts
fornido,husky
estabilizador,stabilizer
kirkland,Kirkland
save,save
heard,heard
silicio,silicon
tesorería,treasury
reemplazos,replacements
conglomerado,conglomerate
atrápenla,Catch her
visir,vizier
tallos,stems
decapitación,decapitation
u.s.a.,U.S.A.
incinerado,incinerated
olmo,elm
escondan,hide
intimidarme,intimidate me
trompas,fallopian tubes
traere,I will bring
impactar,impact
financiando,financing
goodbye,Goodbye
nzt,nzt
limpiara,clean
cordel,string
neoyorquino,New Yorker
publicando,publishing
pcp,PCP
prestaría,would lend
losa,slab
sarita,Sarita
diurno,day
permitís,you allow
mauro,Mauro
enterraremos,we will bury
convencerles,convince them
cce,cce
cheers,cheers
disimula,disguise
chillidos,shrieking
rodeen,surround
perdonarán,will forgive
comprendería,would understand
rube,rube
jafar,Jafar
honduras,Honduras
beckham,Beckham
agotaron,they ran out
significaban,meant
elegirías,would you choose
súbito,sudden
esperándolos,waiting for them
savitar,savitar
rellene,fill
añades,you add
alga,alga
atacaran,they will attack
agostino,Augustine
balancear,swing
aceptemos,Let's accept
riverdale,Riverdale
fundida,melted
aprobados,approved
ajusten,adjust
pelirrojas,redheads
abandonarás,you will abandon
andersson,Anderson
desactivada,deactivated
persuasiva,persuasive
bloc,pad
aferras,you cling
deten,stop
pegaban,they hit
investigues,investigate
posavasos,coasters
saba,saba
jonrón,home run
deducido,deduced
acelerada,accelerated
contare,I will tell
draco,draco
cansar,tire
deeds,deeds
contratara,would hire
hickok,hickok
harrow,harrow
majid,Majid
despliega,unfolds
faltara,missing
ejecutaron,executed
insistieron,they insisted
ferozmente,fiercely
demandarte,sue you
ter,ter
desorientada,disoriented
brebaje,potion
clemens,clemens
desearlo,wish it
roza,grazes
mcleod,McLeod
shaft,shaft
comías,you ate
emitida,issued
fisica,physics
incrementando,increasing
frey,frey
rien,rien
marcaste,you marked
pretensión,claim
mayhew,mayhew
explicaste,you explained
cristalina,crystalline
reemplazada,replaced
abofeteó,slapped
reaccionará,will react
choo,choo
minifalda,mini skirt
tombstone,tombstone
gacy,Gacy
impotentes,powerless
despertaría,would wake up
núcleos,nuclei
escabulló,slipped away
evitarla,avoid it
pavadas,nonsense
biliar,bile
interroga,questions
souza,souza
worry,worry
juraron,they swore
odió,hate
anand,anand
peldaño,step
médici,medics
desestimar,reject
bolsitas,little bags
biggie,Biggie
peligra,is in danger
sussex,Sussex
ayúdenlo,help him
ninfa,nymph
curo,I cure
conga,conga
descerebrado,brainless
llamémoslo,Let's call it
yep,Yep
jerusalem,Jerusalem
naz,naz
ocultarle,hide it
remolques,trailers
investigaron,they investigated
síntesis,synthesis
atwater,atwater
grundy,Grundy
dividiendo,dividing
conseguiríamos,we would get
mosquetero,musketeer
descabellada,far-fetched
bassam,bassam
religion,religion
singleton,singleton
desocupado,unoccupied
sacármelo,take it out
mencionara,I would mention
carente,lacking
despertarle,wake him up
contratarla,hire her
sucederle,happen to
desarmada,unarmed
trager,swallower
culpepper,culpepper
juarez,Juarez
huesped,guest
ahogas,drown
contradecir,contradict
randal,randal
adelantarnos,get ahead
modestamente,modestly
alisha,alisha
gorka,Gorka
rechazaría,would reject
fear,fear
inducción,induction
analizó,analyzed
artísticos,artistic
psiquiátricos,psychiatric
crimea,Crimea
operarse,to operate
sheikh,sheikh
jano,Janus
veintiséis,twenty-six
caspa,dandruff
reclutador,recruiter
aceptarían,would accept
empeoran,worsen
deshechos,waste
vulgaridad,vulgarity
verticales,vertical
saskia,Saskia
serà,it will be
imaginativo,imaginative
arruinarle,ruin him
pastrami,pastrami
desconfía,be suspicious
evitarse,avoid
rhett,rhett
dejate,let yourself
dorset,Dorset
stillson,stillson
malhumorada,grumpy
caducado,lapsed
alberca,swimming pool
bufé,buffet
guevara,Guevara
bardo,bard
fichar,file
assad,assad
tecnológicos,technological
gratuitamente,free of charge
diviertete,have fun
registrarlo,register it
súbanlo,upload it
knights,knights
aterricé,I landed
ranvir,ranvir
perfumado,scented
perturbadora,disturbing
delator,informer
llegadas,Arrivals
karine,Karine
destrozaré,I will destroy
revere,revere
jodernos,fuck us
supernatural,supernatural
fotocopia,photocopy
festiva,festive
breeland,Breeland
aseguraría,would assure
competiciones,competitions
sota,jack
efectividad,effectiveness
exigencia,requirement
aborten,abort
deuce,deuce
caballa,mackerel
múdate,move
blackpool,Blackpool
hatcher,hatcher
carcasa,casing
yoshi,Yoshi
senderismo,hiking
ridgeway,Ridgeway
atacaba,attacked
nacionalistas,nationalists
motivada,motivated
legitimidad,legitimacy
ataré,I will tie
paraban,they stopped
escapemos,Let's escape
inmovilizado,immobilized
bradbury,Bradbury
sono,sound
idealismo,idealism
grafiti,graffiti
château,château
pretenda,intend
impala,impala
atacarte,attack you
artesanal,handcrafted
tientas,you grope
desarrolle,develop
transmitida,transmitted
sátira,satire
chorreando,dripping
angulo,angle
recuperados,recovered
asn,donkey
pensativo,thoughtful
esponjoso,spongy
deflector,deflector
emborrachado,drunk
coquetea,flirts
fisgoneando,snooping
entretenerme,to entertain myself
disteis,you gave
vira,welt
doors,doors
cancelando,cancelling
bruscos,abrupt
pícara,rogue
relajo,relaxation
espartanos,Spartans
muecas,grimaces
mifflin,Mifflin
carencia,lack
check,check
skupin,skupin
emita,issue
turnbull,Turnbull
fanfarroneando,boasting
recorren,they travel
olió,smelled
wake,wake
empeores,worse
apuestan,bet
elegidas,chosen
pesto,pesto
humanoides,humanoids
checos,Czechs
golpecito,tap
semántica,semantics
volkoff,volkoff
escuchada,heard
filosófico,philosophical
visualización,display
schumann,Schumann
fierro,iron
inútilmente,uselessly
acusen,accuse
lesley,lesley
sapphire,sapphire
esquís,skis
leda,Leda
porcentajes,percentages
glotón,glutton
prospecto,prospect
irrumpe,bursts in
permitirían,would allow
terminaran,they will end
codificada,coded
cremoso,creamy
rim,rim
grodd,grodd
acompañarán,will accompany
agradecimientos,acknowledgments
subirle,turn it up
divulgación,divulgation
flotas,fleets
suez,Suez
recuperaría,would recover
chuckie,Chuckie
armazón,frame
salvadores,saviors
prototipos,prototypes
apoyaría,would support
sutilezas,subtleties
mojó,wet
grazia,grazia
asocia,associates
yum,yum
luthorcorp,Luthorcorp
compliques,complicate
higo,fig
mejicana,Mexican
veintinueve,twenty-nine
púlpito,pulpit
felton,felton
vigoroso,vigorous
petrificado,petrified
macleish,Macleish
arribo,arrival
coso,arena
rojizo,reddish
pirañas,piranhas
acostumbran,they usually
dònde,where
designada,designated
subidas,rises
tally,tally
breaking,breaking
afiches,posters
dotados,gifted
canoas,canoes
milicias,militias
humillaciones,humiliations
mylene,Mylene
macpherson,Macpherson
absurdos,absurdities
mezcle,mix
estrofa,stanza
vencimiento,maturity
implique,implies
obscenas,obscene
abhay,abhay
match,match
invadida,invaded
dominus,dominus
lanzarla,launch it
venceré,I will win
llevéis,take
chupada,drag
empaquetado,packaging
largan,they release
interrumpes,interrupt
aryan,Aryan
bebiera,drank
anhelaba,longed
guíame,guide me
guiarme,guide me
step,step
hiriente,hurtful
fertilizantes,fertilizers
urinario,urinary
identifiqué,I identified
moines,Moines
spider-man,Spider-Man
desventajas,disadvantages
concordancia,agreement
bridger,bridger
divorciarnos,divorce
wylie,wylie
comprarles,buy them
apophis,apophis
radford,Radford
confidencialmente,confidentially
garak,garak
siguiéndonos,following us
gigantescas,gigantic
jinx,jinx
kiwi,kiwi
pregúnteme,ask me
hackeó,hacked
cordy,cordy
raptaron,kidnapped
joderlo,fuck it
regale,give away
diligente,diligent
sumisa,submissive
imitadores,imitators
estropeaste,you ruined
hair,hair
apatía,apathy
viole,rape
destrozará,will destroy
reddy,reddy
montoya,Montoya
disculpando,apologizing
reconocerla,recognize it
parloteando,chattering
junction,junction
savi,savi
afinar,tune
bladegun,bladegun
fatah,fatah
bonner,Bonner
fragata,frigate
provo,provo
regordete,chubby
alistado,enlisted
lámina,leaf
rajar,crack
alimentada,fed
linchamiento,lynching
ventilar,ventilate
aborta,aborts
pensase,I thought
alive,alive
legislatura,legislature
croissant,croissant
volarte,fly you
pijamada,sleepover
wilton,Wilton
estricnina,strychnine
plantamos,we plant
afectuosa,affectionate
draft,draft
lace,lace
sicarios,hitmen
reprobar,fail
cuadrícula,grid
organizaste,you organized
cartier,Cartier
fink,fink
riñas,fights
meeks,meeks
tullido,cripple
senna,senna
enamorara,would fall in love
kiran,Kiran
patinador,skater
huiría,I would flee
castigaron,punished
quitaras,you will remove
conosco,I know
dictadores,dictators
fornicar,fornicate
tribeca,tribeca
soren,soren
precipites,precipitate
llaga,sore
evitemos,Let's avoid
sigáis,continue
subcomité,subcommittee
pergaminos,parchments
entrenaba,he trained
ludlow,Ludlow
oboe,oboe
wanted,wanted
packer,packer
avanzaba,advanced
cesen,cease
beyonce,Beyoncé
cedro,cedar
sabria,would know
cosgrove,cosgrove
meneo,wag
arme,arm
corredora,runner
recibirte,to receive you
hrs,hrs
pequeñajo,little one
compares,compares
correlación,correlation
cometiera,committed
enloquecida,driven mad
chacales,jackals
interfieren,interfere
pelícano,pelican
conmemoración,commemoration
cordillera,Cordillera
esfuerzan,they strive
agresivamente,aggressively
celestine,Celestine
centígrados,Celsius
purpurina,glitter
colocadas,placed
cavaliere,cavaliere
chungo,dodgy
comprobemos,Let's check
integrar,integrate
sè,HE
mísero,wretched
reunían,they gathered
alerones,spoilers
demore,delay
enciéndela,Turn it on
exhibicionista,exhibitionist
garete,drift
hakan,hakan
inerte,inert
somete,submits
forzadas,forced
contingente,quota
largué,I left
pulpa,pulp
fisuras,cracks
younger,younger
joana,Joana
confiabas,you trusted
azafrán,saffron
organizadora,organizer
delataste,you betrayed
economista,economist
sables,sabers
hervida,boiled
calista,calista
transportan,transport
robaban,they were stealing
compare,compare
abreviatura,abbreviation
narcisse,narcisse
desestimado,dismissed
detalladamente,in detail
asumamos,Let's assume
necesitaran,they would need
capote,cloak
feeling,feeling
costal,costal
calmémonos,Let's calm down
champ,champ
sacame,get me out
estériles,sterile
dédalo,labyrinth
spade,spade
usté,you
gustarles,to like
condecoración,decoration
leonora,Leonora
sputnik,sputnik
dam,dam
indoloro,painless
asados,roasts
barritas,bars
empanada,pie
kárate,karate
tzu,Tzu
r.j.,r.j.
cocción,cooking
acabase,ended
presentarla,present it
intentarías,would you try
colbert,Colbert
hobbies,hobbies
parnell,parnell
brogan,brogan
sangró,bled
edouard,Edouard
chivatazo,tip
manejable,manageable
anotarlo,write it down
lloraban,They were crying
indirectas,indirect
sabes-,You know-
sanando,healing
astilleros,shipyards
elocuencia,eloquence
finlay,finlay
verificaré,I will check
televisivo,television
milano,Milan
maldades,evils
pararas,pararas
cates,cates
mesilla,side table
descargada,downloaded
gustosamente,gladly
pastora,shepherdess
cum,cum
codificación,coding
restan,remain
libertino,libertine
kyu,kyu
trasladada,transferred
abandonarnos,abandon us
destrozaría,would destroy
juntemos,Let's get together
transparentes,transparent
mom,mom
desiree,desiree
acostaron,They went to bed
plegable,folding
midland,midland
fastidie,annoy
absorto,absorbed
bobinas,coils
80ff80,80ff80
pudran,rot
selecciona,select
cocinamos,we cook
poderío,power
fúnebres,funerals
mezclamos,we mix
paper,paper
considerarme,consider me
tremendos,tremendous
bocanada,puff
malmö,Malmö
contactarla,contact her
ichigo,Ichigo
dilaurentis,dilaurentis
hazzard,Hazzard
pemberton,Pemberton
perchero,rack
casí,almost
pinchada,punctured
hola.,hello.
permaneces,you remain
triángulos,triangles
ginseng,ginseng
palme,palm
cariñosamente,lovingly
ingerir,ingest
pruitt,pruitt
sustituya,replace
ajetreo,hustle
ramillete,bouquet
horrorizada,horrified
despediría,would fire
nostros,we
abejorro,bumblebee
pandas,pandas
motorista,motorcyclist
fronterizo,frontier
trópico,tropic
anatoly,anatoly
carlin,carlin
enigma132000,enigma132000
navegamos,we sail
transformaron,transformed
hula,hula
hispanos,Hispanics
chapado,plated
heavens,heavens
nyu,nyu
lay,lay
uh-,uh-
quigley,Quigley
elementales,elementals
obliguen,force
saquémoslo,Let's take it out
oli,olive oil
realizo,I perform
habríais,you would have
ontario,Ontario
tráete,bring
devorando,devouring
ascendencia,ancestry
prestará,will lend
sacadle,take him out
princess,princess
comparas,compare
arboleda,grove
tártaro,tartar
cancelaste,you cancelled
muñoz,Muñoz
renombrado,renowned
comérselo,eat it
finaliza,ends
clama,cries
arrakis,Arrakis
troi,troi
puntualmente,promptly
revisarla,review it
filmé,film
señale,point
discrepancia,discrepancy
motivados,motivated
pagana,pagan
tejos,yews
misaki,misaki
planilla,form
ismael,Ismael
autentica,authentic
desperdicié,I wasted
nueves,nines
viet,Vietnamese
hidráulico,hydraulic
cumberland,Cumberland
mostrártelo,show it to you
acordaría,would agree
especialización,specialization
orangután,orangutan
güisqui,whiskey
permiteme,allow me
calentita,warm
patriótica,patriotic
matarles,kill them
devi,devi
preocuparemos,we will worry
emborrachamos,we got drunk
farsantes,frauds
pied,foot
leung,leung
asigna,assigns
sleepy,sleepy
born,born
uniones,unions
cooke,cooke
nine,nine
candidatas,candidates
havisham,havisham
catastrófica,catastrophic
puzle,puzzle
titiritero,puppeteer
demoraste,you delayed
tran,tran
renunciara,resigned
hundida,sunken
clanton,clanton
ficticios,fictional
norteamericanas,North Americans
abrirnos,open up
verifiquen,verify
pupilo,ward
sirvas,serve
spanky,spanky
deshonesta,dishonest
doherty,doherty
unificación,unification
mcconnell,McConnell
circulan,circulate
iniciativas,initiatives
intervenga,intervene
promocional,promotional
disneyland,Disneyland
ofrecimos,we offered
acudiste,you attended
eyaculación,ejaculation
quedártela,Keep it
tallahassee,Tallahassee
3-d,3-d
rechazarla,reject it
masturbarte,masturbate
concedes,you grant
trol,troll
disfrutarla,enjoy it
conectarte,connect
estuvierais,you were
mandrágora,mandrake
gator,gator
advertimos,we warn
bebedores,drinkers
dizzy,dizzy
crores,crores
intachable,impeccable
fanta,Fanta
envíala,send it
geraldo,Gerald
moqueta,carpet
silk,silk
asienta,settles
ignorada,ignored
murmurar,murmur
desai,desai
za,za
quebrantar,break
lidiamos,we deal
arañó,scratched
quedabas,you remained
revolcón,roll in the hay
crées,do you think
buscándolos,looking for them
serviremos,we will serve
óleo,oil
navarra,Navarre
mordaz,scathing
candela,candle
kisha,kisha
bidón,drum
decidio,decided
orto,ortho
adinerada,wealthy
pelmazo,bore
desfilando,marching
rubor,blush
persuadido,persuaded
confeti,confetti
herraduras,horseshoes
precipitadamente,hastily
condicion,condition
vegano,vegan
resfriada,cold
presentarás,you will present
desconectados,disconnected
centenario,centenary
entrometerte,meddle
comprarán,they will buy
llévaselo,Take it to him
chúpamela,suck my dick
estarte,to be with you
gafe,jinx
cubs,cubs
élla,she
desmayada,fainted
burra,donkey
root,root
siento.,I feel.
inflado,inflated
perseguiré,I will pursue
divinamente,divinely
estasis,stasis
mahler,Mahler
ratero,pickpocket
weather,weather
aligerar,lighten
atasca,jams
soltarse,loosen
costosas,expensive
rendiste,you surrendered
s2,s2
murder,murder
echémosle,Let's throw it
rociar,spray
extendía,extended
pospuesto,postponed
jeannette,Jeannette
bombardean,bombard
vigilándome,watching me
asesinarte,kill you
zanjas,ditches
lideró,led
whitfield,Whitfield
toshio,Toshio
compañias,companies
ingeniera,engineer
matter,matter
sucumbir,succumb
tris,tris
arrastres,drags
mexicanas,Mexicans
conciernen,concern
necesitais,you need
recortado,cut
katara,katara
gardiner,gardener
germen,germ
liderado,led
lyn,lyn
hercule,Hercule
encontrémonos,Let's meet
subirnos,get on
galveston,Galveston
quan,how
desconcertada,bewildered
devolvérmelo,give it back to me
permitirás,will you allow
comprometidas,committed
observarlo,observe it
torcidos,twisted
albie,Albie
walkie-talkie,walkie-talkie
quitársela,take it off
violette,Violet
filmaciones,filming
wordy,wordy
súcubo,succubus
pokemon,Pokémon
mixto,mixed
agendas,agendas
peque,small
chupapollas,cock sucker
mimosa,mimosa
hercules,Hercules
ingresé,I entered
macgregor,MacGregor
cuestionables,questionable
gab,Gab
austriacos,Austrians
cesa,ceases
representará,will represent
cruzará,will cross
consentida,spoiled
adoptados,adopted
morenos,dark-skinned
sofás,sofas
implacables,relentless
etanol,ethanol
harkness,Harkness
trazo,streak
delate,delate
sanju,San Juan
magno,great
añado,I add
durand,Durand
valían,were worth
anaranjado,orange
sanará,will heal
repartiremos,we will distribute
recordada,remembered
acosadores,stalkers
bjarne,bjarne
embarazados,pregnant
animarlo,encourage him
intérpretes,interpreters
permaneceremos,we will remain
mortem,mortem
diseñaron,they designed
emory,Emory
encapuchado,hooded
cayeran,would fall
krystal,krystal
fogg,fogg
descompone,decomposes
conexion,connection
expira,expires
tablilla,clapboard
omitir,skip
deposición,deposition
trovador,troubadour
sierva,servant
tragamonedas,slot machines
fiarse,trust
reviviendo,reviving
saiyajin,Saiyan
tanzania,Tanzania
aferran,cling
kareem,Kareem
enrollar,roll
gallant,gallant
programadores,programmers
consiento,I consent
inquietudes,concerns
agachaos,crouch down
confiad,trust
comite,committee
zephyr,zephyr
montados,mounted
derribo,demolition
habito,habit
salzburgo,Salzburg
leipzig,Leipzig
étnico,ethnic
bañarnos,bathe
admitimos,we admit
ralston,ralston
queroseno,kerosene
wallis,wallis
proponemos,we propose
iluminados,illuminated
costarte,cost you
prominentes,prominent
sirios,Syrians
tripulado,manned
monterrey,Monterrey
rockero,rocker
amplitud,amplitude
ilya,ilya
juzgamos,we judge
interpondrá,will file
able,able
templar,temper
hundo,I sink
meticulosamente,meticulously
toallita,wipe
xii,xii
apoyaron,supported
agnès,Agnes
petri,petri
echaban,they were throwing
entendíamos,we understood
northern,northern
rasgado,torn
beauty,beauty
metieran,they put
consuma,consume
agarrate,Hold on tight
decaído,depressed
acme,acme
mackay,Mackay
prehistórico,prehistoric
insoportables,unbearable
espn,espn
vidriera,window
controvertido,controversial
ask,ask
salidos,out
amputar,amputate
polaridad,polarity
constructiva,constructive
hideo,hideo
moralista,moralist
hartado,fed up
queridísimo,dearest
katja,katja
pontiac,Pontiac
harlow,Harlow
ascensos,promotions
understand,understand
casete,cassette
parroquial,parochial
burlen,mock
multinacionales,multinationals
liposucción,liposuction
dna,DNA
levantarle,lift him up
exploten,explode
pégate,stick close
sandías,watermelons
engendrar,engender
guían,guide
cargamentos,shipments
contenían,contained
conjuntamente,jointly
mont,mont
pareceré,I will seem
patrik,Patrick
incorrectas,incorrect
reflector,reflector
pelearán,they will fight
tum,tum
alojó,hosted
floreció,blossomed
vencerás,You will win
hundirme,sink
remojo,soaking
maníaca,manic
dedique,dedicate
pole,pole
hakim,hakim
discrepancias,discrepancies
lánzalo,throw it
tomándose,taking
francisvhl,francisvhl
upton,Upton
cocer,cook
howdy,howdy
reiré,I will laugh
frígida,frigid
azulejo,tile
perciben,they perceive
kravitz,kravitz
forzaste,you forced
imaginacion,imagination
repare,repair
hoskins,hoskins
retroceded,retreated
amaneció,dawn broke
maeby,maeby
conejillos,guinea pigs
artificialmente,artificially
agregas,you add
emborrachas,you get drunk
especulando,speculating
nodo,node
regimientos,regiments
construído,built
refrigerante,refrigerant
cubrirnos,cover ourselves
gomorra,Gomorrah
perforando,drilling
maquetas,models
beberás,you will drink
impedirme,prevent me
amaro,bitter
mat,mat
añadí,I added
detenerles,arrest them
cenó,frown
monopoly,monopoly
escuchándote,listening to you
exigía,demanded
aparecio,appeared
ascienden,ascend
saltarte,skip
flotador,float
scorsese,Scorsese
falk,falk
voltereta,somersault
ronaldo,Ronaldo
platónico,Platonic
danilo,Danilo
cobalto,cobalt
boog,boog
lanzadores,pitchers
soltará,will release
duchar,shower
cronograma,schedule
calzada,road
tourette,Tourette's
inevitables,inevitable
exageremos,Let's exaggerate
largamente,long
ebriedad,drunkenness
babette,babette
bogotá,Bogota
terapista,therapist
veni,come
zarpamos,We set sail
cocinaste,you cooked
afectos,affections
sensatos,sensible
trágicas,tragic
concurrido,busy
chestnut,chestnut
resuelves,you solve
sementales,stallions
silenciosas,silent
dim,dim
parisinos,Parisians
hablasteis,you spoke
aferrado,clinging
empleadores,employers
fortuito,fortuitous
postgrado,postgraduate studies
despidas,dismissals
organizarnos,organize ourselves
supresión,suppression
kinsey,Kinsey
scarface,Scarface
escalado,scaling
fmi,fmi
causara,would cause
recuperara,would recover
thomson,thomson
pueblecito,small village
temático,thematic
cagamos,we shit
quántico,quantum
deprimentes,depressing
deudores,debtors
lastimarlos,hurt them
arrebataron,they snatched
ninfómana,nymphomaniac
curie,curie
soplaba,blowing
tapioca,tapioca
manifestarse,manifest
rinocerontes,rhinoceroses
saciar,satiate
saltaría,would jump
llevándome,taking me
stroh,stroh
entrenarte,train yourself
cercado,fenced
fatigado,tired
distraerlo,distract him
blasfemo,blasphemous
analicen,analyze
decis,decis
nypd,nypd
promotores,promoters
sheen,Sheen
carnívoro,carnivorous
provocativa,provocative
tráigala,bring her
vengarnos,to take revenge
precipitadas,hasty
benz,benz
evité,I avoided
irrumpiendo,bursting in
nita,nita
venenosos,poisonous
despegamos,we take off
pesco,I fish
gwendolyn,Gwendolyn
paréis,you stop
selló,seal
harcourt,Harcourt
creaba,created
cía,Inc
bolin,bolin
reirás,you will laugh
retrasarlo,delay it
muerdes,You bite
infames,infamous
abrasador,scorching
economia,economy
nao,ship
ubicarlo,locate it
most,most
ruibarbo,rhubarb
supondrá,will entail
rescatarnos,rescue us
hierva,boil
detenlos,Stop them
reportarse,report
deshágase,get rid of
devolvértelo,give it back to you
hamster,hamster
boquita,little mouth
implantado,implanted
11-s,9/11
golpearlos,hit them
capturas,captures
encendemos,we turn on
acusará,will accuse
escuchabas,you were listening
terminaras,you will finish
ambulantes,street vendors
cabreó,anger
imposición,imposition
diciendome,telling me
pintoresca,picturesque
pretenciosa,pretentious
inconciente,unconscious
yoshioka,Yoshioka
casitas,little houses
invitaremos,we will invite
inflar,inflate
rumplestiltskin,rumplestiltskin
ordenados,ordered
kerrigan,Kerrigan
anótalo,Write it down
autorizo,I authorize
uníos,unite
coast,coast
extremidad,tip
bombardeada,bombed
aterricen,land
redecorar,redecorate
tommaso,Tommaso
venideros,coming
guinda,cherry
glades,glades
colocarla,place it
disparatado,crazy
probártelo,try it on
front,front
preludio,prelude
cubriría,would cover
circule,circle
visitara,visit
nantucket,Nantucket
publicados,published
beretta,Beretta
tutoría,tutorial
terrón,lump
avísanos,Let us know
protegiera,protected
empacaste,you packed
dramáticas,dramatic
colson,colson
kilometraje,mileage
3chc0c0c0,3chc0c0c0
redmond,Redmond
resolvieron,they resolved
afiche,poster
aguilar,aguilar
drogaste,druggie
-3chc0c0c0,-3chc0c0c0
poltergeist,poltergeist
rentado,rented
adieu,goodbye
desanimes,discouragements
tirarlas,throw them away
ripeado,ripped
arrastrarlo,drag it
perdónenos,forgive us
risita,chuckle
otorgó,granted
fisicamente,physically
cientificos,scientists
metálicos,metallic
quemaría,would burn
corrompe,corrupts
divirtiéndonos,having fun
influido,influenced
rika,rika
calculó,calculation
argus,argus
montaron,they mounted
trotamundos,globetrotter
jadzia,jadzia
pueblerinos,villagers
grunge,grunge
karol,Karol
sartre,Sartre
inmerso,immersed
activará,will activate
estáte,be
app,app
controlará,will control
cáñamo,hemp
condominios,condominiums
napoleon,Napoleon
distribuido,distributed
dañaría,would damage
mayko,Mayko
hechicería,sorcery
gratuitos,free
tonio,Tonio
urquhart,Urquhart
hospedaje,lodging
toot,toot
respetando,respecting
rigurosa,rigorous
atracadores,robbers
abrazaba,hugged
corrector,corrector
presidiario,inmate
cátedra,chair
cultivan,cultivate
bordeaux,Bordeaux
blindada,armored
ayudeme,Help me
cualesquiera,anyone
bloquearon,blocked
contraproducente,counterproductive
funny,funny
inoxidable,stainless
bailará,will dance
empacó,packed
capsula,capsule
telépatas,telepaths
enfrentemos,Let's face it
velcro,velcro
cavidades,cavities
winchell,winchell
goteras,leaks
contacten,contact
colita,tail
enfadaría,would anger
parecio,it seemed
eliminará,will eliminate
dispensario,dispensary
samuráis,samurai
excluida,excluded
henning,henning
tentempié,snack
follé,I fucked
divirtiéndote,having fun
tembloroso,trembling
retiraos,withdraw
gamuza,suede
espinilla,shin
sentemos,Let's sit down
zebra,zebra
matadlo,kill him
frambuesas,raspberries
soñada,dreamed
curador,curator
spiritus,spirits
sutilmente,subtly
pucheros,stews
knowles,Knowles
amita,amita
teneros,have you
pantorrillas,calves
alertado,alerted
bien-,good-
desquiciada,deranged
hereditaria,hereditary
rowley,rowley
nandini,nandini
uniría,would unite
sáquenos,get us out
presunta,alleged
acalorada,heated
obscenidad,obscenity
endeudado,indebted
fórmense,form
retoques,retouching
pegándole,hitting him
rena,rena
afilar,sharpen
banning,banning
ampliado,extended
rhoades,Rhoades
recostado,lying down
soportable,bearable
insuperable,insurmountable
córcega,Corsica
fuselaje,fuselage
tapicería,upholstery
human,human
impedírselo,prevent it
compresor,compressor
alojarse,stay
drax,drax
vytas,vytas
pudierais,you could
navegado,navigated
agarralo,grab it
rajjo,rajjo
vivero,nursery
rescaten,rescue
diagnostico,diagnosis
facilísimo,super easy
comoda,comfortable
autorice,authorize
desperdiciarlo,waste it
florería,flower shop
entenderse,be understood
abolladura,dent
shiloh,Shiloh
lives,lives
plásticas,plastics
hernando,Hernando
turquesa,turquoise
redil,fold
enteres,interest
list,list
reñido,close
envases,packaging
cromosoma,chromosome
follamos,we fucked
asunción,assumption
estacione,station
atrápame,catch me
partirán,they will depart
felicitarme,congratulate me
bethesda,Bethesda
desahogarme,to vent
traicionados,betrayed
desprendimiento,detachment
livingstone,Livingstone
maldice,curses
covington,Covington
oué,oue
lupo,lupo
jirafas,giraffes
dependencias,dependencies
llegábamos,we arrived
tie,tie
rastrearlos,track them
e.u.,e.u.
obtenerla,obtain it
depositó,deposit
colgadas,hanging
ez,ez
mathews,mathews
debacle,debacle
parisino,Parisian
comisarios,commissioners
pólizas,policies
winfield,Winfield
katniss,Katniss
extrayendo,extracting
convenido,agreed
desenterró,unearthed
eses,those
diques,dykes
ajuar,trousseau
pittman,pittman
pisada,tread
responderán,they will respond
critican,criticize
proxenetas,pimps
multimillonaria,multimillionaire
seriamos,we would be
beef,beef
baviera,Bavaria
chantajeado,blackmailed
cobré,copper
peng,peng
portsmouth,Portsmouth
urbanas,urban
malinterpreten,misinterpret
prestaciones,benefits
arrestaremos,we will arrest
estariamos,we would be
riéndote,laughing
muir,muir
aceras,sidewalks
atacaban,they attacked
ssh,ssh
colocaré,I will place
becket,Beckett
desprende,gives off
guadalupe,Guadalupe
ocupaciones,occupations
antojos,cravings
osborn,osborn
toulon,Toulon
cup,cup
desahogarse,blow off steam
cabreados,angry
fight,fight
familiaridad,familiarity
lachlan,Lachlan
visiten,visit
punch,punch
librerías,bookstores
motivar,motivate
perseo,Perseus
kimmi,Kimmi
forzarte,force yourself
cong,cong
sonreí,I smiled
moved,moved
prohíba,prohibit
reguladores,regulators
andamio,scaffold
incluído,including
pensármelo,think about it
electrón,electron
mancini,Mancini
advertidos,warned
forzarme,force me
entretenerte,entertain yourself
desilusionada,disappointed
derribando,knocking down
galt,galt
permanezcas,stay
tripulaciones,crews
inspiran,inspire
intuitivo,intuitive
esforzarnos,strive
elegirán,they will choose
permaneced,remain
vivirlo,experience it
scoob,scoob
darrow,Darrow
cecause,because
despistar,mislead
embaucador,trickster
pullman,Pullman
goro,goro
purgar,purge
evangelios,gospels
lantern,lantern
nor,nor
encantas,You enchant me
felinos,felines
deditos,little fingers
fértiles,fertile
katharina,Katharina
dibujaba,I drew
envueltas,wrapped
aruba,Aruba
viviéramos,we lived
monopatín,skateboard
londo,London
pegadizo,catchy
weeks,weeks
investiguemos,Let's investigate
calzón,breeches
seals,seals
recordabas,did you remember
comerlas,eat them
astros,stars
pintaré,I will paint
practique,practice
bonanza,bonanza
atari,Atari
distraigo,I distract
agregamos,we add
acuáticos,aquatic
pluto,pluto
indefensas,defenseless
pídeles,ask them
parecerle,it seem to him
dynamite,dynamite
whitehead,whitehead
frustraciones,frustrations
reflexionado,thought
entretengo,I entertain
reporto,I report
ingresando,entering
middle,middle
hanoi,Hanoi
vespa,Vespa
aldrin,aldrin
laven,wash
malhechores,wrongdoers
claustrofóbico,claustrophobic
ladronzuelo,pilferer
ziegfeld,Ziegfeld
gertrud,Gertrud
minimo,minimum
crearé,I will create
curaré,curare
recomiendas,do you recommend
presentadas,presented
glúteos,buttocks
recogidas,collections
eleven,eleven
p1,p1
escabullirme,slip away
colorada,red
fordham,Fordham
apuntamos,we aim
descontentos,discontented
arrancaría,would start
entregarlos,deliver them
dejándola,leaving her
refuerza,reinforces
boxers,boxer shorts
abusan,they abuse
fornicación,fornication
captan,capture
excitas,excites
inflamado,inflamed
compuse,I composed
baúles,trunks
químicamente,chemically
envolverlo,wrap it
mojito,mojito
follo,I fuck
dmitry,dmitry
espéranos,wait for us
landers,landers
agradécele,thank him
abordó,boarded
acusaré,I will accuse
a.m,A.M
trescientas,three hundred
myspace,myspace
diapositiva,slide
ideó,devised
oleoducto,pipeline
desertó,deserted
maldiga,curse
escandalo,scandal
ejecutan,execute
read,read
corrige,corrects
lion,lion
joong,joong
chiquero,pigpen
defenderemos,we will defend
elkins,elkins
fanfarronear,brag
vueles,you fly
proust,proust
flotantes,floating
ahorró,saving
culminación,culmination
apurarme,hurry
embotellamiento,bottleneck
metamorfo,metamorph
káiser,Kaiser
sardina,sardine
basquetbol,basketball
decepcionará,will disappoint
wirye,wirye
gais,gays
croquet,croquet
pordiosero,beggar
blanqueador,bleach
zatoichi,zatoichi
combatirlo,fight it
huston,Houston
lleguéis,arrive
desalentador,discouraging
comprometiste,you committed
mordred,Mordred
meó,peed
caravaggio,Caravaggio
rounds,rounds
mostrarás,you will show
tifoidea,typhoid
vaciando,emptying
tranquilizarse,calm down
promiscua,promiscuous
tratare,I will try
pappy,pappy
permitame,Allow me
butterfly,butterfly
nacionalista,nationalist
intocables,untouchables
pronunció,pronounced
síguele,follow him
sudada,sweaty
pollita,pullet
anika,Anika
catch,catch
kano,kano
cochrane,Cochrane
anspaugh,anspaugh
ou,or
desenterrado,unearthed
denning,denning
yoichi,yoichi
abruptamente,abruptly
anule,cancel
oponga,oppose
integrantes,members
schwarzenegger,Schwarzenegger
quítatelos,Take them off
bed,bed
causes,causes
etiquetar,label
apartate,step aside
shayne,Shayne
jubiló,joy
saltarín,jumper
acechar,stalk
pisoteado,trampled
creerla,believe it
tejanos,jeans
mítica,mythical
jase,jase
rittenhouse,Rittenhouse
cyrano,Cyrano
demandarme,sue me
egocéntrica,egocentric
volarás,you will fly
rastreen,track
obrar,act
insensibles,insensitive
racimo,bunch
aullar,howl
petersen,Petersen
desenmascarar,unmask
entregadas,delivered
guardará,will keep
afeito,shaving
sedal,line
dobladillo,hem
inherente,inherent
ingresada,entered
retirarlo,remove it
privar,deprive
puntuaciones,scores
dunder,dunder
lucrativa,lucrative
bullard,bullard
significados,meanings
repostar,refuel
preventivo,preventive
gastaba,spent
tocados,headdresses
sondra,Sondra
reconociera,recognized
aquì,here
empujad,push
subversivo,subversive
minutes,minutes
contestabas,you answered
desactiva,deactivates
sacrifiqué,I sacrificed
ere,you
tragaperras,slot machine
arcadas,arcades
viñas,vineyards
solicitaste,you requested
desvístete,undress
lyme,Lyme disease
estudien,study
dingo,dingo
auch,ouch
imprudentes,reckless
amaneciendo,dawn
sensacionalista,sensationalist
deshicieron,undid
vigilarlos,watch them
saratoga,Saratoga
nog,nog
trasladados,transferred
felicita,Congratulations!
erinn,Erinn
empezábamos,we were starting
rickie,Rickie
bájale,turn it down
confirmé,I confirmed
dukat,dukat
guao,wow
rolls-royce,Rolls-Royce
bichito,little bug
epiléptico,epileptic
k.o.,k.o.
guardarse,to be saved
drogar,drug
forzarla,force it
terminos,terms
pagarse,to be paid
ilimitados,unlimited
cabernet,cabernet
tejano,Texan
ficheros,files
liberarán,will release
tebas,Thebes
cavamos,we dug
momentáneamente,momentarily
adoradores,worshippers
obstetra,obstetrician
enterprises,enterprises
retroalimentación,feedback
consolarte,comfort you
flemming,Flemming
predisposición,predisposition
conversador,talkative
morfeo,Morpheus
atrevéis,dare
robusta,robust
incriminó,incriminated
b.j.,b.j.
evasivo,evasive
traicionarte,betray you
nanna,nanna
catapulta,catapult
emmalin,Emmalin
mehmet,Mehmet
cissy,cissy
enfréntalo,face it
machu,Machu
resbaloso,slippery
patearme,kick me
compulsiva,compulsive
psycho,psycho
abandonarlos,abandon them
heredaste,you inherited
mirza,mirza
runas,runes
zurda,left-handed
portaste,you carried
culpé,I blamed
alienta,encourages
reparten,they distribute
jabba,Jabba
transcurre,it takes
sack,sack
kraft,kraft
recopilar,collect
arrestaste,You arrested
sufriría,would suffer
subestima,underestimates
tundra,tundra
verdugos,executioners
amarrar,moor
derretida,melted
fusilados,shot
orugas,caterpillars
pappu,pappu
griterío,shouting
surgirá,will arise
disponibilidad,availability
conectas,connect
keene,keene
aprovechemos,Let's take advantage
debieran,should
capture,capture
lombardo,Lombard
faroles,lanterns
recibirle,receive him
pantomima,pantomime
corazonadas,hunches
flag,flag
rumanos,Romanians
hogareña,homely
lamentables,regrettable
estacionados,parked
ratings,ratings
anunciará,will announce
berenjenas,eggplants
moriríamos,we would die
orine,urine
efectivas,effective
atacadas,attacked
refrescarte,refresh yourself
josué,Joshua
acabarían,they would end
leería,I would read
detuvieran,stop
aclararme,clarify
incriminarme,incriminate me
quítele,take it away
fracciones,fractions
ning,ning
dogg,dogg
avatares,avatars
knew,knew
everglades,everglades
rescatando,rescuing
jaison,Jason
croata,Croatian
perforaciones,perforations
preferiria,would rather
eliminarla,delete it
relojero,watchmaker
bronceada,tanned
culparán,they will blame
calentarte,warm up
garbanzos,chickpeas
aromas,aromas
borrará,will erase
sumando,adding
amañado,rigged
gilligan,Gilligan
acuérdese,remember
jabones,soaps
presionada,pressured
mariko,mariko
80s,80s
fs72,fs72
farola,streetlamp
bibi,bibi
madurando,maturing
podar,prune
tendemos,we tend
cinema,cinema
redford,redford
echabas,you were throwing
zelena,Zelena
porthos,Porthos
invítala,invite her
sacrificaron,sacrificed
quinlan,Quinlan
provocativo,provocative
localizando,locating
degeneración,degeneration
sorprenderla,surprise her
rodantes,rolling
evadiendo,evading
cordialmente,cordially
castaña,chestnut
acosan,harass
dartmouth,Dartmouth
mogollón,a lot
córtate,cut yourself
frene,brake
antisemitismo,antisemitism
minsk,minsk
kinte,Kinte
amplía,expands
soltaste,you let go
deduje,I deduced
escaparemos,we will escape
crandall,Crandall
portes,shipping
consumida,consumed
alzó,raised
becks,Becks
castigarla,punish her
trabó,locked
expansiva,expansive
confiaron,trusted
axelrod,axelrod
vendran,will come
decepticons,Decepticons
encuéntralos,find them
timberlake,Timberlake
exagere,exaggerate
laroche,La Roche
edvard,Edvard
utilizadas,used
sospechosamente,suspiciously
molinero,miller
lntento,attempt
beetle,beetle
comisarías,police stations
domador,tamer
enfócate,focus
comprometernos,commit
ol,ol
wilden,wilden
sanación,healing
nudistas,nudists
mali,Mali
winnipeg,Winnipeg
contarla,tell it
desdémona,Desdemona
dok,dok
matasanos,quack
wash,wash
seducirla,seduce her
bachchan,bachchan
reston,reston
pagarlos,pay them
sulfato,sulfate
ojete,eyelet
afis,afis
ilegar,illegal
sabre,Sabre
demostrártelo,prove it to you
esperabamos,we were waiting
charity,charity
meggie,meggie
secundo,second
ivar,ivar
subte,subway
pildoras,pills
eufórico,euphoric
tomárselo,take it
orino,urine
rellenando,filling
pestes,plagues
travestis,transvestites
saltones,jumpers
chubby,chubby
poblada,populated
rescata,rescue
recogerle,pick him up
enfocarme,focus
aramis,Aramis
nicho,niche
pasean,they stroll
pretendí,I intended
sabrosas,tasty
broderick,Broderick
saboteando,sabotaging
pertinentes,relevant
satelitales,satellites
enviarlas,send them
ruanda,Rwanda
polícia,police
polanski,polanski
ferocidad,ferocity
ranch,ranch
racionalmente,rationally
foss,foss
zoidberg,Zoidberg
firmaría,I would sign
asesinen,murder
thane,thane
diseña,design
significativas,significant
ocultes,hide
absorben,absorb
cavernícolas,cavemen
cuestionas,questions
demencial,insane
implícito,implicit
gradúe,graduate
desigualdad,inequality
jures,jures
aceptaran,will accept
alejaron,they moved away
traducciones,translations
encajamos,we fit in
comprenderán,will understand
eructar,burp
unilateral,unilateral
gussie,gussie
hull,Hull
póntelos,put them on
operarla,operate it
microfilm,microfilm
garrapatas,ticks
truck,truck
lazarus,Lazarus
lograras,you will achieve
70s,70s
calzas,hose
amarle,love him
kolchak,kolchak
ranjit,ranjit
demuéstrame,prove it to me
muérdeme,bite me
rígidos,rigid
ibuprofeno,ibuprofen
apaleado,beaten
expresarte,express yourself
confesara,confessed
guster,like
ilsa,Ilsa
metástasis,metastasis
somebody,somebody
ocupándose,taking care
prestad,lend
elíseos,Elysian Fields
ejes,axes
atamos,we tie
sémola,semolina
carpe,hornbeam
agnew,agnew
macmillan,Macmillan
frecuentar,frequent
esperada,expected
zorrillo,skunk
intimidada,intimidated
interrogarlos,question them
deshecha,undone
disfrútenlo,Enjoy it
vivida,lived
enfrió,cooled
uniformado,uniformed
breeze,breeze
lremos,We will be
geographic,geographic
rodillo,roller
incomprendido,misunderstood
mix,mix
vidya,vidya
fremen,Fremen
encoge,shrinks
laborista,Labour
surrey,Surrey
indefinido,indefinite
descienda,descend
pennington,pennington
trigonometría,trigonometry
destruyera,destroy
aaa,aaa
mentías,You were lying
vásquez,Vasquez
maître,maître
comportándose,behaving
reaccionas,you react
cadmus,cadmus
staff,staff
abolir,abolish
arya,Arya
apilar,stack
exponga,explain
contaminados,contaminated
derrotamos,we defeated
apelo,I appeal
oriné,I peed
explora,explore
absceso,abscess
salita,small room
leñadores,lumberjacks
decidieras,you decided
mímica,mime
picor,itching
b.a.,b.a.
adopte,adopt
calladito,quietly
asimismo,in addition
intercambian,exchange
empujaba,pushed
lavados,washes
añadiré,I will add
provocados,caused
shinjuku,Shinjuku
k.c.,k.c.
mcginty,mcginty
fist,fist
nami,Nami
desearles,wish them
toldo,awning
haciéndoles,making them
ponedle,put it
recomendada,recommended
halagas,flatter
traduzca,translate
morderé,I will bite
tablet,tablet
obscuridad,darkness
leavenworth,leavenworth
nº1,#1
chilla,screams
lamenté,I regretted
gárgaras,gargle
larue,larue
diagnosticada,diagnosed
dejándonos,leaving us
convocatoria,call for applications
castiguen,punish
broyles,broyles
arrancarlo,start it
reviente,burst
beaufort,Beaufort
alertó,he warned
perno,pin
feminidad,femininity
desháganse,get rid of
magistral,masterly
ocultaron,they hid
hiv,HIV
anclado,anchored
actualizada,updated
watt,watt
plantaron,they planted
duques,dukes
interceptamos,we intercepted
apáguelo,turn it off
chou,chou
vísceras,viscera
demarco,I demarcate
sun-ae,sun-ae
sith,Sith
cambiarían,would change
mordiste,you bit
muerdan,bite
drogaba,drugged
desperdiciada,wasted
lia,lia
malin,malin
emborrachaste,You got drunk
afeita,shaves
elyse,elyse
transfiera,transfer
skynet,skynet
detengase,Stop
pug,pug
abusaron,they abused
marcaron,they scored
chevalier,chevalier
moteros,bikers
sunnydale,Sunnydale
formidables,formidable
tratadas,treated
kale,kale
pensas,you think
continúes,continue
alinear,align
flipar,freak out
ganadoras,winners
esplendido,gorgeous
ankara,Ankara
situar,place
consígame,get me
antoje,craving
proveen,provide
noria,noria
extenderá,will extend
mcphee,McPhee
colócalo,place it
tnt,TNT
ganesha,Ganesha
intravenoso,intravenous
lover,lover
blackstone,blackstone
salia,exit
alarme,alarm
pésimos,terrible
albaneses,Albanians
metropolitano,metropolitan
despidiera,dismissed
diwali,diwali
bloquee,block
luftwaffe,Luftwaffe
consultores,consultants
pilatos,Pilate
conforma,conforms
minuciosa,meticulous
estube,I was
adela,Adela
abatida,defeated
incorporación,incorporation
enfriarse,cool down
mackie,Mackie
gánsteres,gangsters
rapunzel,Rapunzel
apurémonos,Let's hurry
exonerado,exonerated
fawn,fawn
basaba,based
lampara,lamp
entendías,did you understand
hurones,ferrets
libérate,free yourself
proposiciones,propositions
lehman,Lehman
paralizar,paralyze
banzai,banzai
nyborg,nyborg
despertaras,you will wake up
antiaéreo,antiaircraft
hiram,Hiram
respaldado,backed
aburrirte,get bored
inspirados,inspired
ahogaba,drowned
ramificaciones,branches
medea,Medea
adèle,Adèle
rino,rhino
ginsberg,Ginsberg
decepcione,disappoint
trágicos,tragic
sumergida,submerged
caputo,caputo
jenner,Jenner
exigido,required
construirá,will build
portman,Portman
books,books
rating,rating
refrescarse,refresh
croatoan,Croatian
arrastrará,will drag
abrazados,embraced
gohan,Gohan
atendida,attended
cry,cry
refresque,refresh
agradarle,to please him
deva,deva
alicates,pliers
déselo,Give it to him
segmentos,segments
sapna,sapna
checar,check
atavus,atavus
prendí,I turned on
graceland,Graceland
traicionaré,I will betray
parquímetro,parking meter
quitad,remove
luau,luau
layton,Layton
calculamos,we calculate
jugueteando,playing
arif,arif
matándose,killing each other
súbela,raise it
alaric,Alaric
alegraba,gladdened
preámbulos,preambles
guardemos,Let's save
evitándome,avoiding me
delineador,eyeliner
celta,Celtic
tabloides,tabloids
empedernido,inveterate
pollack,pollack
subbing,subbing
liberes,free
yoli,Yoli
disparadas,fired
solicite,request
resbalar,slip
adrienne,Adrienne
envenenaste,you poisoned
deshidratada,dehydrated
declararme,declare
gracias.,thank you.
pasaria,would happen
juniper,juniper
tabique,partition
tés,teas
robándole,stealing from him
rosalind,Rosalind
donjuán,Don Juan
abraces,hugs
siam,Siam
quemarán,will burn
filmo,film
acojonado,terrified
abrigado,warm
pertenencia,belonging
skitters,skitters
adornar,decorate
llenes,fill
siro,Syro
libertinaje,debauchery
brittnee,Brittnee
educó,educated
disponen,they have
crater,crater
formará,will form
desinteresada,selfless
provechoso,helpful
exterminados,exterminated
destrocé,I destroyed
interpretarlo,interpret it
dimito,I resign
arcade,Arcadian
custodiado,guarded
esperaran,they would wait
saqueando,looting
cansaste,you got tired
involucrarnos,get involved
trilogía,trilogy
naces,you are born
peldaños,steps
boyz,boyz
composiciones,compositions
pórtico,portico
arvin,Arvin
gastada,worn out
midnight,midnight
entrevistarme,interview me
koji,koji
crecemos,we grow
aborrezco,I hate
purdy,purdy
saltaremos,we will jump
morten,morten
minori,minori
fiddler,Fiddler
dejases,you let
evitaremos,we will avoid
opones,you oppose
rang,range
eleonora,Eleonora
cárteles,cartels
acreditación,accreditation
isótopos,isotopes
brocha,brush
intensifica,intensifies
bebito,baby
sentencio,sentence
demostré,I proved
cachondeo,teasing
atrapara,would catch
chapuza,botched job
used,used
apoyaste,you supported
sade,Sade
ayudándonos,helping us
conchita,little shell
louisville,Louisville
intubar,intubate
abusadores,abusers
borraré,I will delete
escribías,you were writing
amarse,to love each other
tentada,tempted
monotonía,monotony
reportaré,I will report
ordenanzas,ordinances
maki,maki
adelantada,advanced
taub,taub
sintiéndote,feeling you
librando,freeing
change,change
ofenderme,offend me
pasarlos,pass them
lapsus,slip of the tongue
ario,Aryan
acudieron,they came
astaire,Astaire
retorcidos,twisted
izumi,izumi
resuélvelo,solve it
vanidosa,vain
reservaré,I will reserve
nubla,clouds
extrajo,extracted
duchado,showered
yosemite,Yosemite
mascaras,masks
ebenezer,Ebenezer
asumirá,will assume
reach,reach
obstinación,obstinacy
enterrarte,bury you
desobediente,disobedient
panzer,panzer
molida,ground
rotonda,roundabout
agregarle,add
zuecos,clogs
abrelatas,opener
surcos,grooves
sonrisita,little smile
cantaron,they sang
circunferencia,circumference
radhika,Radhika
territoriales,territorial
pda,pda
thriller,thriller
llamaríamos,we would call
simpatiza,sympathizes
expiró,expired
siguiéramos,we would continue
mails,emails
enséñaselo,Show it to him
polución,pollution
whelan,whelan
veintitantos,twenty-something
copper,copper
jovial,jovial
borrosas,blurry
revisarte,check you
valenti,valenti
mais,more
seducirte,seduce you
gunter,gunter
guerreras,warriors
abatidos,downed
adaptarte,adapt
akron,Akron
deliberar,deliberate
sherif,sheriff
aplasto,I crush
condecoraciones,decorations
facetas,facets
mau,mau
asano,asano
aguantad,hang in there
alvarado,alvarado
folsom,folsom
jovi,jovi
lleváramos,we would have
animarla,encourage her
goryeo,Goryeo
kayo,Kayo
traspasado,transferred
enfréntate,face it
repeler,repel
confesaste,you confessed
empujarla,push her
borraste,you deleted
roses,roses
acomodado,accommodated
muéstrenos,show us
abortado,aborted
faa,faa
keys,keys
diviértase,have fun
lansing,lansing
siddharth,Siddharth
cobrarte,charge you
anu,anu
descendente,falling
evolutivo,evolutionary
dooku,dooku
gentío,crowd
corrigiendo,correcting
tico,Tico
sostenerme,hold me
apuras,You hurry
errantes,wanderers
duplica,duplicate
proporcionarle,provide you
delko,delko
canchas,courts
lares,lares
decepcionaste,You disappointed
acercate,come closer
patetico,pathetic
pumas,pumas
antiguedad,antique
fey,faith
almidón,starch
mandamás,big shot
reaccione,react
mantle,mantle
disfrutaron,they enjoyed
nandu,Rhea
blusas,blouses
enfermarse,get sick
holi,hi
fastidias,you annoy you
saboteó,sabotaged
chismoso,gossip
importaciones,imports
producirse,to occur
paddington,Paddington
construyamos,Let's build
predije,I predicted
cúando,when
apuñalarme,stab me
disfrutarás,you will enjoy
sacrifico,sacrifice
mirones,voyeurs
atraerlo,attract him
triunfador,winner
describirla,describe it
retuvieron,they detained
metiéndome,getting into
wiedersehen,see
cylones,Cylons
sienna,Sienna
demandarlos,sue them
atenderla,attend to her
examinarte,examine you
cancélalo,Cancel it
escaladores,climbers
yuanes,yuan
purificar,purify
obtenida,obtained
deshagas,undo
maigret,Maigret
liliana,Liliana
chocolatina,chocolate
autocine,drive-in movie theater
fragilidad,fragility
convenzo,I convince
spaulding,spaulding
grasoso,fatty
respetuosos,respectful
adolorido,sore
polémico,controversial
cruzarlo,cross it
yeh,yeah
perversas,perverse
thaddeus,thaddeus
enojando,getting angry
aã,aã
criminalidad,criminality
denunciarte,report you
una-,a-
tostador,roaster
ilustrar,illustrate
invernalia,winterfell
deposita,deposits
puntiagudo,pointed
regañar,scold
exención,exemption
prepucio,foreskin
atraque,docking
anfibio,amphibian
rodeaban,surrounded
pedirnos,ask us
revisada,revised
prepotente,prepotent
invulnerable,invulnerable
sustos,scares
harbour,harbor
lividez,lividness
ahogándose,drowning
dividendos,dividends
indecisa,indecisive
catarata,cataract
acoge,welcomes
amedeo,Amedeo
zig,zig
pececitos,little fish
bixby,Bixby
mansion,mansion
bragg,Bragg
servirla,serve it
espiaba,spied
piercings,piercings
resortes,springs
impresionas,You impress
liderados,led
patmore,Patmore
arruinadas,ruined
epps,PPE
agitador,agitator
mattia,Mattia
colócate,position yourself
respalde,back
blane,blane
cuidadito,be careful
enriquecido,enriched
insano,insane
tiendes,you tend
legajo,file
albanés,Albanian
diselo,design it
leyla,Leyla
falsificados,counterfeit
humilla,humiliates
matisse,Matisse
reiji,reiji
wallander,Wallander
soltarán,they will release
crudas,raw
protegeros,protect yourselves
rothstein,Rothstein
aplicó,applied
besándonos,kissing
nuys,nuys
secuestradas,kidnapped
enviad,send
dutton,Dutton
audicionar,audition
neutralizado,neutralized
jarrett,Jarrett
animé,anime
wouldn,wouldn
demande,demand
intimar,intimate
juju,juju
liberadas,released
presionen,press
caliento,I heat
regalaré,I will give
gradúa,graduates
oca,goose
testificando,testifying
destruirse,destroy
hétero,hetero
comunal,communal
heywood,heywood
dadnos,give us
screech,screech
engendrado,begotten
camus,Camus
richelieu,Richelieu
agnese,agnese
ras,ras
fracasan,fail
presionamos,we press
echale,add it
obsesionó,obsessed
matutinas,mornings
alimentándose,feeding
bilbo,Bilbo
explicarás,you will explain
destinatario,addressee
figúrate,imagine
protegiste,You protected
anticuario,antiquarian
arrepentí,I regretted it
dulcinea,Dulcinea
vane,vane
greco,Greek
ville,ville
sucursales,branches
poesías,poems
involucras,you involve
voyage,voyage
componiendo,composing
hartó,fed up
morros,snouts
cagney,Cagney
dudaste,you doubted
selectivo,selective
gíralo,turn it
abusada,abused
ofensivas,offensive
shaq,Shaq
mathers,mathers
usarían,would use
precipitada,hasty
instructivo,instructive
tacaña,stingy
dentífrico,dentifrice
coronaria,coronary artery
peugeot,Peugeot
post-mortem,post-mortem
anunciamos,we announce
zulú,Zulu
obedecerme,obey me
inmoralidad,immorality
lope,lope
parecerán,will seem
estudiaron,they studied
tornó,lathe
pantorrilla,calf
sembrando,sowing
transpondedor,transponder
detened,stop
serme,be me
muéstrele,show him
duk,duk
rogado,begged
luchad,fight
puntada,stitch
brackett,bracket
towers,towers
contactaste,you contacted
veracidad,veracity
yaciendo,lying
agrandar,enlarge
enojadas,angry
accidentado,hilly
pompas,bubbles
viciosa,vicious
decoloración,discoloration
saqueos,looting
instructores,instructors
tictac,ticking
duvall,duvall
acelerante,accelerator
helipuerto,heliport
llevaríamos,we would take
barbacoas,barbecues
universales,universals
metódico,methodical
parejos,even
circulares,circulars
cenaste,you had dinner
distraerlos,distract them
colonización,colonization
leno,log
hombrecitos,little men
ich,ich
cerebritos,brainiacs
ellingham,ellingham
kaya,Kaya
tenencia,tenure
recuérdelo,Remember that
ilana,Ilana
opere,operate
tiemblas,you tremble
frazada,blanket
falté,I was absent
belvedere,belvedere
acabaríamos,we would end up
penurias,hardships
rache,rache
prepáralo,prepare it
salvarles,save them
autoritario,authoritarian
borradores,drafts
upon,upon
refinamiento,refinement
medical,medical
mcfarland,McFarland
madea,madea
exclusivas,exclusives
carmelo,Carmelo
dundee,dundee
ignorarla,ignore it
majestades,Your Majesties
mejoraron,improved
estratégicos,strategic
micros,micros
entenderemos,we will understand
rajá,raja
lavandera,washerwoman
estallan,explode
d.a.,d.a.
administrativos,administrative
hickman,Hickman
salvaguardar,safeguard
institutos,institutes
escogeré,I will choose
amonio,ammonium
escríbele,write to him
caminábamos,we were walking
interacciones,interactions
licenciada,graduate
madhu,madhu
dijeses,you said
parias,outcasts
taipei,Taipei
renovada,renewed
sedan,sedan
gogol,Gogol
ojivas,warheads
cumplirán,will comply
síi,yes
ahora-,now-
borrachín,drunkard
marital,marital
golpearan,they will hit
comieras,you ate
lambda,lambda
florian,Florian
karachi,karachi
cenará,will have dinner
dao,dao
encerrarlos,lock them up
recojamos,let's pick up
ingresaron,they entered
dominantes,dominant
impreciso,vague
bonzo,bonze
calabacita,zucchini
santurrón,sanctimonious
mcgarry,McGarry
evacúen,evacuate
pederasta,pederast
entierre,bury
chanchullo,shady deal
bakshi,bakshi
llevándote,taking you
aspirando,aspirating
sirius,Sirius
enamoraría,would fall in love
favela,favela
cederá,will give way
pelirrojos,redheads
wave,wave
asbesto,asbestos
almacenados,stored
sacúdelo,shake it
sobró,there was enough left over
mendiga,beggar
ahorrarnos,save us
llamarlas,call them
arbitraje,arbitration
posó,sediment
ackroyd,Ackroyd
meng,meng
desobedeció,disobeyed
yip,jeep
leena,Leena
portuguesa,Portuguese
desintegración,disintegration
sujétame,hold me
recreativo,recreational
transfieran,transfer
congelo,I freeze
cerrojos,locks
hollander,Hollander
ahorquen,hang
ubicados,located
jaden,Jaden
berk,Berk
eliminen,eliminate
propensos,prone
sintonizar,tune in
furias,furies
manejes,handle
disparale,shoot him
sit,sit
tauro,Taurus
atiendas,you shop
asustarle,scare him
mos,mos
degas,Degas
jugáis,you play
estrellada,starry
shel,shel
hyatt,hyatt
antártica,Antarctica
motora,motorboat
antipática,unfriendly
publiqué,I published
tuerce,twists
entierros,burials
organizarse,organize
cerraría,would close
persuadirlo,persuade him
sokka,Sokka
indetectable,undetectable
vastas,vast
explicaron,they explained
mátenme,kill me
dirigirte,head
velos,veils
austriaco,Austrian
fiarte,trust
chirona,stir
empujada,pushed
lydecker,Lydecker
barone,barone
desertado,deserter
hollister,Hollister
asumirlo,accept it
atravesará,will pass
clics,clicks
atestado,crowded
emanuel,Emanuel
cachetada,slap
acusé,I accused
pang,pang
empleó,employment
yacer,lie
wheels,wheels
grotesca,grotesque
apresurada,hurried
deseados,desired
cinco-0,five-0
cognac,cognac
stretch,stretch
infanta,infanta
psicóticos,psychotics
libraré,I will free
emociono,I get excited
andadas,walks
vagas,lazy
laderas,hillsides
helo,hello
sorprenderlos,surprise them
alcanzarnos,reach us
japon,Japan
rastrearon,they tracked
flacas,skinny
munro,Munro
involucren,involve
irrazonable,unreasonable
oscurecerá,it will get dark
intercambiaron,exchanged
permanezcamos,Let us remain
descúbrelo,discover it
alimenticios,food
conforman,make up
temibles,fearsome
quinceañera,quinceañera
organizaremos,we will organize
erguida,upright
encabeza,heads
suplicio,torture
everwood,everwood
transforme,transform
kathie,Katie
suspenda,suspend
escupen,they spit
izhar,izhar
sostendré,I will hold
transportadores,conveyors
genital,genital
sacadas,taken
adric,adric
aprietan,they squeeze
indiferentes,indifferent
santi,Santi
litigio,litigation
larsson,Larsson
antony,Antony
teja,tile
premium,premium
imperfecta,imperfect
tarántula,tarantula
léon,lion
vigilará,will monitor
catalán,Catalan
fecal,fecal
aterrados,terrified
voluntarias,volunteers
verbales,verbal
bochorno,embarrassment
rosales,rose bushes
fela,fela
inclinaciones,inclinations
ativan,activate
kipling,Kipling
exhibe,exhibits
vigilándote,watching you
petrelli,Petrelli
imprevistos,unforeseen events
aullidos,howls
miyamoto,miyamoto
reuniría,would gather
agudeza,acuity
costarme,cost me
hurst,hurst
atisbo,glimpse
humm,humm
caballitos,hobbyhorses
exasperante,infuriating
recogerán,they will collect
trataras,you will try
profesionalidad,professionalism
empeñas,pawn
clavarle,nail it
colombiana,Colombian
respetarte,respect you
enseñártelo,show it to you
minivan,minivan
aguántalo,Hold on to it
industries,industries
token,token
oid,oid
recopilando,collecting
stirling,Stirling
venza,defeat
acechan,they lurk
cascabeles,bells
publiquen,publish
quintín,Quintin
suarez,Suarez
lie,lie
jueguitos,little games
django,django
zurra,currying
regula,regulates
comentando,commenting
sórdida,sordid
oían,they heard
preferís,do you prefer
escogemos,we choose
cortaran,they cut
tratarnos,treat us
asesinara,murdered
obligarlos,force them
hurras,hurrahs!
sexis,sexy
partirte,break
pheebs,pheebs
lar,lar
subjetivo,subjective
sicópata,psychopath
mohammad,Mohammad
vestían,they wore
dogma,dogma
festejando,celebrating
corporativas,corporate
circuncidado,circumcised
quebré,I broke
acerquéis,come closer
fásers,phasers
obedecido,obeyed
derechazo,forehand
barbarie,barbarism
genji,Genji
blandas,soft
fotografiando,photographing
partiría,would leave
abandonaremos,we will abandon
enfocarse,focus
materialista,materialistic
lightning,lightning
consultaré,I will consult
humvee,Humvee
jabara,jabara
marlboro,Marlboro
obstruyendo,obstructing
maiden,Maiden
insostenible,untenable
prontuario,rap sheet
tráiganlos,bring them
peih-gee,peih-gee
sane,heal
sie,sie
elli,elli
barnard,barnard
lp,LP
naboo,naboo
quitanieves,snowplow
derrumbará,will collapse
interpretas,you interpret
ilustres,illustrious
salisbury,Salisbury
sheng,sheng
chocolatinas,chocolate bars
entregarles,give them
colgarse,hang
hipopótamos,hippos
mud,mud
joaquin,Joaquin
semifinal,semifinal
fulcrum,fulcrum
matemáticamente,mathematically
kath,kath
cazados,hunted
multiplican,multiply
interfieran,interfere
fisioterapia,physiotherapy
plebe,plebs
forsythe,forsythe
barn,barn
confederado,confederate
becario,scholar
ratchet,ratchet
rasmus,rasmus
unísono,unison
torcidas,crooked
manifestado,manifested
atreviste,You dared
fracase,I failed
lujurioso,lustful
sinusal,sinus
arrancas,you start
encarecidamente,strongly
examinaré,I will examine
vaginales,vaginal
stanhope,Stanhope
acusamos,we accuse
repostería,confectionery
consultoría,consultancy
waffle,waffle
metodología,methodology
introduciendo,introducing
alteran,alter
ultramar,overseas
dila,tell her
mujerzuelas,whores
atrevidos,daring
aprendamos,Let's learn
pronósticos,forecasts
korn,Korn
aprueben,approve
inválidos,invalids
contactaremos,We will contact you
tánger,Tangier
snap,snap
escabullirte,slip away
aguantamos,we endure
promueve,promotes
casuales,casual
centramos,we focus
alameda,mall
admitieron,admitted
exponerse,expose
shields,shields
mirilla,peephole
alborotador,troublemaker
op,op
animalitos,little animals
abeto,fir
chandu,chandu
magico,magical
bering,Bering
maisie,Maisie
fotografias,photographs
deseará,will want
frituras,fried foods
meticulosa,meticulous
rajan,they ran
aplastará,will crush
mcclane,McClane
inseminación,insemination
comerías,would you eat
solis,solis
parido,born
planificando,planning
pinches,pinches
tintura,tincture
encarcelada,imprisoned
percatado,noticed
trapeador,mop
albañiles,bricklayers
envergadura,wingspan
aceptarte,accept you
saki,saki
whale,whale
dependa,depends
politico,political
dietética,dietetics
donativo,donation
alzado,raised
cafeterías,cafes
caños,pipes
infiltrada,infiltrated
keefe,keefe
terrones,lumps
tristezas,sadness
apartando,setting aside
elba,Elba
vanity,vanity
freda,Freda
cambiaban,they changed
razona,reason
portuaria,port
culpará,will blame
infligir,inflict
dobby,Dobby
desconocemos,we don't know
morbosa,morbid
boyer,boyer
rencoroso,rancorous
embajadas,embassies
hales,Hales
bellota,acorn
ofrecerse,offer
derribados,downed
inundando,flooding
sesion,session
gavilán,hawk
nomine,nomine
salam,Salam
kurosawa,Kurosawa
experimentada,experienced
scot,scot
abbi,abbi
manejaremos,we will handle
preferiríamos,we would prefer
hirsch,Hirsch
pisapapeles,paperweight
rompimiento,breach
podcast,podcast
chavez,Chavez
regalías,royalties
aterrizará,will land
estâs,are
separo,separate
confundirse,to be confused
cirrosis,cirrhosis
disposiciones,provisions
building,building
fechorías,misdeeds
dijo-,said-
incoherente,incoherent
marquen,mark
barracuda,barracuda
jurarlo,swear it
reardon,reardon
osman,Osman
confundiste,You confused
vez-,time-
arranques,starts
mortífero,lethal
capilar,capillary
demandada,defendant
deducciones,deductions
ecología,ecology
amapolas,poppies
inscribirse,register
artemis,Artemis
wiii,wiii
hachi,hachi
costra,crust
conseguirse,get
rollito,roll
conjuros,spells
dañará,will damage
predador,predator
escucháis,you listen
rastree,track
parlamentario,parliamentary
miso,miso
recluido,confined
ajustan,adjust
soporté,medium
manténganlo,keep it
formé,I formed
regalamos,we give away
admiradoras,admirers
basket,basketball
entrometas,meddlers
contactará,will contact
buscaran,they would look
posguerra,postwar period
lillie,Lillie
limitan,limit
p.j.,p.j.
demuestres,demonstrate
deshielo,thaw
combatimos,we fight
misógino,misogynist
elwood,elwood
molestaban,they were bothering
schaeffer,Schaeffer
pestaña,eyelash
rotulador,marker
brannigan,Brannigan
revelo,revealed
t-rex,t-rex
hermosamente,beautifully
starscream,starscream
ocupante,occupant
destrozos,destruction
chequeos,checkups
probador,tester
viajaste,you traveled
braithwaite,Braithwaite
pastelillo,pastry
enloqueciste,You went crazy
luger,luger
contactarse,contact
convencernos,convince us
funde,melts
alfalfa,alfalfa
tobi,Tobi
vanya,vanya
llenarla,fill it
peinando,combing
engendra,begets
esperandote,waiting for you
navíos,ships
narco,drug trafficker
society,society
postularse,apply
molestándote,bothering you
rancia,rancid
mam,mom
avante,ahead
traicionarnos,betray us
nutrias,otters
barrita,bar
kaylee,Kaylee
impopular,unpopular
hazard,hazard
shogunato,shogunate
arrollado,rolled
cantaría,I would sing
empújalo,push it
membranas,membranes
desgarrada,torn
zpm,zpm
protégeme,protect me
dirigirla,direct it
variado,varied
defecar,defecate
infelizmente,unfortunately
pepito,Pepito
adelantos,advances
inyectaron,injected
bestia1962,beast1962
codiciado,coveted
clément,Clément
politicos,politicians
infiltró,infiltrated
lissa,Lisa
zarpado,wild
animalito,little animal
checco,checco
reasignado,reassigned
estancados,stagnant
dejándole,leaving him
astrólogo,astrologer
enfocando,focusing
examinaron,they examined
nogal,walnut
aproximando,approximating
cosillas,little things
bagre,catfish
buggy,buggy
craneo,skull
ignoré,I ignored
exesposa,ex-wife
arrojarlo,throw it
susceptibles,susceptible
bochornoso,sultry
osbourne,Osbourne
grabas,record
bwana,bwana
longevidad,longevity
creadora,creator
compadres,buddies
adelgazado,slimmed down
joao,Joao
abdel,Abdel
guirnalda,wreath
enfrentados,faced
grasienta,greasy
glacial,glacial
decidía,decided
separador,separator
señuelos,decoys
moritz,Moritz
almorzado,lunch
globalización,globalization
festejos,celebrations
fillmore,fillmore
estirados,stretched out
peatón,pedestrian
etta,etta
impactantes,shocking
tish,tish
involuntariamente,unwittingly
generosas,generous
consulté,I consulted
reservadas,reserved
bufandas,scarves
impediría,would prevent
aprendía,I was learning
ahorraremos,we will save
skinhead,skinhead
savino,savino
loeb,Loeb
brotar,sprout
flotaba,floated
prevalece,prevails
caminaron,they walked
iluminan,illuminate
acosaba,harassed
joplin,Joplin
colgarle,hang it
compartidos,shared
afirmaba,he claimed
cumplirse,be fulfilled
terquedad,obstinacy
macklin,macklin
venados,deer
previene,prevents
mayoritario,controlling
estrellato,stardom
quemarlos,burn them
influyó,influenced
ebullición,boiling
huiré,I will flee
abue,grandma
ligereza,lightness
yui,Yui
waco,waco
quejidos,whining
tora,Torah
hemoglobina,hemoglobin
católicas,Catholics
centrados,centered
profesionalismo,professionalism
discutan,discuss
mestizos,mestizos
agradeceros,thank you
amoríos,love affairs
nadamos,we swam
intentáis,you try
grim,grim
portarme,behave
cecina,dried meat
cronología,chronology
cabezazo,header
aumenten,increase
achmed,Achmed
inclinan,lean
polluelo,chick
infringir,infringe
honolulú,Honolulu
pactos,pacts
vinisteis,you came
consternado,dismayed
lucca,Lucca
derretirse,melt
retiraremos,we will withdraw
limítate,limit yourself
legendarios,legendary
amberes,Antwerp
constitucionales,constitutional
mercier,Mercier
estropean,spoil
reunidas,gathered
mutual,mutual
importase,import
interrumpirlo,interrupt it
subaru,subaru
entretenerse,to entertain
patagonia,Patagonia
pava,kettle
engendró,begot
resopla,huffs
cómo-,as-
munster,Munster
interrogué,I questioned
clérigos,clergymen
blackburn,blackburn
rescates,rescues
disolvió,dissolved
farah,Farah
encendamos,Let's turn it on
addams,Addams
entrene,train
balfour,Balfour
indie,indie
smithsonian,Smithsonian
jugarreta,trick
transformo,transform
coreógrafo,choreographer
jeon,Jeon
superada,overcome
mcclure,McClure
permanecerás,you will remain
inscribió,registered
prometedores,promising
bulma,Bulma
desesperes,despair
alimenté,I fed
q3,q3
rechazarme,reject me
construyan,build
nenes,kids
buenísimos,excellent
carísimo,very expensive
gallifrey,Gallifrey
woodsen,woodsen
cumplirlo,fulfill it
apaciguar,appease
innovadora,innovative
bebías,you drank
desembarcado,landed
reuniera,gathered
zarina,tsarina
tatuada,tattooed
contadas,counted
cibernéticos,cybernetic
nutritivo,nutritious
excite,excite
girasoles,sunflowers
tiovivo,carousel
perdonaste,you forgave
geriátrico,geriatric
gritabas,you were shouting
valgan,worth
aterrorizando,terrorizing
pedernal,flint
apoyaremos,we will support
aten,aten
genero,gender
benévolo,benevolent
freidora,fryer
machacando,hammering
perderían,they would lose
volveras,you will return
sumerge,immerse
calvicie,baldness
escalador,scaler
salpicado,splashed
éticas,ethics
intentaran,they would try
canton,canton
welcome,Welcome
baskerville,Baskerville
saludarle,greet you
rosenthal,rosenthal
roc,roc
ladran,they bark
impuros,impure
encenderse,light
jubilarme,retire
enterase,find out
declararé,I will declare
nuremberg,Nuremberg
landau,landau
mentirnos,lying to us
afectaba,affected
distraerse,to get distracted
visceral,visceral
mosby,mosby
breen,breen
av,av
tumbó,knocked down
buren,buren
resplandece,shines
escóndelo,hide it
recostarte,lie down
envidioso,envious
adjetivo,adjective
fuistes,you went
iluso,dreamer
rocoso,rocky
capua,Capua
wolsey,wolsey
reflectores,reflectors
rebobinar,rewind
atom,atom
desempate,tie-breaker
joachim,Joachim
pálidos,pale
digitalmente,digitally
kms.,kms.
ganaban,they were winning
échese,lie down
tragaste,you swallowed
jordy,Jordy
har,har
eiji,Eiji
9mm,9mm
minar,undermine
contábamos,we were counting
quiche,quiche
raffaele,Raffaele
entrometa,meddler
bifurcación,fork
declarados,declared
puritana,puritan
pedís,you ask
participará,will participate
clamor,clamor
fotograma,frame
coincidió,agreed
sacrificarte,sacrifice yourself
indecencia,indecency
emigrar,emigrate
pig,pig
congelan,freeze
ranking,ranking
earle,earle
vigésimo,twentieth
cubriste,you covered
mayorcito,older boy
cataclismo,cataclysm
rehabilitado,rehabilitated
contestarte,answer you
inspeccionando,inspecting
apaño,fix
castaños,chestnut trees
venidas,arrivals
huesitos,little bones
lotta,lotta
sangrante,bleeding
ajustadas,adjusted
representados,represented
futbolistas,footballers
tenebrosa,dark
disfrutarán,they will enjoy
fell,fell
relucientes,gleaming
capté,I captured
ivana,Ivana
encajaría,would fit
presidio,presidio
entenderle,understand him
arrasa,sweeps away
eunucos,eunuchs
extrañando,missing
peanut,peanut
lió,mess
shangri-la,shangri la
chingados,damn it
reily,Reily
cowley,cowley
croissants,croissants
despilfarro,waste
rasgó,feature
delatarme,betray me
invierta,invest
ortodoxos,Orthodox
arabella,Arabella
badger,badger
mccloud,mccloud
disponga,arrange
burgundy,burgundy
rosy,Rosy
tarada,retard
georgette,Georgette
apartheid,apartheid
asociadas,associates
scudder,scudder
gires,turn
aclarando,clarifying
alborotadores,rioters
tolerará,will tolerate
accionar,actuate
thorndyke,Thorndyke
expulsarán,will expel
musculosos,muscular
lucharía,would fight
fisico,physical
limitación,limitation
demostraría,would demonstrate
montacargas,lift
nobody,nobody
columnista,columnist
shawna,Shawna
tocad,play
compartirá,will share
pelas,money
gasolineras,gas stations
inventados,invented
obtenía,obtained
armen,Armen
procedía,came
módulos,modules
t-bone,t-bone
interpretes,interpreters
boynton,Boynton
comi,I ate
profanar,profane
sabed,know
predecibles,predictable
síguelos,follow them
plunkett,plunkett
ordinarias,ordinary
distraídos,distracted
muirfield,Muirfield
alado,winged
tremendas,tremendous
adelina,Adelina
insuficientes,insufficient
galloway,Galloway
battlestar,Battlestar
adriano,Adriano
paje,page
trois,trois
tómela,take it
carnívoros,carnivores
colonizar,colonize
malignas,malignant
servirse,serve
afiliación,affiliation
cose,harvest
desenfrenado,rampant
detonante,detonating
naftalina,naphthalene
sortear,draw
frontales,frontal
bañas,bathe
nacio,was born
rami,Rami
bájenme,put me down
estupefacientes,narcotics
improvisa,improvise
manías,obsessions
cotillear,gossip
salame,salami
atuendos,outfits
coleta,pigtail
súplicas,pleading
contarías,would you tell
entenderlos,understand them
sorprenderlo,surprise him
domesticado,domesticated
exponencialmente,exponentially
repetitivo,repetitive
poseyó,possessed
gaseosas,soft drinks
aprovecharon,they took advantage
paseas,you walk
anchorage,anchorage
estimar,estimate
exponerlo,expose it
deténganla,Stop her
zoila,Zoila
raiders,raiders
facto,fact
descargué,I downloaded
trompetista,trumpet player
trasladen,move
montez,Montez
temblorosa,trembling
mere,deme
odiarla,hate her
gulliver,Gulliver
renunciará,will resign
orégano,oregano
nitroso,nitrous
alissa,Alissa
personalizado,personalized
humillarte,humiliate yourself
lubina,sea ​​bass
intermitentes,intermittent
vás,you're going
ñam,yum
saturado,crowded
intermedia,intermediate
contárnoslo,tell us
ex-convicto,ex-convict
vengando,avenging
haciamos,we did
mundanos,worldly
rotterdam,Rotterdam
grizzly,grizzly
kronos,Kronos
terminarse,to end
radiactiva,radioactive
conspiró,conspired
ligamento,ligament
atropellaste,You ran over
cincel,chisel
rancheros,ranchers
altruista,altruistic
digby,digby
defiendan,defend
omelet,omelet
genaro,Genaro
marilla,yellow
parisina,Parisian
sprint,sprint
estrellamos,we crashed
entrenarme,train me
fiestera,party girl
rosanna,Rosanna
cleve,key
kick,kick
guadalcanal,Guadalcanal
desaprobación,disapproval
talon,bead
clasico,classic
sincronía,synchronization
brillaban,they shone
avistado,sighted
spinning,spinning
natsu,Natsu
lido,lido
inhumana,inhuman
afiliado,affiliate
joselito,Joselito
pateaste,you kicked
mott,Mott
occipital,occipital
vomites,vomit
judge,judge
fsb,fsb
debutante,debutante
sto,sto
separatista,separatist
reconciliarse,reconcile
nikos,Nikos
leith,Leith
women,women
transformará,will transform
aclaración,clarification
ennis,Ennis
rematar,finish
moradas,dwellings
gimnasios,gyms
comprenderme,understand me
apresurarte,hurry
comprometes,you commit
curarle,cure him
proezas,feats
rimbaud,Rimbaud
rapear,rap
vagan,wander
salpicadero,dashboard
swain,swain
espirales,spirals
latinoamérica,Latin America
desnudar,strip
mercia,Mercy
ardo,I burn
escondías,you were hiding
vestigios,vestiges
femme,femme
distraes,distracts
bryson,Bryson
discapacitada,disabled
personificación,personification
esparcidas,scattered
dreams,dreams
follaje,foliage
colorida,colorful
colisiones,collisions
agacharse,bend
indicarme,tell me
mirala,look at her
gamble,gamble
reposa,rests
confiscó,confiscated
golpecitos,tapping
funcionase,worked
pídemelo,ask me for it
kazuo,Kazuo
hyoga,Hyoga
rizada,curly
cuidarle,take care of him
agarrada,grabbed
protegerlas,protect them
enojan,anger
fluorescente,fluorescent
ordenen,order
conformaría,would conform
gower,gower
partirle,part
preferir,prefer
certamen,contest
masturbando,masturbating
sillones,armchairs
moderada,moderate
alcanzaría,would reach
tocaran,they will play
evitaba,avoided
ecológica,ecological
helm,helm
amamantar,breast-feed
controlaré,I will control
sílaba,syllable
capacitados,trained
implantar,implant
épicas,epics
larrabee,larrabee
autorizadas,authorized
alton,alton
convenciera,would convince
categóricamente,categorically
fallara,failed
erick,Erick
vice-presidente,vice-president
dorcas,Dorcas
maníacos,maniacs
norwood,Norwood
stacie,Stacie
larguen,leave
arrastrándote,crawling
electroshock,electroshock
fugaces,fleeting
compartas,share
kingdom,kingdom
maña,manna
olerá,will smell
compensaciones,compensation
microscópico,microscopic
aplaste,crush
ass,ass
conspirador,conspirator
gaye,gaye
trillado,trite
localizados,located
coltrane,Coltrane
ensenada,cove
inverosímil,improbable
ruskin,ruskin
tiki,tiki
alimentarnos,feed ourselves
contemporáneos,contemporary
eventual,eventual
soplan,blow
encierras,enclose
expandió,expanded
colgará,will hang
matiz,hue
estatuilla,statuette
reading,reading
peyote,peyote
camerinos,dressing rooms
batiendo,beating
extrañarás,you will miss it
arrancaste,you started
culparle,blame him
verificó,verified
fallen,fallen
figuro,figure
woodruff,woodruff
dañan,damage
soju,soju
apuren,hurry
beberla,drink it
palmaditas,pats
periquito,parakeet
aconsejé,I advised
aviva,revive
convergencia,convergence
estremece,shudders
separaos,separate
isolda,isolda
travolta,Travolta
rajesh,Rajesh
revisados,reviewed
coronilla,crown
tulip,tulip
golondrinas,swallows
tosa,cough
backgammon,backgammon
deles,of them
terrell,Terrell
largaron,they let go
adjuntos,attachments
pateen,kick
actuaría,would act
geishas,geishas
molloy,molloy
traqueotomía,tracheotomy
adaptan,adapt
collage,collage
agarraos,Hold on tight
instalados,installed
katharine,Katharine
deduce,deduce
republica,republic
persistentes,persistent
complacería,would be pleased
articulos,articles
encarcelaron,imprisoned
anotador,annotator
sé-,HE-
bosta,dung
speer,speer
confirmadas,confirmed
encendiste,You turned on
versátil,versatile
chesapeake,Chesapeake
pensada,thought
detonó,detonated
metz,metz
clear,clear
recogidos,collected
gh,gh
subjefa,deputy chief
fairview,Fairview
bromistas,jokers
sacristán,sacristan
cancillería,chancellery
virgin,virgin
febril,febrile
proclamar,proclaim
mohawk,Mohawk
marcará,will mark
vincule,link
stagg,stagg
taki,taki
soy-,am-
xing,xing
mostremos,Let's show
videocámara,video camera
tintín,Tintin
raspado,scraping
ambar,amber
jeopardy,Jeopardy
ensuciarte,get dirty
endemoniado,possessed
andaría,would walk
lindura,cuteness
secretarios,secretaries
castración,castration
tarrant,tarrant
reunirás,you will gather
cincos,fives
guardad,save
reojo,out of the corner of my eye
déjaselo,Leave it to him
soñaría,I would dream
wimbledon,Wimbledon
cyber,cyber
celebraba,celebrated
deficiencias,deficiencies
rudeza,rudeness
entonce,then
reparos,objections
sombrerero,hatter
adelantarse,get ahead
antibombas,bomb disposal
olivos,olive trees
confiscaron,confiscated
singham,singham
cato,cato
cordell,cordell
biotecnología,biotechnology
gobierne,govern
trasfondo,background
murderface,Murderface
scarran,scarran
ocultismo,occultism
evaluado,evaluated
mosquetes,musketry
abrazarnos,hugging
koi,koi
fulanas,so-and-so-women
clash,clash
impresion,impression
err,err
condujera,would lead
venerado,revered
pernos,bolts
blanquear,whiten
podr,could
anhelando,longing
peregrinaje,pilgrimage
hive,hive
taeko,taeko
gehrig,gehrig
consecutivo,consecutive
encontraros,find you
riel,rail
maricon,fagot
diabética,diabetic
perteneciera,belonged
escáners,scanners
pensabamos,we thought
toxicidad,toxicity
fallidos,failed
flagg,flagg
aplicarse,apply
túnicas,tunics
charca,pond
alejaría,would move away
producimos,we produce
tragarme,swallow
bonsoir,good evening
aplazado,postponed
hwan,hwan
cabía,fit
sumado,added
reúnes,you gather
enredó,tangle
elspeth,elspeth
tachán,Ta-da!
probarlas,try them
timbira,Timbira
proporcione,provide
telefonos,telephones
manso,meek
dejémosle,Let's leave him
kohl,kohl
golpealo,hit him
knoxville,Knoxville
sagaz,sagacious
skills,skills
negada,denied
masilla,putty
aprendería,I would learn
necesitare,I will need
benefician,benefit
geológico,geological
contactarnos,contact us
bocinas,speakers
descubría,discovered
couldn,couldn
llevárselos,take them away
kringle,kringle
chanchullos,graft
incluirme,include me
nix,nix
conservaré,I will keep
service,service
delira,he's delirious
devolvía,returned
describiste,You described
soplado,blowing
piojo,louse
descontrolada,out of control
rapada,shaved
anfibios,amphibians
pillada,caught
echaras,you will throw
takayama,Takayama
desconocía,I didn't know
deshicimos,we undid
burrell,Burrell
afróntalo,Face it
inseguros,insecure
doakes,doakes
cumplirla,fulfill it
kepler,Kepler
mezquinos,mean
prakash,Prakash
escúchanos,listen to us
incorrectamente,incorrectly
vaughan,Vaughan
vasito,little cup
la-la,la-la
bóvedas,vaults
surfeando,surfing
nas,nas
nóminas,payrolls
opero,I operate
anunciaré,I will announce
saludarlos,Greetings
aldous,Aldous
libré,free
virutas,shavings
ocultación,concealment
hefner,Hefner
apuntándome,pointing at me
oponía,opposed
agradecerán,will appreciate
dunlop,dunlop
ramu,ramu
ilesa,unharmed
casaran,They will get married
cansarme,get tired
léa,read
lograrías,you would achieve
cumpleañera,birthday girl
ulds,ulds
cardinal,cardinal
suicidaron,They committed suicide
mcmahon,McMahon
depp,depp
construía,was building
grababa,recorded
cobraba,charged
parris,parris
hyah,hyah
limpiada,cleaned
claudine,Claudine
sabiondo,know-it-all
acusarla,accuse her
comunicadores,communicators
secan,dry
latour,Latour
mischa,mischa
osvaldo,Osvaldo
tapó,covered
numérica,numeric
coleccionaba,I collected
prisma,prism
clonar,clone
recomiendan,recommend
desvelar,reveal
rollie,rollie
reinhold,Reinhold
bellows,bellows
grúas,cranes
deshacen,undo
inanición,starvation
sinapsis,synapse
encenderá,will turn on
woolf,woolf
putrefacción,putrefaction
hieres,You hurt
expulsarme,expel me
compresas,compresses
declaracion,statement
escupidor,spitter
hediondo,smelly
admiré,I admired
pelada,peeled
verdi,Verdi
barr,barr
fiebres,fevers
lancer,lancer
toussaint,Toussaint
desearían,would wish
leann,leann
ofreceremos,we will offer
suri,suri
notificó,notified
wheaton,Wheaton
conservó,preserved
acompañamos,we accompany
maharajá,maharaja
oprimido,oppressed
emergen,emerge
impedirle,prevent him
entrevistamos,we interviewed
lakhan,Lakhan
edicto,edict
abofeteado,slapped
bilateral,bilateral
agregando,adding
cubrirla,cover it
puerca,sow
darrah,Darrah
artilleros,artillerymen
alcancemos,Let's reach
betsey,Betsey
polaroid,Polaroid
aleatorias,random
jae-in,jae-in
amélie,Amélie
puntiaguda,pointed
lascivo,lewd
bremer,Bremer
embarcaciones,boats
tangas,thongs
humillados,humiliated
cardiovascular,cardiovascular
conocés,you know
brasa,embers
ocasion,chance
canon,canon
juguetear,frolic
compensártelo,compensate you
parecerás,you will look
esp,esp
lenguajes,languages
pharrell,Pharrell
rumple,rumple
respectivos,respective
danville,Danville
obreras,female workers
cretina,cretin
agobiada,overwhelmed
tomy,Tommy
criminalístico,forensics
dejadas,left
celador,watchman
oídas,heard
simcoe,simcoe
locksley,Locksley
anyway,anyway
subían,they were going up
dudaré,I will doubt
solicitaron,they requested
pasáramos,we would pass
cicerón,Cicero
priva,private
náufragos,shipwrecked
atraería,would attract
neutrinos,neutrinos
chaka,chaka
serrín,sawdust
penitenciaria,penitentiary
cometan,commit
soneto,sonnet
consolarla,comfort her
effy,Effy
salma,Salma
esterlinas,sterling
destituido,destitute
echarían,they would throw
comercialización,marketing
déja,leaves
interrumpirme,interrupt me
conformarme,to be content
incendiando,setting fire
juguetería,toy store
dormilona,sleepyhead
lucirá,will look
mandaran,they will send
trudi,trudi
cougar,cougar
recorrimos,we toured
viables,viable
aerea,aerial
ashford,Ashford
preparaban,they were preparing
vir,vir
débito,debit
lidiado,dealt
entretenga,entertain
order,order
acusaste,you accused
dubái,Dubai
mierdecilla,little shit
phlox,phlox
amarán,they will love
échala,throw it
comporten,behave
chévere,cool
pretextos,pretexts
ofrecían,they offered
bassett,bassett
aeronáutica,aeronautics
hanlon,Hanlon
marconi,Marconi
espontaneidad,spontaneity
proporcionando,providing
recurre,resorts
maradona,Maradona
nicks,nicks
vi.,vi.
contrólese,control yourself
papelería,stationery
quemador,burner
instintivo,instinctive
inmediaciones,vicinity
endereza,straighten
cántame,sing to me
castigas,punish
mahatma,mahatma
asisten,attend
churros,churros
ara,ara
yuma,yuma
llamándola,calling her
calum,calum
moverlos,move them
vendria,would come
wii,wii
tratable,tractable
abusaba,abused
trasladarlo,move it
newsweek,Newsweek
ashok,ashok
albertine,Albertine
flying,flying
sabras,you will know
integrante,member
phantom,phantom
evolutiva,evolutionary
chien,dog
pornográfica,pornographic
matadle,kill him
acabarías,you would end up
poseídos,possessed
lag,lag
gabbar,gabbar
sicótico,psychotic
ayudándola,helping her
sacalo,take it out
cogerlas,pick them up
videntes,seers
neck,neck
viscoso,viscous
goliath,Goliath
muppets,muppets
celtics,Celtics
acostumbramos,we used to
brindando,providing
emergió,emerged
navajo,Navajo
stardust,stardust
thornhill,thornhill
matéis,kill
exquisitos,exquisite
medicado,medicated
convenzas,convince
picchu,picchu
vigílalos,watch them
uzi,uzi
construirla,build it
lun,mon
goin,goin
vendérselo,sell it to him
vasijas,vessels
admiramos,we admire
mezclarme,blend in
shakti,shakti
demándame,sue me
ones,ones
tansy,tansy
austríaco,Austrian
course,course
bozo,down
vacilación,hesitation
luo,luo
prestarnos,lend us
walkie,walkie
planificador,planner
sujétenlo,hold it
halliday,halliday
rosal,rosebush
agradeceríamos,We would appreciate it.
atendidos,attended
cometerá,will commit
sacrificada,sacrificed
reumatismo,rheumatism
gastaría,would spend
sonoras,sound
paisley,paisley
recibían,they received
controlaremos,we will control
financió,financed
escribano,notary
valerse,to rely
yuriko,yuriko
musicalmente,musically
simba,Simba
craigslist,Craigslist
narra,narra
oscars,Oscars
elaboración,elaboration
bluff,bluff
llanamente,simply
yagyu,Yagyu
lafitte,Lafitte
preocuparos,worry
marston,Marston
item,item
davie,Davie
tacoma,Tacoma
estuardo,Stuart
síguenos,Follow us
padecer,suffer
detallados,detailed
split,split
vendetta,vendetta
luciérnaga,firefly
fauces,jaws
reeve,Reeve
enojaría,would be angry
kwai,kwai
séptico,septic
pubis,pubis
frosty,frosty
reflexionando,reflecting
sole,sole
aseguradas,insured
robarán,they will steal
acrobacia,acrobatics
organos,organs
ablandando,softening
trasladando,moving
jérôme,Jérôme
desperdiciaste,you wasted
jilly,Jilly
phillipe,Philippe
náusea,nausea
ronan,Ronan
amato,love
jinn,jinn
winona,Winona
escaneado,scanning
medioambiente,environment
designar,appoint
b1,b1
colmenas,beehives
caducidad,expiration
alojada,hosted
manticore,manticore
sig,next
rabiosa,furious
betún,bitumen
rudd,rudd
férrea,iron
entrenaste,you trained
menear,shake
astoria,Astoria
loving,loving
tartamudea,stutters
redujeron,reduced
lluviosa,rainy
masacraron,massacred
whip,whip
scream,scream
zumos,juices
preparándote,preparing you
inserción,insertion
espiándome,spying on me
puje,bid
unía,united
mitigar,mitigate
sobrevalorada,overrated
arlette,Arlette
esperéis,wait
nombré,name
sacristía,sacristy
imprimiendo,printing
recitando,reciting
gaitas,bagpipes
aposta,bet
demolido,demolished
aguardan,They wait
bromee,joke
castilian,Castilian
cognitiva,cognitive
solvente,solvent
localizarlos,locate them
tratase,it was
virtuales,virtual
manipularme,manipulate me
deslizándose,sliding
matasen,kill
aquí.,here.
extracurriculares,extracurricular activities
obligadas,obliged
elitista,elitist
agüero,omen
suecas,Swedish
vp,VP
magníficamente,magnificently
ríanse,laugh
pritchett,Pritchett
finalizada,completed
morías,you were dying
válidas,valid
alimentará,will feed
decorando,decorating
incline,tilt
palin,palin
delfino,dolphin
interceptó,intercepted
krilin,Krillin
alva,alva
servil,servile
castas,castes
encantara,I would love it
satisfaga,satisfy
invitará,will invite
doné,I donated
sobrante,spare
sostendrá,will maintain
sobornando,bribing
planeador,glider
fs36,fs36
quinina,quinine
mee,mee
matándolo,killing him
poor,poor
nadadora,swimmer
itunes,iTunes
adornado,decorated
achille,Achille
arun,arun
estrangula,strangles
anka,anka
trillón,trillion
separará,will separate
profano,profane
scooby-doo,Scooby-Doo
choice,choice
cocoa,cocoa
precisan,they need
manita,little hand
maletines,briefcases
mâs,further
agarraremos,we will grab
arrastraré,I will drag
elegible,eligible
despachar,dispatch
decepcionarlo,disappoint him
alby,Alby
escondían,they were hiding
paley,paley
escaner,scanner
favorecer,favor
comprare,I will buy
tribulaciones,tribulations
denunciaron,they reported
thule,Thule
foros,forums
quebrantado,broken
willem,Willem
destruyamos,Let's destroy
near,near
posdata,postscript
calentará,will heat
pongámosle,Let's put it
terratenientes,landowners
colector,manifold
cínicos,cynics
arnott,arnott
formaremos,we will form
cicuta,hemlock
filmaste,you filmed
fisgonear,snoop
transfusiones,transfusions
identificarle,identify him
clapton,Clapton
cagaron,they messed up
golpearse,to hit
carry,carry
dis,dis
kendal,Kendal
raiz,root
greenpeace,Greenpeace
ahogara,drown
ciber,cyber
distraernos,distract us
tomándote,taking you
tadashi,Tadashi
suéltenla,Let her go
metálicas,metallic
ahm,ahm
payasada,charade
volteo,flip
aceveda,Aceveda
meena,meena
loxley,loxley
invertidos,inverted
proporcional,proportional
psíquicas,psychic
sandi,sandi
aspersores,sprinklers
adelantados,advanced
fraulein,fraulein
guardarlas,save them
ina,ina
yancey,Yancey
woong,woong
rinpoche,rinpoche
cafeteria,café
acostabas,you were going to bed
rothman,Rothman
firmarme,sign me
timbres,stamps
galas,finery
laredo,Laredo
corman,Corman
arrancados,torn out
excitando,exciting
visites,visits
recuéstese,lie down
estrena,premieres
sosten,support
resbalando,slipping
arrancamos,Let's get started
incubación,incubation
yéndome,leaving
humorista,humorist
relieve,relief
rascarse,scratch
comitiva,retinue
nishi,nishi
trio,trio
operarte,operate
magallanes,Magellan
bengalí,Bengali
sálvalo,save him
revolucionarias,revolutionary
indecisión,indecision
pequeñeces,trifles
existiese,existed
sumidero,sink
sab,sat
sant,saint
escupes,you spit
aumentos,increases
corn,corn
planeamiento,planning
browne,browne
clennam,Clennam
amenazantes,threatening
alegraré,I will be glad
ponzi,ponzi
bop,bop
kristian,Kristian
agripina,Agrippina
perfora,drill
recaudo,collection
regent,regent
cuestionan,question
temblaban,they were trembling
tana,tana
palpable,palpable
inoportuna,untimely
besame,kiss me
asombrados,amazed
catecismo,catechism
muriéndome,dying
4ch00000000,4ch00000000
holgazaneando,loitering
espino,hawthorn
ogros,ogres
ardua,arduous
tibbs,tibbs
mejórate,Get well soon
swami,swami
emparejar,match
resolverán,will resolve
ludo,ludo
majestic,majestic
marky,Marky
nade,swim
rawlings,rawlings
cepo,stocks
marchand,marchand
jedis,Jedi
brenna,Brenna
bistecs,steaks
palpitante,throbbing
sultan,sultan
fallaba,failed
cacharros,pottery
khaled,khaled
tóxicas,toxic
mustafá,Mustafa
soliamos,we used to
punzón,awl
ventajoso,advantageous
merchant,merchant
substancia,substance
deli,deli
punzantes,sharp
batatas,yams
odile,Odile
encefalitis,encephalitis
compi,buddy
atraparás,you will catch
boz,voice
ignoren,ignore
cilla,chair
resistía,resisted
estanques,ponds
reune,meets
escucheme,listen to me
runner,runner
higado,liver
dañina,harmful
siu,siu
escuchados,heard
atribuye,attributes
matasteis,you killed
tirarnos,throw us
seaquest,seaquest
reunirlos,gather them
cantábamos,we sang
mentores,mentors
chacha,maid
riot,riot
asistieron,attended
sten,sten
explícitamente,explicitly
glendale,Glendale
jeanine,Jeanine
obedecerá,will obey
marriott,Marriott
jacobson,Jacobson
cuidaos,Take care
pesticida,pesticide
baz,baz
sander,sander
amira,Amira
nadaba,swam
hei,hei
momma,momma
ayako,ayako
ensucies,you make a mess
despeguen,take off
quirúrgicos,surgical
míra,look
usc,USC
pararás,you will stop
enredar,tangle
which,which
realizaba,performed
hábilmente,skillfully
meollo,crux
pía,pious
lánzate,go for it
coogan,Coogan
derivación,derivation
caramelito,little candy
memorando,memorandum
discutía,argued
rehusar,refuse
roach,roach
urraca,magpie
saludad,greetings
indignada,outraged
idóneo,suitable
bufones,jesters
espectrómetro,spectrometer
conecten,connect
paladín,paladin
insolación,insolation
georgiana,Georgian
taser,taser
repulsión,repulsion
decias,you were saying
presionaste,you pressed
exterminación,extermination
soplona,snitch
frecuentaba,frequented
escaparán,will escape
schillinger,Schillinger
plantón,seedling
fisión,fission
situados,located
skeeter,skeeter
wehrmacht,wehrmacht
isha,isha
fetos,fetuses
carromato,caravan
entrelazados,intertwined
apoyos,support
ocupare,I will occupy
recobrado,recovered
vasily,Vasily
buzones,mailboxes
abrirlas,open them
ilícita,illicit
entretenidos,entertaining
samara,Samara
disipar,dispel
hume,hume
envenenadas,poisoned
nein,no
e.e.u.u.,USA.
rasta,Rasta
cazafortunas,fortune hunters
dirigirlo,direct it
faltantes,missing
coventry,Coventry
impío,impious
nonato,unborn
respetará,will respect
seleccionada,selected
surco,groove
colé,coleslaw
subvenciones,grants
ucranianos,Ukrainians
reflejada,reflected
interrumpan,interrupt
periódica,periodic
sarnoso,mangy
ayudaban,they helped
sasaki,Sasaki
expulsarlo,expel him
atravesaba,was going through
sostenerse,to hold
contrariamente,contrary
transmutación,transmutation
fanatismo,fanaticism
horneando,baking
porciento,percent
pelearte,fight you
kool-aid,kool-aid
imposibilidad,impossibility
embarcó,embarked
nauseabundo,nauseating
condenando,condemning
gresham,gresham
sacárselo,take it out
sugería,suggested
dieciseis,sixteen
pootie,pootie
shad1.2,shad1.2
4ah55,4ah55
gritara,would shout
comportar,behave
enésima,the umpteenth
inmorales,immoral
negoció,business
pillarle,catch him
vai,vai
pancartas,banners
agarrarlos,grab them
wings,wings
esquivado,dodged
excluidos,excluded
enfocarte,focus
dealer,dealer
prerrogativa,prerogative
organizaba,organized
permitidas,allowed
puertorriqueño,Puerto Rican
socavar,undermine
romanov,Romanov
yla,and the
desanime,discouragement
totò,totò
absorbida,absorbed
arrebatos,outbursts
aburrirse,get bored
divorcia,divorce
rinaldi,rinaldi
impresionan,impress
lienzos,canvases
chuparme,suck me
escondrijo,cache
brain,brain
felicitarla,congratulate her
buscaras,you will look
birds,birds
pestilencia,pestilence
desnudarte,undress
mission,mission
midtown,midtown
sallie,Sallie
durán,Duran
hendidura,cleft
matadlos,kill them
aly,aly
harm,harm
revelen,reveal
orientado,oriented
chuy,Chuy
resignado,resigned
esvástica,swastika
finalice,finish
enseñame,teach me
concentran,concentrate
aportación,input
disculpamos,We apologize
capturé,I captured
chalmers,chalmers
dejaria,would leave
describirías,would you describe
cene,dinner
university,university
designación,designation
bord2.2,bord2.2
lectora,reader
recetado,prescribed
3ah22,3ah22
alastair,Alastair
cuchitril,hovel
kakashi,kakashi
guarras,whores
yash,yash
ligaduras,ligatures
wyler,wyler
retendré,I will retain
sharif,Sharif
ilícito,illicit
necesitarme,need me
farid,Farid
moca,mocha
supusimos,we assumed
gae,gae
esperase,expected
viajera,traveler
hummel,hummel
látigos,whips
amenazándome,threatening me
bangalore,Bangalore
puritano,puritan
magistrados,magistrates
enchufes,plugs
insultan,insult
probados,tested
expo,expo
encárguense,take charge
córtame,cut me off
pittsburg,Pittsburgh
recompensarte,reward yourself
nagus,nagus
policíaco,police
marcamos,we marked
jorgen,Jorgen
habladora,talkative
maloney,Maloney
muesca,notch
gral,general
estático,static
caritas,faces
endeble,flimsy
aborigen,aboriginal
ist,ist
destripar,gut
théo,theo
letterman,Letterman
grac,grace
mp,mp
hinojo,fennel
mormona,Mormon
meteorólogo,meteorologist
enigmas,enigmas
inmaduros,immature
maximiliano,Maximilian
pendeja,stupid girl
ganz,ganz
confie,trust
neurológica,neurological
s.o.s.,s.o.s.
inofensivas,harmless
exponerte,expose yourself
coto,preserve
echados,thrown
comenzaran,they will begin
mighty,mighty
besador,kisser
microfono,microphone
fantastica,fantastic
tere,Tere
renunciaron,they resigned
lonchera,lunchbox
diseñamos,we design
yelp,Yelp
corresponder,correspond
mclean,mclean
quero,I want
carnales,carnal
patina,patina
jelly,jelly
inventaría,would inventory
mirándole,looking at him
cerezos,cherry trees
encerrarnos,lock ourselves up
macarena,Macarena
nasir,Nasir
arraigado,ingrained
pippi,Pippi
llevalo,take it
dialogar,to dialogue
notando,noticing
hallam,hallam
consolidar,consolidate
thi,thi
divorciaste,you divorced
hanzo,Hanzo
coristas,chorus members
virginie,virginie
llanero,plainsman
asignaturas,subjects
saladino,Saladin
sísmica,seismic
commendatore,commendatore
voorhees,Voorhees
caprice,Caprice
climas,climates
lamentando,regretting
mans,mans
lohan,Lohan
hani,hani
stallone,Stallone
disfraza,disguises
duren,last
cruzara,cross
gatear,crawl
sustituyendo,replacing
dibuje,draw
enrolla,rolls
preparaciones,preparations
polímero,polymer
chupasangre,bloodsucker
fender,fender
amarra,mooring
derrotaron,defeated
snart,snart
fuzzy,fuzzy
ofenderla,offend her
congestión,congestion
behind,behind
chapera,chapera
secretismo,secrecy
arcón,bunker
conceden,grant
capturando,capturing
protegiéndome,protecting me
bronquitis,bronchitis
desorientación,disorientation
guk,guk
sacrificarlo,sacrifice it
sensacionales,sensational
atracó,holdup
mj,mj
despejando,clearing
manejen,drive
acumulada,accumulated
falafel,falafel
clavados,dives
lía,Lia
referéndum,referendum
allanar,smooth
agrego,I add
conociéndote,getting to know you
rondar,haunt
metralletas,machine guns
sudario,shroud
variados,varied
batiatus,batiatus
masturbas,masturbate
ellsworth,ellsworth
ágiles,agile
térmicas,thermal
sona,sona
triunfará,will triumph
acetona,acetone
rozando,grazing
siniestros,accidents
pobrecitos,poor things
nanobots,nanobots
protestan,protest
cogedla,grab it
acomoda,accommodates
haragán,sluggard
macduff,Macduff
inapropiadas,inappropriate
correrás,you will run
brazas,embers
ilumíname,enlighten me
valorada,valued
murtaugh,Murtaugh
cavó,dug
yahoo,Yahoo
devoran,devour
enterarás,you will find out
reventando,bursting
burlaron,they mocked
horroriza,horrifies
emplean,employ
estimaciones,estimates
rios,rivers
knows,knows
s-sí,y-yes
guan,guan
suresh,suresh
flamencos,flamingos
reemplazados,replaced
conners,corners
céline,Céline
sostengan,hold
parafernalia,paraphernalia
inferno,inferno
trasciende,transcends
estaciónate,park
búrlate,mock
pastar,pasture
cómeme,Eat me
arbitro,referee
tulipán,tulip
pure,puree
envíelo,send it
maderos,lumber
destitución,dismissal
colarnos,sneak in
bellaco,knave
conciso,concise
matthias,Matthias
christi,Christi
dispárales,shoot them
miocardio,myocardium
jugaras,you will play
preocupándose,worrying
siracusa,Syracuse
insultada,insulted
donatella,Donatella
voluble,fickle
reces,cattle
westwood,Westwood
avergüenzan,embarrassing
desayuné,I had breakfast
discrepar,disagree
comidos,eaten
huélelo,smell it
azota,whips
action,action
papeleta,ballot
opresores,oppressors
cagarse,to shit
diabólicos,diabolical
asegurare,I will assure
caminaban,they were walking
gim,gym
liquidez,liquidity
sentaras,you will sit
mirlo,blackbird
educacion,education
méliès,Méliès
volarle,fly
meatwad,meatwad
apuntaré,I will note
forget,forget
recomenzar,recommence
índico,Indian
caminaste,you walked
cazarlo,to hunt it
conti,continued
sonreíd,smile
year,year
merendar,snack
hervé,boiled
sugirieron,suggested
troyano,Trojan
60s,60s
sommers,summers
lacroix,Lacroix
pain,pain
tiernamente,gently
mírenlos,Look at them
costco,Costco
montenegro,Montenegro
automotriz,automotive
hyo,hyo
collie,collie
receptivo,receptive
plateados,silver
starsky,starsky
termal,thermal
herzog,Herzog
simplista,simplistic
contundentes,forceful
jammer,jammer
desearme,wish me
guárdelo,save it
descolgado,detached
wordsworth,Wordsworth
reine,queen
apodado,nicknamed
eustace,eustace
desespera,despairs
innata,innate
ling-ling,ling-ling
hurt,hurt
ulla,ulla
revive,revive
conectarnos,connect
kunal,kunal
elegirme,choose me
nacion,nation
invitarles,invite them
stoner,stoner
raspar,scrape
pap,dad
drink,drink
irresponsabilidad,irresponsibility
victoriosa,victorious
foxxy,foxxy
napolitano,Neapolitan
mongo,mongo
locker,locker
plastico,plastic
protegiéndote,protecting you
salter,Salter
retiros,withdrawals
cienciología,Scientology
inyectando,injecting
obsoleta,obsolete
lanzarle,throw it
ahem,ahem
hardcore,hardcore
guardarlos,save them
niklas,Niklas
unicamente,only
enfrenten,face
metcalf,Metcalf
comento,I comment
nak,nak
tormentoso,stormy
involucro,I involve
produccion,production
compania,company
ilustrísima,Your Excellency
tapados,covered
denunciarme,report me
poquitín,trifle
desconecte,disconnect
thrash,thrash
oblígame,force me
wolfram,wolfram
ligamentos,ligaments
enteraran,they will find out
desenfrenada,unbridled
alucinado,hallucinating
florales,floral
bailarás,you will dance
nanette,Nanette
audra,audra
multiplica,multiply
bujías,spark plugs
orin,urine
romy,Romy
portaré,I will carry
ofreceros,offer you
remolachas,beets
pompones,pompoms
bellotas,acorns
cuidándote,taking care of you
alcoholemia,blood alcohol level
odiosos,hateful
futurista,futuristic
camuflado,camouflaged
triples,triples
meteros,get in
villana,villain
mandón,bossy
retuerce,twists
feudal,feudal
tilda,accent mark
álguien,someone
ecologista,ecologist
avergonzó,embarrassed
timado,scammed
avellana,hazelnut
cotillón,cotillon
venger,avenger
parton,Parton
omer,omer
compensado,compensated
atravesarla,go through it
subtitulo,caption
quedaréis,you will remain
pescaron,they caught
profesoras,teachers
dori,Dori
crab,crab
kelli,Kelli
declaren,declare
factory,factory
nombrarlo,name it
carcajada,laugh
tecnica,technique
mintiéndole,lying to him
maleficio,hex
gemini,Gemini
vivito,alive
cepillado,brushing
jay-z,Jay-Z
dermatólogo,dermatologist
progresistas,progressives
chernobyl,Chernobyl
ima,ima
movie,movie
investigaste,did you investigate
desconfiada,distrustful
bendíceme,bless me
fenomeno,freak
cualificados,qualified
almohadón,cushion
yusef,yusef
tratarle,treat him
criminalista,criminalist
causamos,we cause
sentaban,they sat
contagia,contagious
stahl,steel
proponga,propose
reconstruirlo,rebuild it
explotaría,would explode
animan,encourage
meat,meat
cars,cars
interrogarte,question you
xindi,xindi
confiaban,trusted
levantadas,raised
gigantescos,gigantic
olerte,smell you
censurado,censored
wales,Wales
alentando,encouraging
láudano,laudanum
abrieras,you opened
desamparada,helpless
reportarme,report me
filipino,Philippine
culparon,they blamed
tolerable,tolerable
sálveme,save me
firmadas,signed
nevins,nevins
blow,blow
alarmes,alarms
pillaré,I'll catch
brigham,Brigham
inspiras,inspire
esposada,handcuffed
ichiro,ichiro
danes,Danish
oídme,Listen to me
molesley,molesley
metio,put
annapolis,Annapolis
elektra,Elektra
joes,Joes
apresurarme,hurry
proclamación,proclamation
insistimos,we insist
parlanchín,chatterbox
saqueador,looter
anja,anja
descargo,discharge
plagada,plagued
navideños,Christmas
sumida,submerged
deliciosamente,deliciously
ophelia,Ophelia
trini,Trini
permítanos,allow us
estrangulando,strangling
lore,lore
artemisa,sagebrush
crimson,crimson
cachas,muscular
llévalas,Take them
fascinan,fascinate
estropeas,you spoil
uve,V
goce,joy
sacarías,you would get
langford,Langford
misionera,missionary
siguiéndolo,following him
desplazarse,commute
fido,fido
ila,ila
brío,verve
intrigada,intrigued
disidente,dissident
presagios,omens
saloon,saloon
terneros,calves
respetaré,I will respect
surtidor,pump
maitre,maitre
apresuradamente,hurriedly
kevlar,Kevlar
buceando,diving
ganesh,Ganesh
quiã,who
belice,Belize
adopté,I adopted
culparnos,blame us
folló,he fucked
vasallo,vassal
acampado,camped
hernandez,Hernandez
recaer,relapse
obsérvame,watch me
atormentar,torment
justifique,justify
ento,then
arriesgaremos,we will risk
button,button
tarareando,humming
indomable,indomitable
temperance,temperance
estornudos,sneezing
multimillonarios,billionaires
narcisismo,narcissism
mt,mt
retractarse,retract
nevado,snowy
estudiaremos,we will study
arqueológico,archaeological
wons,wons
jean-louis,Jean-Louis
lamentaría,I would regret
imaginad,imagine
toddy,Toddy
autoayuda,self-help
aparentas,you pretend
enclenque,sickly
golpeteo,pounding
injustos,unfair
tami,tami
diganme,tell me
anuló,annulled
genovese,Genoese
hacé,does
paseíto,little stroll
bellamente,beautifully
otomano,Ottoman
aplacar,placate
rectoría,rector's office
interpongan,interpose
ahogues,drownings
trafalgar,Trafalgar
denuncie,report
interrumpieron,interrupted
sinaí,Sinai
incompatibles,incompatible
significante,significant
ronson,ronson
ferg,ferg
saverio,Saverio
estrógeno,estrogen
confidencias,confidences
clavaste,you nailed
salados,salty
reprimidos,repressed
expendedoras,vending machines
boreal,boreal
llenaremos,we will fill
flavia,Flavia
leeremos,we will read
suplentes,substitutes
bartolomé,Bartholomew
contestaron,they answered
tinglado,shed
vasallos,vassals
inservibles,useless
apetecible,appetizing
escaneos,scans
provenían,came from
pareciste,you seemed
merc,merc
extrañarlo,miss him
abruma,overwhelming
robocop,Robocop
ocurrirle,happen to
soma,soma
marmaduke,marmaduke
calabacín,zucchini
hospitalizada,hospitalized
cream,cream
instancias,instances
bryn,bryn
rouen,Rouen
selim,selim
arrojamos,we throw
dew,dew
fórceps,forceps
evitarte,avoid you
dignatarios,dignitaries
saludé,I greeted
dirias,would you say
tríos,trios
establecerme,settle down
gobernada,governed
revocada,revoked
cochina,dirty
zambullida,dive
estornuda,sneezes
llévelos,Take them
panisse,panisse
fusta,whip
steve-o,Steve-o
chewie,Chewie
asentarse,settle
anhelos,longings
basilio,Basil
hiera,wound
o.k,OK
olfatear,sniff
combinadas,combined
rampas,ramps
discutes,you argue
folle,folle
asociarse,associate
thanos,Thanos
pardillo,linnet
hélices,propellers
estanco,watertight
deslizan,slide
pandemia,pandemic
novatas,novices
estarse,to be
confinada,confined
lose,I know
cardiopulmonar,cardiopulmonary
consecutiva,consecutive
pescan,fish
cardassiana,Cardassian
kanji,kanji
monterey,Monterey
lastimarás,you will hurt
abalanzó,lunged
vacíe,empty
minute,minute
jordán,Jordan
celulitis,cellulitis
preparara,prepare
arrastrándome,dragging me
abreviar,abbreviate
necesitéis,you need
visados,visas
reprocho,reproach
quererle,to love him
akemi,Akemi
seton,seton
grendel,Grendel
soos,soos
tragan,swallow
imperfección,imperfection
chapucero,bungler
almacenada,stored
erotismo,eroticism
ruegue,please
preocuparle,worry him
tátara,Tatar
agote,exhaust
intensificar,intensify
bye-bye,bye-bye
forster,Forster
mccallister,McCallister
salarial,wage
repartidores,delivery drivers
querréis,you will want
palpita,throbs
atarla,tie it up
comparan,compare
palanquín,palanquin
tributos,taxes
turbia,murky
calgary,Calgary
hines,Hines
renaud,renaud
renegociar,renegotiate
ayudándole,helping him
ingratitud,ingratitude
esfuerce,strive
aldrich,aldrich
haciéndolos,making them
tenme,hold me
caraculo,asshole
safe,safe
subdirectora,deputy director
rydell,Rydell
activan,activate
protón,proton
nestor,Nestor
cuestionarme,questioning
knightley,Knightley
pegajosas,sticky
kamehouse,Kamehouse
grease,Grease
internacionalmente,internationally
jugosos,juicy
injertos,grafts
echols,echols
fardo,bale
respetarme,respect me
ingeniosas,ingenious
mitchum,Mitchum
perdérmelo,miss it
rohypnol,Rohypnol
sintetizar,synthesize
perdían,They were losing
rovere,Rovere
colgantes,pendants
lanzarán,they will launch
tómale,take it
fumaré,I will smoke
maze,maze
condenarán,will condemn
operarios,operators
teje,weaves
viggo,Viggo
votaciones,voting
vomitas,you vomit
prohibí,I forbade
dah,dah
ioh,ioh
patean,kick
imaginarias,imaginary
bozal,muzzle
lupita,Lupita
davros,davros
maurizio,Maurizio
macon,Macon
acompañaría,would accompany
bofetón,slap
láminas,sheets
gastaré,I will spend
tug,tug
konstantin,Konstantin
envien,send
menospreciar,disparage
míster,Mr.
determinan,determine
inexplicablemente,inexplicably
quejaron,they complained
quilla,keel
secuestré,I kidnapped
embarcando,boarding
manchados,stained
encimera,worktop
mig,mig
decapitada,decapitated
moment,moment
sacrificaste,you sacrificed
shing,shing
huelan,smell
baste,enough
contaminantes,pollutants
cortésmente,politely
estridente,strident
morehouse,morehouse
sincronizar,synchronize
prenderle,turn it on
hooters,Hooters
peleados,fought
remolcar,tow
bañaba,bathed
declaras,you declare
sectas,sects
ix,ix
aconteció,it happened
cally,cally
cansarse,tire
nadya,Nadya
chamanes,shamans
sorprendernos,surprise us
nuggets,nuggets
sigrid,Sigrid
sanadora,healer
ghb,ghb
participaré,I will participate
descartarlo,discard it
parr,parr
acostumbrarnos,get used to it
thanks,Thanks
desaparecieran,disappear
nts,nts
rochefort,Rochefort
acorralados,cornered
dianne,Dianne
distribuyendo,distributing
fresh,fresh
excéntricos,eccentrics
alineadas,aligned
medimos,we measured
genérico,generic
gayatri,gayatri
renovando,renewing
masacrado,massacred
manténlo,keep it
numerosa,numerous
botwin,botwin
imprudentemente,recklessly
flotadores,floats
catedrático,professor
aditi,aditi
shunin,shunin
criador,breeder
remodelar,remodel
demetrio,Demetrius
neely,neely
actuas,you act
cuádruple,quadruple
veraz,truthful
encuéntrate,find yourself
shoo,shoo
ahhhh,ahhhh
cottage,cottage
románticamente,romantically
hr,hr
vigilaban,they were watching
cristian,Christian
recógeme,pick me up
pulcro,neat
sham,sham
lavarla,wash it
suspicaz,suspicious
basar,base
clamando,crying out
jas,has
capra,goat
hoz,sickle
ceniceros,ashtrays
attica,Attica
cheetah,cheetah
escalade,escalate
oleadas,waves
desgarra,It tears apart.
bañada,bathed
peatonal,pedestrian
creyese,believed
descomunal,huge
viéndolos,watching them
inez,inez
ulrik,ulrik
extravagancia,extravagance
describía,described
secuestrarla,kidnap her
coolidge,coolidge
reirte,laugh
estacionamientos,parking
ago,aug
laney,laney
runkle,runkle
carruthers,Carruthers
apuramos,we hurry
ime,time
caerían,would fall
camorra,quarrel
pillando,catching
ecg,ECG
nige,nige
rayanne,Rayanne
hidromasaje,hydromassage
nestlé,Nestlé
solucionó,solved
retorciéndose,writhing
barrington,Barrington
ferdinando,Ferdinand
appa,app
klux,Klux Klux
pasárselo,pass it on to him
beauchamp,Beauchamp
asentir,assent
conceptual,conceptual
repensar,rethink
ryum,ryum
braille,braille
concibió,conceived
depresiva,depressive
bulldogs,bulldogs
abrela,open it
stiller,stiller
supero,I surpass
tallada,carved
hipnótico,hypnotic
estabilizadores,stabilizers
exhibiciones,exhibitions
andaré,I will walk
imaginaría,I would imagine
rocosa,rocky
kleenex,Kleenex
creértelo,believe it
involucraba,involved
reparada,repaired
dreyer,dreyer
déjenle,leave him alone
ducho,shower
masturbándose,masturbating
refrigeradores,refrigerators
regrésalo,return it
inducida,induced
i.a.,i.a.
absorbente,absorbent
manejarse,manage
podredumbre,rot
kin,kin
bracken,break
utilizarlos,use them
lloriqueo,whining
merecida,deserved
orca,killer whale
quítamela,Take it off me
póngalos,put them
duty,duty
tableros,boards
halen,Halen
más-,further-
hanne,Hanne
henshaw,henshaw
guess,guess
cursis,corny
ponganse,put on
emparentados,related
detestan,They hate
golpéala,hit it
coordinando,coordinating
vilo,I'm on edge
evitaré,I will avoid
noh,noh
baladas,ballads
rakesh,rakesh
kc,kc
promiscuidad,promiscuity
disfrútala,Enjoy it
giancarlo,Giancarlo
ivanova,ivanova
scavo,scavo
hoss,hoss
bíblicos,biblical
luck,luck
entretengas,entertain
enterados,informed
correspondientes,corresponding
cosilla,little thing
kurtz,Kurtz
tweets,tweets
atemorizado,afraid
fleet,fleet
sodas,sodas
cerrándose,closing
interrogador,interrogator
olvidad,forget
librito,booklet
enfisema,emphysema
bayon,bayon
barnabas,Barnabas
disfrutaremos,we will enjoy
kenichi,kenichi
mercancia,commodity
conozcáis,know
balzac,Balzac
civilizadas,civilized
caminará,will walk
pereira,Pereira
utilizaría,would use
deliberación,deliberation
sindrome,syndrome
slick,slick
desperdició,waste
sennin,sennin
votas,you vote
comértelo,eat it
tacaños,cheapskates
agitados,agitated
manteneros,keep
sadler,Sadler
anaconda,anaconda
pac-man,Pac-Man
leighton,Leighton
gansa,goose
cirque,Cirque
mcginnis,McGinnis
recíproco,reciprocal
novatadas,hazing
conducías,You were driving
cepillar,brush
clarisse,Clarisse
guardaban,they kept
mírelos,look at them
emergiendo,emerging
muffy,Muffy
suspenden,suspend
anímese,Cheer up
aconsejarte,advise you
gominolas,gummy bears
argenteam,argenteam
diggle,diggle
respetes,respect
voodoo,voodoo
such,such
aerodinámica,aerodynamics
condescendencia,condescension
sacrificaría,would sacrifice
hacedle,do it
revelarlo,reveal it
rótula,patella
cruje,creaks
almenos,at least
infecciosas,infectious
retó,challenge
afeité,I shaved
enaguas,petticoat
entrégalo,hand it over
corresponsales,correspondents
chavo,kid
ducto,duct
triunfe,triumph
sacrificarme,sacrifice
enterrarme,bury me
alimentaré,I will feed
calentó,heated up
complicarse,to become complicated
encomendado,entrusted
revelados,revealed
impacta,impact
manejará,will handle
compraban,they bought
macetas,flowerpots
oo,oo
trazos,strokes
bowden,bowden
engañarle,deceive him
continuos,continuous
landing,landing
asqueado,disgusted
babá,slime
cambiantes,changing
dijó,said
chequeado,checked
intracraneal,intracranial
schindler,Schindler
mediar,mediate
añejo,old
arrancaba,it started
bromeabas,You were joking
fincas,farms
cerraran,They will close
llamalo,call him
nasty,nasty
janos,janos
tera,tera
soñadora,dreamer
retrases,delays
recordados,remembered
absorbió,absorbed
tejones,badgers
memoricé,I memorized
estire,stretch
arrójalo,throw it away
educacional,educational
aproximarse,approach
repasamos,we review
conformarte,settle
arrepintiendo,repenting
leamos,Let's read
torá,Torah
torturador,torturer
enganché,hitch
crédulo,gullible
guggenheim,Guggenheim
narcótico,narcotic
cautelosa,cautious
fundió,melted
caucásica,Caucasian
eliminaré,I will delete
matándote,killing you
ingerido,ingested
despedirle,dismiss him
sorpresita,little surprise
solomillo,sirloin
secular,secular
milford,Milford
extinguir,extinguish
basto,coarse
clegg,clegg
chista,joke
redimirse,redeem
contarlas,count them
conducirás,you will drive
jalando,pulling
blandengue,soft
prematrimonial,premarital
norbert,Norbert
mudarás,you will move
lainey,Lainey
sonabas,you sounded
redimirme,redeem me
mudemos,Let's move
ganabas,you won
stinson,stinson
eleve,raise
confiarle,trust him
marcaba,marked
sujetaba,held
liados,tied
viejecita,little old lady
imperialistas,imperialists
mirror,mirror
eructo,belch
reader,reader
piruleta,lollipop
andábamos,we were walking
eriksen,Eriksen
pippo,Pippo
investigas,you investigate
elevará,will raise
brillen,shine
mojigato,prude
desconexión,disconnection
chillona,squeaky
pillarte,catch you
proximos,next
gratuitas,free
atraviesas,you cross
sálvala,save her
ell,he
aspiro,I aspire
cánticos,chants
vestidores,changing rooms
oimos,we hear
hebreos,Hebrews
investigada,investigated
regalarme,give me
acceda,access
empujamos,we push
devolvamos,Let's return
tentando,tempting
girard,girard
dañaron,damaged
retador,challenging
gritaría,I would scream
shiryu,Shiryu
ambigüedad,ambiguity
maletin,briefcase
creéme,believe me
o.c.,o.c.
tenderme,lie down
abrían,they opened
stumpy,stumpy
impunidad,impunity
spitzer,Spitzer
juncos,reeds
cooter,scooter
adaptarnos,adapt
torsten,Torsten
simi,simi
abandonemos,let's abandon
escuadron,squadron
innovaciones,innovations
galo,Gallic
odiseo,Odysseus
dalí,Dalí
ocupaste,you occupied
vivieran,lived
dominaba,dominated
alusión,allusion
cederé,I will give in
deslice,slide
pertenecerá,will belong
shoot,shoot
arisa,arisa
alojamientos,accommodations
sacaros,get out
solido,solid
suponerlo,suppose it
organizadas,organized
gateando,crawling
erecto,erect
allegra,allegra
raritos,weirdos
pasion,passion
zone,zone
cónclave,conclave
analicemos,Let's analyze
santillana,Santillana
polonio,polonium
dispersas,scattered
desequilibrada,unbalanced
sito,site
pantaletas,panties
renuncian,resign
sumido,submerged
ligadura,ligature
mercadotecnia,marketing
perecer,perish
informaste,you reported
pitufina,Smurfette
cábala,cabala
kiyoko,kiyoko
poniéndolo,putting it
motivó,reason
asumas,assume
émile,Emile
enfocados,focused
oigámoslo,Let's hear it
jueguecitos,little games
paine,paine
equivoquen,make a mistake
colocarle,place it
sermonearme,to lecture me
almohadilla,pad
glorias,glories
construirán,they will build
hogwarts,Hogwarts
montrose,Montrose
irascible,irascible
subestimando,underestimating
contestación,reply
kala,kala
horizon,horizon
focus,focus
permanezco,I remain
puedes-,can-
fame,fame
tibetano,Tibetan
minos,Minos
llevadla,take her
bowery,bowery
yet,yet
lonely,lonely
escabeche,marinade
preservado,preserved
bañan,bathe
cabreo,anger
descubri,I discovered
jump,jump
cárgalo,Charge it
calentarme,warm up
tita,Tita
resultante,resulting
feudo,fief
gusanito,little worm
buff,buff
compresa,compress
tártaros,Tartars
lisiada,crippled
loquito,crazy kid
nss,nss
dynamics,dynamics
inculpado,accused
adebisi,adebisi
tortazo,clout
fogatas,campfires
shado,shadow
agitadores,agitators
tiesa,stiff
minúsculas,lowercase
raw,raw
pedías,you were asking
holográfica,holographic
muscle,muscle
tumbarte,lie down
dannycorreia,dannycorreia
guiara,guide
atrayente,attractive
obligarnos,force us
riko,riko
mostro,showed
demoraré,I will delay
trigger,trigger
discernir,discern
tribbiani,Tribbiani
invasivo,invasive
libraste,you got away
unieras,you would join
flautas,flutes
disolvente,solvent
timar,cheat
recupérate,Get well
fio,fio
electrónicamente,electronically
guárdese,keep
procreación,procreation
maltratar,mistreat
importantísimo,extremely important
creara,would create
entráis,you enter
copacabana,Copacabana
satánicos,satanic
holman,holman
barbitúricos,barbiturates
pretendían,they intended
oahu,oahu
sólos,alone
cork,cork
guadalajara,Guadalajara
ducado,duchy
rummy,rummy
lmbécil,imbecile
asfixió,suffocated
patinadores,skaters
nativas,native
0h,0h
travez,through
guirnaldas,garlands
ranchos,ranches
bernhardt,Bernhardt
aparecieran,appeared
reactivar,reactivate
deshonestos,dishonest
pornográficas,pornographic
montarla,assemble it
alejandra,Alejandra
educador,educator
educadas,educated
poughkeepsie,Poughkeepsie
acústico,acoustic
frote,rub
basas,bases
impresionable,impressionable
cazó,saucepan
sobrellevarlo,cope with it
recuperarán,will recover
holger,Holger
tráiganos,bring us
esfúmate,vanish
congelaron,froze
pronunciarlo,pronounce it
escuchéis,listen
irrefutables,irrefutable
recio,strong
christoph,Christoph
canica,marble
referia,referred to
seta,mushroom
patrocinar,sponsor
procuro,I try
vegana,vegan
divertirás,You'll have fun
galeria,gallery
articular,articulate
kirsty,Kirsty
redirigir,redirect
acalorado,heated
tormentosa,stormy
hortera,tacky
indra,Indra
cónyuges,spouses
spitz,Spitz
cubrirán,will cover
excitaba,excited
disminuyó,decreased
atacaré,I will attack
salúdame,Say hello to me
guruji,guruji
naciendo,being born
ghana,Ghana
standish,standish
diya,diya
penúltimo,penultimate
boxes,boxes
tetona,big tits
perdiéramos,we lost
compartiste,you shared
blackwood,blackwood
colaborado,collaborated
lock,lock
establezcan,establish
integrarse,integrate
deslealtad,disloyalty
nerys,nerys
simpatizante,sympathizer
obituarios,obituaries
boticario,apothecary
fundadora,foundress
boat,boat
spoiler,spoiler
carney,carney
encante,enchant
alinean,align
especializo,I specialize
crecían,were growing
apetitos,appetites
líbrate,free yourself
métanlo,put it in
archivador,file
ahórrese,save yourself
ponedlo,put it on
timmins,Timmins
temida,dreaded
schrader,Schrader
capeside,capeside
continuan,continue
talking,talking
relacionarte,connect
towler,towler
burning,burning
localizaron,they located
marxista,Marxist
arrestará,will arrest
noa,noa
aspiradoras,vacuum cleaners
tejo,yew
inmobiliarias,real estate
gert,gert
organizacion,organization
inaudible,inaudible
evapora,evapora
roanoke,roanoke
divirtiéndome,having fun
cortarles,cut them
pinchando,clicking
requeridos,required
instalarme,settle
aseguradoras,insurance companies
votante,voter
bottom,bottom
empatado,tied
urbanos,urban
laguerta,Laguera
rad,rad
percibes,you perceive
rihanna,Rihanna
periodística,journalistic
quejica,complainer
guadaña,scythe
lela,lela
kaori,Kaori
obedientes,obedient
gerber,Gerber
cedí,I gave in
peep,peep
veladas,evenings
vengaremos,we will avenge
enigmático,enigmatic
suspendan,suspend
removida,removed
oscureció,It darkened
deux,deux
autumn,autumn
notoriedad,notoriety
gwon,gwon
trabajarías,would you work
faisanes,pheasants
pelín,a little
vivirías,you would live
bésalo,kiss him
limitaré,I will limit
aprobamos,We approve
foy,foy
actualizando,updating
crujir,creak
alucinantes,amazing
briar,briar
distinciones,distinctions
manchó,stained
derriben,tear down
dyer,dyer
proverbios,proverbs
agotan,exhaust
disuadir,deter
adyacente,adjacent
flama,flame
ensangrentadas,bloodied
utilidades,utilities
holocubierta,holodeck
planeadas,planned
blanqueo,bleach
aii,aii
intranquilo,uneasy
mendel,Mendel
asnos,donkeys
zigzag,zigzag
masón,mason
contamina,pollutes
ivanov,Ivanov
frustra,Frustrates
gaita,bagpipes
empleando,using
aórtica,aortic
inadvertido,unnoticed
malcriados,spoiled
perdonarnos,forgive us
hagalo,Do it
germánico,Germanic
doren,Doren
vendríamos,we would come
sima,chasm
irritantes,irritants
comigo,with me
dryden,dryden
alarga,lengthens
armaste,armed
concorde,concorde
rítmica,rhythmic
malentiendas,misunderstandings
registrarte,register
ensuciando,dirtying
ofrécele,offer it
enterrarán,they will bury
alvey,alvey
martel,martel
parábola,parable
sintomas,symptoms
escondeos,hide
ehi,ehi
plum,plum
entiéndeme,understand me
buenísimas,excellent
rickman,Rickman
unírsenos,join us
pleitos,litigation
comic-con,comic-con
hummus,hummus
jefazo,boss
lafferty,Lafferty
epitafio,epitaph
teatrales,theatrical
recógela,pick it up
curiosidades,curiosities
stew,stew
pactar,to agree
veterinarios,veterinarians
implicando,implying
dermot,dermot
pedid,ask
inventarse,invent
arrojarme,throw me
pateamos,we kicked
ique,ique
considerara,would consider
berna,Bern
tapia,wall
anagrama,anagram
heimlich,Heimlich
dmv,dmv
cabelleras,hair
depravados,depraved
galvin,galvin
anzuelos,fishhooks
pirateado,hacked
observándonos,watching us
megafonía,public address system
izquierdos,left
irrompible,unbreakable
cometería,would commit
preséntame,Introduce me
leva,cam
vivi,I lived
ríndase,surrender
engañara,will deceive
dijon,Dijon
enérgicamente,strongly
jean-paul,Jean-Paul
aprobarlo,approve it
experimentaron,experienced
farkle,farkle
sónica,sonic
especificamente,specifically
resignación,resignation
induce,induce
aportado,contributed
sorbos,sips
refinados,refined
avisad,warn
danke,thank you
michelangelo,Michelangelo
violarte,rape you
spiro,spiro
acaparar,hoard
mataria,would kill
rh,Rh
viking,Viking
kaan,kaan
háganos,make us
ablandado,softened
hechizada,bewitched
huo,huo
espartano,Spartan
kub,kub
spidey,Spidey
investigándolo,investigating it
herrick,Herrick
ariadne,Ariadne
itinerante,itinerant
tipico,typical
sofocado,suffocated
tachado,crossed out
matsumoto,matsumoto
bovary,Bovary
berkowitz,Berkowitz
armaron,they armed
aplastarte,crush you
relevar,relieve
streep,Streep
loo,loo
butterfield,Butterfield
peina,comb
borradas,deleted
ganados,cattle
decíroslo,tell them
gladstone,gladstone
tivo,tive
gazette,gazette
encurtidos,pickles
chamarra,jacket
ignórala,Ignore it
minusválidos,disabled
entrevistarte,interview you
tra,tra
svr,svr
pagaréis,you will pay
aplastarlo,crush it
caiste,you fell
participaba,participated
confiaras,you will trust
nicolai,Nicolai
atrevan,dare
aclararte,clarify
payton,payton
cobrarlo,collect it
markov,Markov
determine,determine
evitarlos,avoid them
señorías,Your Excellencies
relajaos,relax
vinculante,binding
pornográfico,pornographic
distanciado,distanced
principito,princeling
identificando,identifying
contrainteligencia,counterintelligence
sisters,sisters
salvad,save
sheena,Sheena
desmoronó,crumbled
rendirán,will yield
despampanante,stunning
3ra,3rd
extendiéndose,extending
recaudando,raising
rehan,rehan
lattimer,lattimer
desgarró,tore
fool,fool
destructora,destructive
maddalena,Maddalena
lando,landau
aslam,aslam
empapelado,wallpaper
perdieran,lost
agregue,add
teeger,teeger
reuniéndose,meeting
pablito,pablito
tenerles,to have them
patron,pattern
cierne,buds
vacíen,empty
cántala,Sing it
espumoso,sparkling
pickett,Pickett
gastarse,spend
pelando,peeling
hagámosle,Let's do it
tan-,so-
respondiera,would respond
helechos,ferns
petty,petty
vinicius,Vinicius
charlatana,charlatan
estacionarse,park
dejalos,leave them
mejorarse,improve
preocupabas,you were worried
fix,fix
monetaria,monetary
osada,daring
depot,depot
descremada,skimmed
subdural,subdural
piruetas,pirouettes
exportaciones,exports
filip,Philip
dáselos,Give them to him
corrales,corrals
ulysses,Ulysses
braguitas,panties
carabinieri,carabinieri
mcavoy,McAvoy
beatty,beatty
retenerlos,retain them
vestigio,vestige
observándome,watching me
pentagrama,staff
avanzas,you advance
cracker,cracker
along,along
tas,tas
ymca,YMCA
multiples,multiple
albrecht,albrecht
anticongelante,antifreeze
monótona,monotonous
pónganla,put it on
poblacion,population
contagiar,spread
interponerme,to intervene
desborda,overflows
deformación,deformation
windows,Windows
magulladuras,bruises
legítimas,legitimate
mandaban,they commanded
autovía,dual carriageway
apostaba,bet
barstow,Barstow
directivas,directives
revisarlos,review them
muchisimas,many
fríamente,coldly
tolstoi,Tolstoy
actuaban,they were acting
retengo,I retain
criarlos,raise them
bajadas,downhills
ultron,Ultron
adelantas,you advance
marceau,Marceau
desafías,You challenge
participen,participate
nia,girl
devo,I devote
michelin,Michelin
enloquecerá,will go crazy
refiera,refer
olympic,Olympic
elegiremos,we will choose
adiestramiento,training
registrad,registered
oías,you heard
inimaginables,unimaginable
irregularidad,irregularity
palms,palms
aplicamos,we apply
bio,bio
amargos,bitter
agachados,crouching
connery,Connery
lumbre,fire
bajaras,you will go down
certero,accurate
prendedor,brooch
rezó,prayed
ha-ha,ha-ha
ondeando,waving
denham,Denham
desafortunadas,unfortunate
tali,tali
juntarme,join
odiarías,you would hate
retirarán,will withdraw
excelsior,Excelsior
obedecerás,you will obey
responderemos,we will respond
susurras,whispers
collarín,collar
crème,cream
metropolitan,metropolitan
artificieros,bomb disposal experts
reaper,Reaper
nilsson,Nilsson
informales,informal
levantarás,you will lift
stannis,Stannis
reclutados,recruited
jakey,Jakey
pelearía,would fight
recordarlos,remember them
sd,sd
comprobaba,was checking
rezagados,stragglers
presentía,I had a feeling
tropezaste,you tripped
administrando,managing
aprobaba,approved
carecía,lacked
oprimir,press
excavado,excavated
heston,Heston
pac,pac
contradictorio,contradictory
trágate,swallow
cocidas,cooked
decepcionarme,disappoint me
regresarte,return you
apresura,hurry
orines,urine
sombrerito,little hat
motoras,motors
zora,Zora
anulada,annulled
marcharán,they will march
lastimarnos,hurt us
spangler,spangler
sheba,Sheba
maleante,malefactor
expresé,I expressed
declaraste,you declared
freedman,freedman
mojón,cairn
patitos,ducklings
alargado,elongate
sutra,sutra
flacos,skinny
remueve,removes
elevando,raising
obedeciendo,obeying
gillis,gillis
leonid,Leonid
enmiendas,amendments
traficaba,trafficked
robemos,Let's steal
enganchados,hooked
coméis,you eat
comprometieron,committed
accediste,you agreed
derrochar,waste
houlihan,Houlihan
latinio,Latin
gru,gr
jalapao,jalapao
ji-won,ji-won
rezaremos,we will pray
cammy,Cammy
quiero-,wanna-
transeúntes,passersby
dimaggio,dimaggio
dilbert,Dilbert
pedalear,pedal
operarle,operate
loman,Loman
garantizan,guarantee
levántame,lift me up
lr,lr
infecte,infect
henrickson,henrickson
frutillas,strawberries
expresas,express
spalding,Spalding
válidos,valid
interroguen,question
inspiraron,inspired
embutidos,sausages
declararlo,declare it
incisiones,incisions
ecologistas,environmentalists
cuthbert,Cuthbert
asimilarlo,assimilate it
despídeme,Say goodbye to me
búlgaro,Bulgarian
atenderte,to assist you
facilitó,facilitated
amortiguador,shock absorber
sometió,submitted
creame,cream
enfoques,approaches
enredos,entanglements
atómicos,atomic
romulana,Romulan
velando,watching
resistí,I resisted
impactada,shocked
denarios,denarii
examino,I examine
opa,opa
maite,Maite
ícaro,Icarus
volcánicas,volcanic
sedoso,silky
linderman,Linderman
quítala,Take it off
carraspea,clears throat
stapleton,Stapleton
fantasy,fantasy
woodhull,Woodhull
fuíste,you went
sudores,sweats
mayorcita,older girl
retoque,retouch
garantizamos,We guarantee
someterme,submit
centran,focus
recompensará,will reward
espias,spies
endurece,hardens
salander,Salander
aniquilados,annihilated
ramsés,Ramses
cojea,limps
tolerantes,tolerant
sofocar,stifle
alojaba,housed
enredada,tangled
rumana,Romanian
habitada,inhabited
tamura,tamura
rickshaw,rickshaw
wonderful,wonderful
tonny,Tony
arreglare,I'll fix it
participas,you participate
magoo,magoo
cocteles,cocktails
notifique,notify
pensadlo,Think about it
yeguas,mares
borracheras,drunkenness
cagadero,bog
testamentos,wills
gestor,manager
modificó,modified
dále,give it
corwin,Corwin
beberme,drink me
mátelo,kill him
identificacion,ID
asando,roasting
aubry,aubry
españas,Spain
untar,spread
síí,yes
vestiste,you dressed
pesimismo,pessimism
lo-,it-
sumergir,immerse
avisados,warned
retén,checkpoint
suplicado,begged
publicarán,will publish
tragará,will swallow
sian,sian
coexistir,coexist
socorrista,life guard
traeros,bring you
quedármela,keep it
chunghae,Chunghae
retiradas,withdrawals
recortando,cutting
lentillas,contact lenses
rowland,Rowland
slash,slash
ilesos,unharmed
igualita,exactly the same
iya,iya
daph,daph
neurales,neural
cortisona,cortisone
hilde,Hilde
pasare,I will pass
rath,rath
escribamos,let's write
robarás,you will steal
simpáticas,nice
adelantamos,we advance
sdv,sdv
preguntaran,they will ask
mowgli,Mowgli
importados,imported
escupa,spit
excursionistas,hikers
alisa,smooths
garantizarte,guarantee you
adaptada,adapted
yago,Yago
dust,dust
animes,anime
entendidos,understood
dispersar,disperse
abrigada,warm
haleh,haleh
habran,there will be
remmy,Remmy
ordenadas,ordered
mustangs,mustangs
banqueta,sidewalk
duraba,lasted
toleran,tolerate
varían,vary
coronada,crowned
macabra,macabre
aclamado,acclaimed
jugosas,juicy
contaminando,polluting
mcbeal,McBeal
contratará,will hire
teclados,keyboards
alcahuete,pimp
dono,I donate
compartiría,would share
remanente,remainder
cortezas,barks
rogaba,begged
beagle,beagle
vieira,scallop
sora,Sora
nombraré,I will name
lucero,morning star
riva,drift
conjuntivitis,conjunctivitis
detalladas,detailed
apañado,breaded
nygma,nygma
mong,mong
encarna,embodies
textualmente,verbatim
semanalmente,weekly
continuen,continue
valerio,Valerio
descompuesta,decomposed
salvaros,save you
comprobada,verified
retorcer,twist
gem,gem
lakh,lakh
laughs,laughs
alentado,encouraged
montarme,get on
apuestes,bet
soltara,would release
destruída,destroyed
renfield,Renfield
uniros,join
asalta,assaults
criticarme,criticize me
coordinadora,coordinator
sujétale,hold him
congelamiento,freezing
nomino,I nominate
recomendarte,recommend you
pescaste,you caught
japp,japp
pedida,request
raydor,Raydor
resultaste,you turned out
esforzaste,you made an effort
tragues,swallows
prusiano,Prussian
foxy,foxy
liberace,liberace
cargad,loaded
ferroviaria,railway
tiradora,shooter
sentirlos,feel them
obscuro,dark
adúltera,adulteress
yel,and the
imbeciles,imbeciles
creme,cream
estrellé,I crashed
mojitos,mojitos
angina,angina
utilización,utilization
estrangularla,strangle her
cortaban,they cut
zimmer,zimmer
dondé,where
inconsistente,inconsistent
apremia,urgent
kuvira,Kuvira
diagnosticó,diagnosis
schuester,Schuester
contiguo,adjacent
miraran,they would look
degollado,beheaded
skinny,skinny
congelarse,freeze
blinky,blinky
rishi,rishi
yuen,yuen
monólogos,monologues
enlazar,link
pilato,Pilate
contase,count
conseguís,you get
orfanatos,orphanages
galimatías,rigmarole
impedírmelo,prevent it
mather,mather
vigilándolo,watching him
piraña,piranha
empújame,push me
neurológicos,neurological
cazaba,hunted
perseguirlos,pursue them
enfriará,will cool
advierten,they warn
cheyne,Cheyne
romulano,Romulan
caifás,Caiaphas
july,July
impresas,printed
ahogará,will drown
derribe,demolition
dinky,dinky
ocasionado,caused
colorante,dye
babi,babi
piquetes,pickets
desencadena,triggers
decayendo,decaying
recolecta,collection
cab,cab
textiles,textiles
calentaré,I will heat
aparto,device
arréglatelas,sort it out
repasarlo,review it
endorfinas,endorphins
fortachón,strongman
penalti,penalty
expirado,expired
acróbatas,acrobats
contentar,please
provocaba,caused
salpica,splashes
allanamientos,raids
terminaríamos,we would end
sacrificamos,we sacrifice
fechado,dated
astrofísica,astrophysics
jarrones,vases
hoppy,hoppy
encuéntrelo,find it
noël,Christmas
diréis,you will say
castigarán,will punish
calmense,calm down
england,England
remontar,come back
contrarios,opposites
toparme,run into
cruzarme,cross paths
usare,I will use
arruinarán,will ruin
enter,enter
wasabi,wasabi
finde,weekend
pelearás,you will fight
homofóbico,homophobic
regata,race
sabiduria,wisdom
porsupuesto,of course
poligamia,polygamy
stingray,stingray
vadim,vadim
trátalo,treat it
mordecai,Mordecai
excitar,excite
escondiera,hid
aster,aster
conspirado,conspirated
impares,odd
acaparando,hoarding
publicaré,I will publish
truly,truly
negativamente,negatively
borro,I delete
apretaste,you pressed
cranston,Cranston
impasible,impassive
gosh,gosh
regio,royal
apilados,stacked
agredida,assaulted
haji,haji
chon,chon
pendrive,USB drive
encerraran,they will lock up
intuyo,I suspect
abstracta,abstract
venérea,venereal
quebrando,breaking
fruit,fruit
ovulando,ovulating
desterrada,banished
tape,tape
quejarnos,complain
kenna,Kenna
stroud,stroud
rómulo,Romulus
atañe,It concerns
limitó,limited
bullet,bullet
byrnes,Byrnes
piojoso,lousy
rollin,rollin
atacarla,attack her
disponía,had
muddy,muddy
avanzad,advanced
pinchos,skewers
envoltorios,wrappers
magnates,tycoons
melman,Melman
walkman,Walkman
ani,ani
kaji,kaji
informara,will report
predicadores,preachers
hack,hack
havre,have
guardaron,they kept
entrevistarlo,interview him
ahorcados,hanged men
galeras,galleys
bjørn,bjørn
estructurales,structural
mencionamos,we mentioned
destacada,featured
equidad,equity
abolición,abolition
avisame,Let me know
contreras,contreras
mojé,I got wet
conciencias,consciences
heisenberg,Heisenberg
lija,sandpaper
kiosco,kiosk
mammy,mammy
atm,atm
vodevil,vaudeville
1o,1st
llegare,I will arrive
ls,ls
atea,atheist
permitírtelo,allow yourself to
rozado,grazed
rescataste,you rescued
latif,latif
gordura,fatness
conquistarla,conquer her
cavan,dig
optó,opted
convencen,convince
vogler,vogler
quemaban,they burned
prometerlo,promise it
estallando,exploding
fabricados,manufactured
arbor,tree
analfabetos,illiterate people
funcionales,functional
bohemio,Bohemian
escuchadas,heard
apuesten,bet
tonel,barrel
trotsky,Trotsky
requerimos,we require
gwyneth,Gwyneth
lnternet,Internet
merca,market
espectral,spectral
cayetano,Cayetano
enloquecieron,they went mad
garvin,Garvin
preferías,would you prefer
opositores,opponents
engreídos,conceited
culturalmente,culturally
envolviendo,wrapping
aniversarios,anniversaries
eton,eton
hinchadas,fans
patearía,would kick
keanu,Keanu
luminosas,bright
agravantes,aggravating factors
acarrear,carry
tomármelo,take it
cocinará,will cook
xxx,xxx
oink,oink
montalvo,Montalvo
nódulos,nodules
previsiones,forecasts
weenie,weenie
romperlas,break them
conduciremos,we will drive
nanni,nanni
norrie,Norrie
cobraron,they charged
tui,tui
navegan,they sail
hizó,did
adictiva,addictive
egon,egon
conserjes,janitors
mehra,mehra
estola,stole
jotas,jotas
solicitada,requested
kristi,Kristi
peace,peace
chachi,cool
trabajaran,they will work
consíguele,get it
arrepentirán,they will regret it
soldadura,welding
serguéi,Sergei
maclean,Maclean
confinados,confined
silbatos,whistles
combaten,fight
aspirado,aspirate
bern,Bern
gospel,gospel
fracasará,will fail
abrecartas,letter opener
contadora,accountant
darnley,Darnley
minmei,minmei
dumplings,dumplings
continuaría,would continue
spin,spin
estrangularon,strangled
cheetos,Cheetos
mimosas,mimosas
vecinal,local
confundan,confuse
juli,juli
anunciarles,announce them
infartos,heart attacks
tirarán,they will throw
comunícate,communicate
roncas,snores
desalojen,evict
halford,Halford
ikari,ikari
transportista,carrier
supervisado,supervised
broad,broad
motoristas,motorcyclists
roast,roast
testificado,witnessed
deshiciera,undid
fluctuación,fluctuation
sorete,sorete
llovizna,drizzle
antiséptico,antiseptic
reves,reverse
atravesaremos,we will cross
brahma,Brahma
kell,Kell
bendícenos,bless us
argyle,argyle
acomodador,usher
woolsey,woolsey
cargará,will load
picha,dick
capuchas,hoods
agachate,duck
caminarás,you will walk
venéreas,venereal diseases
caracteriza,characterizes
ofenderlo,offend him
ricachones,rich people
protegerás,you will protect
codificados,coded
expresarle,express to him
insinuado,implied
medellín,Medellín
table,table
quest,quest
distinguen,distinguish
descartó,ruled out
grow,grow
obturador,shutter
tinder,Tinder
reos,prisoners
finalizó,finished
splinter,Splinter
infrarroja,infrared
tullio,Tullio
separaba,separated
barneys,Barneys
culver,culver
polenta,polenta
generalísimo,generalissimo
arreglarle,fix it
oona,Oona
atas,atas
soportarla,endure it
almacenan,stores
amanecerá,dawn will break
amortiguadores,shock absorbers
hayworth,Hayworth
3a,3a
recomendarle,recommend
pillos,crooks
judá,Judah
sódico,sodium
pujando,bidding
olvidadlo,forget it
nanjing,Nanjing
desagrado,displeasure
agrupación,group
cadaveres,corpses
ellington,ellington
demostrárselo,prove it to him
aburrió,bored
incredulidad,disbelief
recuperarlas,recover them
enfrentaría,would face
reubicación,relocation
presentimientos,premonitions
ayanami,ayanami
hablarse,to speak
televisiones,televisions
avanzaremos,we will move forward
inagotable,inexhaustible
zi,zi
saborearlo,savor it
citada,cited
japones,Japanese
culparse,blame oneself
variadas,varied
almohadones,cushions
marchémonos,Let's leave
consolidated,consolidated
satoshi,satoshi
identificadas,identified
riccardo,Ricardo
ventoso,windy
ningunas,none
adelantemos,Let's move forward
detenerlas,stop them
peca,freckle
violaba,raped
orcas,orcas
dispensa,dispensation
encerraba,enclosed
caminaría,would walk
sobreprotector,overprotective
obelisco,obelisk
phineas,Phineas
reconocible,recognizable
rumsfeld,Rumsfeld
vázquez,Vazquez
babuinos,baboons
déjense,let go
silenciado,silenced
farber,Farber
datan,daten
reconectar,reconnect
camarógrafos,cameramen
divertiros,have fun
liebres,hares
hundes,you sink
motines,riots
necia,foolish
chantajeó,blackmailed
adquirida,acquired
fragante,fragrant
habituado,accustomed
thurman,Thurman
graneros,granaries
patoso,clumsy
preguntáis,You ask
ayudáis,You help
aserrín,sawdust
amarrada,tied up
albaricoque,apricot
kuala,Kuala
avanzo,I advance
deportada,deported
proxy,proxy
arbitrario,arbitrary
declararte,declare yourself
escalante,escalant
plomeros,plumbers
model,model
fibrosis,fibrosis
enchufado,plugged in
alexandria,Alexandria
funcionamos,we work
peta,peta
restablecido,re-established
metáis,put
ganaderos,cattle farmers
lasky,lasky
salúdalo,greet him
se.,HE.
yool,yool
localmente,locally
trombosis,thrombosis
evaporado,evaporated
bogg,bogg
smile,smile
rebosa,overflows
zezé,zezé
lamas,shovels
acueducto,aqueduct
su-,his-
captamos,we captured
lamentaciones,wailing
kamp,kamp
descansad,rest
transito,transit
superaron,overcame
indecentes,indecent
kétchup,ketchup
grossman,grossman
preguntaros,ask yourselves
jodimos,We screwed up
edmundo,Edmund
ampare,protect
anfiteatro,amphitheater
prosperan,thrive
lucido,lucid
bitch,bitch
balcones,balconies
célibe,celibate
pesará,will weigh
fijaron,they fixed
véis,you see
wilmington,Wilmington
perdéis,You lose
miraos,look at yourselves
buhardilla,attic
stamper,stamper
arrebatada,snatched
corrijo,I correct myself
planicies,plains
faltaron,were missing
sionista,Zionist
tranvías,trams
agite,shake
exhumación,exhumation
legos,laity
aferro,I cling
blind,blind
regrésame,give me back
betts,Betts
jacoby,Jacoby
vala,vale
brindaré,I will offer
ariete,ram
agradezcan,be grateful
inscribir,enroll
supernovas,supernovas
defraudé,I disappointed
difteria,diphtheria
despojos,remains
sujetó,subject
bocaditos,snacks
linds,linds
uniéndose,joining
encantarán,they will love it
vencen,expire
taxímetro,taximeter
honrarlo,honor him
poniente,west
steadman,steadman
ishaan,ishaan
mayorista,wholesaler
glaucoma,glaucoma
primeramente,firstly
versace,Versace
activarlo,activate it
entrometidos,nosy
modernidad,modernity
witter,witter
através,through
errática,erratic
molan,cool
recuérdale,remind him
rómpete,break
nadó,swam
consultó,consulted
dorf,dorf
compota,compote
fabián,Fabian
observad,observe
maridito,hubby
echarías,you would throw
profanación,desecration
turcas,Turkish
reclame,claim
opresor,oppressor
anteanoche,the night before last
evocar,evoke
incrustada,embedded
descuidar,neglect
shari,shari
decapitar,decapitate
tuan,tuan
calentadores,heaters
doblamos,we fold
fundamentalistas,fundamentalists
pequeñez,smallness
martins,Martins
deo,deo
hogg,hogg
incita,incites
transmitiré,I will transmit
eriksson,Eriksson
panther,panther
reconocerle,recognize him
sumergible,submersible
espinillas,pimples
vid,vine
kroll,kroll
metropolis,metropolis
apuñalo,stab
filipinos,Filipinos
sandman,Sandman
adjudicado,awarded
desangrarse,to bleed out
affleck,Affleck
operada,operated
kray,kray
figueroa,Figueroa
atormentando,tormenting
tiroteado,shot
puritanos,puritans
sorprenderse,be surprised
lennier,Lennier
subete,get on
potomac,Potomac
casamentera,matchmaker
hoffa,hoffa
confiará,will trust
aprendida,learned
ávido,avid
curados,cured
archienemigo,archenemy
metodista,Methodist
admitan,admit
juntarlos,put them together
nostálgica,nostalgic
ermita,hermitage
teseo,Theseus
kavanaugh,Kavanaugh
apostados,bets
tray,tray
padecía,suffered
homeland,homeland
atorados,stuck
demuéstrale,show him
alcachofas,artichokes
nautilus,nautilus
enanitos,dwarves
clavaron,nailed
transeúnte,passerby
rage,rage
arnett,arnett
salientes,outgoing
wembley,Wembley
recurrido,appealed
tarek,Tarek
destrúyelo,destroy it
sleep,sleep
propagando,propagating
whipple,whipple
extinguieron,extinguished
exhibiendo,exhibiting
testificaré,I will testify
renacuajos,tadpoles
necesitase,needed
notifica,notifies
comprometiendo,compromising
maximus,maximus
abastecer,supply
comprometen,commit
tatara,great-great ...
transexuales,transsexuals
succionar,suck
saberla,to know
rawlins,rawlins
quilombo,quilombo
mundy,mundy
patience,patience
entrenaré,I will train
visiontext,visiontext
thoreau,Thoreau
sangro,I bleed
desactive,deactivate
delegar,delegate
pondríamos,we would put
partía,departed
bugatti,Bugatti
destrozarlo,destroy it
saints,saints
provengo,I come from
vastos,vast
forsyte,forsyte
ascuas,embers
interpretará,will interpret
suicidan,suicide
hundirte,sink
cholo,cholo
enfrentarla,face it
aliviados,relieved
fumada,smoked
tusubtitulo,yoursubtitle
ingratos,ungrateful
forestales,forestry
aqua,aqua
caven,caven
perturbando,disturbing
abate,abbe
ashe,ashe
ranuras,slots
esterilización,sterilization
post-it,post-it
avergoncé,I was ashamed
olvidarías,you would forget
valemos,we are worth
curioseando,snooping
haruko,Haruko
proclamado,proclaimed
manubrio,handle
siddhartha,Siddhartha
agravio,grievance
latigazo,lash
evoca,evokes
delatará,will betray
iniciaste,you started
butacas,seats
consíguenos,Get us
litchfield,Litchfield
sinergia,synergy
canarios,Canary Islanders
estiró,stretched
desviados,diverted
revolucionar,revolutionize
jenson,Jenson
paúl,Paul
tt,tt
quimica,chemistry
adel,forward
indiscreciones,indiscretions
casaríamos,we would get married
subestación,substation
unicos,unique
fei-hung,fei-hung
phipps,phipps
confundirte,confuse
misas,masses
ariana,Ariana
animaba,encouraged
predecesores,predecessors
despertarlos,wake them up
percaté,I noticed
opine,give your opinion
bonn,Bonn
velozmente,quickly
mandemos,Let's send
lanzaría,would launch
dedícate,dedicate yourself
secarte,dry yourself
jessy,Jessy
cívica,civic
enfadando,angering
certificación,certification
quisieramos,we would like
gauthier,gauthier
guardabosque,ranger
fats,fats
fringe,fringe
imprimió,printed
fawcett,Fawcett
tropezando,stumbling
cargaremos,we will load
charlton,Charlton
sintieran,felt
lazlo,Lazlo
trípoli,Tripoli
lamentan,regret
secuestramos,we kidnapped
hardwick,Hardwick
evitaste,you avoided
inmediatos,immediate
breakfast,breakfast
pacíficas,peaceful
vacunado,vaccinated
entumecido,numb
bailábamos,we danced
tímpanos,eardrums
tenista,tennis player
descampado,open field
elígeme,choose me
obscenos,obscene
desprendió,detached
mendigando,begging
fisioterapeuta,physiotherapist
honran,honor
puntiagudas,pointed
deportar,deport
hitch,hitch
gritón,loud
rizo,curl
exprimido,squeezed
lla,lla
descontado,discounted
heparina,heparin
tambaleándose,staggering
striker,striker
millennium,millennium
repetidos,repeated
presentacion,presentation
escojas,choose
expectación,expectation
victoriano,Victorian
vulva,vulva
navegó,sailed
veterana,veteran
elinor,elinor
destacan,stand out
roslyn,Roslyn
marbella,Marbella
deformidad,deformity
secuestrarme,kidnap me
málaga,Malaga
mwah,mwah
wol,wol
cantada,sung
ramone,Ramone
rebotan,bounce
marinera,sailor
abhimanyu,abhimanyu
terminaban,they ended
camillas,stretchers
exagerados,exaggerated
complacerá,will please
rance,rance
traduciendo,translating
esfínter,sphincter
mayordomos,butlers
expandiéndose,expanding
izar,hoist
desparecido,missing
entretendré,I will entertain
enfurecer,infuriate
soportamos,we support
critiques,criticize
salmos,psalms
bunting,bunting
debiendo,owing
arañado,scratched
removiendo,removing
tardara,it will take
peróxido,peroxide
bombazo,bombshell
housewives,housewives
darin,Darin
defcon,defcon
nation,nation
fracasas,You fail
tanja,tanja
huirá,will flee
acusándome,accusing me
dandole,giving it
michi,michi
inscribirme,sign up
dejenlo,leave him alone
covenant,covenant
anormalidad,abnormality
herrera,herrera
érais,you were
litt,litt
atraerlos,attract them
gawain,gawain
molestarles,bother them
bolena,Boleyn
ahorrarme,save me
reaccionaron,they reacted
creíbles,credible
prenatal,prenatal
calesa,buggy
repentinos,sudden
a.d.,a.d.
colocaba,placed
patrono,patron
mckee,McKee
despertarán,they will awaken
oyeras,you would hear
pogo,pogo
satomi,satomi
narcos,drug traffickers
violen,rape
apoderaron,seized
román,Roman
bue,good
eliminé,I deleted
prevé,expects
transportación,transportation
identificarme,identify me
desviada,diverted
amerita,It deserves
firmaba,signed
güey,dude
competidora,competitor
oponerme,oppose
reflujo,reflux
abducción,abduction
suicidaré,I will commit suicide
gritará,will shout
reías,you were laughing
ingirió,ingested
ocúpense,take care of it
bateando,batting
voluntades,wills
invitaras,you will invite
llámela,call her
bleu,blue
curiosear,pry
inoue,inoue
fillory,Fillory
amianto,asbestos
miligramo,milligram
apostemos,Let's bet
inventadas,invented
rotar,rotate
accesibles,accessible
celsius,Celsius
saludaba,greeting
belcebú,Beelzebub
vendado,bandaged
practicó,practical
muñón,stump
recordarías,would you remember
buscarles,look for them
cornualles,Cornwall
tube,tube
apuntaron,they pointed out
kaspar,Kaspar
pediátrica,pediatric
catalogado,cataloged
chumhum,chumhum
codornices,quails
novicia,novice
ovario,ovary
chevron,chevron
pelle,skin
destruccion,destruction
pásatelo,Pass it on
obertura,overture
remolcado,towed
deshonroso,dishonorable
oms,WHO
acompañaras,you will accompany
poniéndonos,putting us
habérsela,to have it
thurston,Thurston
ilegítima,illegitimate
ójala,I wish
enfadaba,angered
bumblebee,bumblebee
1ra,1st
devalos,devalos
broches,brooches
cúbranme,cover me
enfermaron,they got sick
technicolor,technicolor
busan,Busan
bardot,Bardot
escandalosas,scandalous
guíanos,guide us
hechar,throw
cuéntenme,Tell me
incierta,uncertain
pétalo,petal
jornadas,days
regresaban,they were returning
rompiéndose,breaking
irrumpido,broken in
pescadería,fish market
waits,waits
tes,tes
lánzame,throw me
fiske,fiske
munsch,munsch
sorbona,Sorbonne
comenzaban,were beginning
interesen,interest
apelando,appealing
flavio,Flavius
granola,granola
varun,varun
divorcian,divorce
concienzudo,conscientious
convoco,I summon
javed,javed
acordando,agreeing
pronuncio,I pronounce
burbujeante,bubbly
estrada,road
iqbal,iqbal
hoboken,hoboken
rodeó,rodeo
yunque,anvil
cervicales,cervical
virtuosos,virtuosos
estrangularme,strangle me
waring,waring
verbos,verbs
reyna,queen
mizoguchi,mizoguchi
pocket,pocket
marchetti,Marchetti
chisholm,chisholm
cogieran,they would take
cuidándome,taking care of me
abrieran,opened
servirían,would be useful
olmos,elms
trivialidades,trivia
insultarte,insulting you
compórtese,behave
fusileros,riflemen
secretariat,secretariat
casucha,hovel
flipper,flipper
loable,laudable
montecristo,Monte Cristo
pulaski,Pulaski
empatar,tie
amarre,mooring
consagrada,consecrated
ortopedia,orthopedics
overol,overalls
arc,arc
ang,ang
epiteliales,epithelial
charada,charade
casacas,jackets
mathison,Mathison
nadir,nadir
canilla,bobbin
culposo,guilty
comensales,diners
aparecerías,you would appear
honoria,honoria
omelette,omelette
contradictorias,contradictory
memos,memos
memorables,memorable
talmud,Talmud
intentase,attempted
neumotórax,pneumothorax
revivió,revived
shhhh,Shhh
impartir,impart
reputacion,reputation
beckwith,Beckwith
patológica,pathological
probarás,you will try
sorpresivo,surprising
dub,dub
kemal,Kemal
árbitros,referees
peluches,stuffed animals
lamentaré,I will regret
uncle,uncle
rack,rack
muestrale,show him
mazorca,cob
kasim,kasim
envenenarme,poison me
janina,Janina
templada,temperate
sugerirte,suggest you
súbele,Turn it up
inserta,insert
derriten,melt
sholto,sholto
ocasionar,cause
ainsley,Ainsley
compruebes,check
molière,Molière
afraid,afraid
auditor,auditor
pilot,pilot
simpatizo,I sympathize
parental,parental
detallista,retailer
recomponer,recompose
mikayla,mikayla
tarima,platform
conserven,preserve
pillarlo,catch it
basándote,based on
aparento,I pretend
feet,feet
revivido,revived
copiadora,copier
escenografía,set design
léo,Leo
duraron,lasted
dirigiera,directed
m.a.,m.a.
fumarme,smoke
tendreis,you will have
funerarias,funeral homes
becaria,intern
regentes,regents
aterrorizó,terrified
beneficiosa,beneficial
apriétalo,squeeze it
jesuitas,Jesuits
iluminando,illuminating
blu,blu
pegarles,hit them
eliminaremos,we will eliminate
brindaremos,we will provide
cogieras,you would take
afronta,faces
ciática,sciatica
entónces,so
rechazará,will reject
style,style
flujos,flows
lies,lies
router,router
stamford,Stamford
brentwood,Brentwood
duna,dune
wolowitz,wolowitz
pintarla,paint it
butchie,butchie
reparó,repair
transportada,transported
soberanos,sovereigns
aconseje,advise
kline,kline
tat,tattoo
hielos,ice
depravada,depraved
hackeando,hacking
frick,frick
ding-dong,ding dong
virginal,virginal
cruzarla,cross it
salvaras,you will save
futón,futon
gula,gluttony
cachondos,horny
luminosos,luminous
furiosas,furious
recomendaron,recommended
saigon,Saigon
sombríos,gloomy
jaffe,Jaffe
entropía,entropy
fabricamos,We manufacture
imperialista,imperialist
eeh,uh
ausencias,absences
desprotegido,unprotected
duplicados,duplicates
madrugador,early bird
conocíais,did you know
roció,dew
marcharás,you will march
exageran,They exaggerate.
cervantes,Cervantes
suspendí,I suspended
tokugawa,tokugawa
tostados,toasted
ld,ld
prosperando,thriving
captaron,captured
servidora,server
enojaba,angered
artilugios,gadgets
wirt,wirt
salamanca,salamanca
pedigrí,pedigree
brindado,provided
gatorade,Gatorade
agarrados,clinging
exhale,exhale
ajos,garlic
cocinarlo,cook it
seguia,continued
atormentarme,torment me
ataste,tied
filón,vein
resolverlos,solve them
equivocaciones,mistakes
comfort,comfort
colegialas,schoolgirls
escuchenme,Listen to me
hewlett,Hewlett
predicen,predict
aplastadas,crushed
rugiendo,roaring
napier,Napier
sacrificaré,I will sacrifice
ocultándose,hiding
tierney,tierney
hide,hide
fastidiarte,annoy you
brilló,glow
desayunaste,Did you have breakfast?
ruidosas,noisy
eficientemente,efficiently
jamil,Jamil
picnics,picnics
trineos,sleds
afeitas,shave
desafinado,out of tune
calmara,calm
juzgaré,I will judge
salpicar,splash
doppler,Doppler
yung,young
poseían,they possessed
taquigrafía,shorthand
desangre,bleeding
compartirlas,share them
garber,garber
cancelan,cancel
estrangularte,strangle you
berenson,Berenson
sancionado,sanctioned
stuttgart,Stuttgart
entremeses,appetizers
preocupándote,worrying
cumpliremos,we will fulfill
grumete,cabin boy
producidas,produced
aparejo,rig
pondra,will put
cooperado,cooperated
presencié,I witnessed
alejarlos,distance them
japezoa,japezoa
periférica,peripheral
concentraciones,concentrations
shalu,Shalu
adquirí,I acquired
preciadas,precious
padua,Padua
explicacion,explanation
més,month
mcbain,McBain
admítalo,Admit it
veme,see me
sistemática,systematic
torsión,torsion
stoke,Stoke
desahógate,vent
vístanse,dress up
pasito,small step
napster,napster
pierdete,get lost
dunkerque,Dunkirk
westbrook,Westbrook
humboldt,Humboldt
ser-,be-
kon,kon
meteorología,meteorology
conservamos,we preserve
tomoko,tomoko
identificaste,you identified
comprimidos,tablets
escribieras,you would write
involuntaria,involuntary
compensará,will compensate
leto,Leto
desate,unleashed
esbirros,henchmen
rb,rb
echándole,throwing
aquino,Aquinas
bablu,bablu
castigarlos,punish them
gauguin,Gauguin
díganmelo,Tell me
comadrejas,weasels
prix,price
compréndelo,understand it
trullo,jail
trying,trying
destroce,destroy
deceso,death
decorada,decorated
inhale,inhale
player,player
wayward,wayward
nombran,they name
manipulaste,you manipulated
fijaré,I will fix
excites,excites
preparándonos,preparing
pudras,rot
mie,wed
anduviste,you walked
gotero,dripper
encomiendo,I entrust
göran,göran
pbs,pbs
reemplazaron,replaced
parietal,parietal
tardísimo,very late
segui,follow
desmayes,fainting spells
barrabás,Barabbas
trátame,treat me
woah,woah
perece,perishes
guardarás,you will keep
auguste,Auguste
creo-,believe-
quirúrgicas,surgical
encriptada,encrypted
proyectado,projected
griggs,grigs
establecí,I established
pesares,sorrows
monasterios,monasteries
selectividad,selectivity
considérese,consider
saborea,savor
golpearnos,hit us
cooperen,cooperate
localidades,localities
mándeme,send me
adquiriendo,acquiring
curativo,healing
desviarse,deviate
bordillo,curb
endurecido,hard
kazan,Kazan
rallado,grated
desagües,drains
violo,viola
conformar,shape
future,future
honro,I honor
embustera,liar
tusk,tusk
contrabandear,smuggle
cofres,chests
toracotomía,thoracotomy
thursday,Thursday
trotter,trotter
sonoro,sonorous
gagarin,Gagarin
despedazar,tear
waterman,Waterman
capella,capella
alfas,alphas
sacudes,shake
dependienta,saleswoman
geronimo,Geronimo
tennis,tennis
bub,bub
fonógrafo,phonograph
flik,flik
alambrado,wiring
tricorder,tricorder
odiaré,I will hate
distal,distal
emboscaron,ambushed
repíteme,Repeat that to me
percepciones,perceptions
slaughter,Slaughter
limas,limes
2o,2nd
concord,concord
dunlap,dunlap
afghanistan,Afghanistan
desvanecerá,will fade
arriésgate,take a risk
pudrir,rot
crisol,crucible
grandview,Grandview
arrancadas,starts
sacro,sacrum
gredenko,gredenko
presionarla,press it
comemierda,shit-eater
tupperware,Tupperware
esclavizado,enslaved
dispersaos,scatter
straight,straight
primate,primate
gobernará,will govern
bromeamos,we joke
motivador,motivator
gloriosas,glorious
sachiko,sachiko
repondrá,will replace
shady,shady
frotis,smear
inclinas,lean
fetichista,fetishist
mimbre,wicker
enfadadas,angry
seríais,you would be
dirigirás,you will lead
inoperable,inoperable
chewbacca,Chewbacca
blur1.5,blur1.5
foggy,foggy
irrevocable,irrevocable
odell,odell
periodístico,journalistic
creernos,believe us
antropólogo,anthropologist
ilona,ilona
mudaras,you will move
métrica,metrics
palabrota,curse
mutilar,maim
sácatelo,Take it out
extinto,extinct
seaver,seaver
recurrió,appealed
mcquaid,McQuaid
ogm,ogm
curzon,curzon
yuji,yuji
katsuragi,katsuragi
pásenla,pass it on
akshay,akshay
llevárnoslo,take it
equivocáis,You are wrong
zu,zu
revisará,will review
accedieron,they agreed
lingüística,linguistics
confiere,confers
oa,oa
aplastaremos,we will crush
pistón,piston
tumbarse,lie down
intuitiva,intuitive
fluorescentes,fluorescent
alquilaron,rented
hilly,hilly
mamones,suckers
fife,fife
despreciaba,despised
hebrea,Hebrew
hombretón,big man
minusválido,disabled
conformes,compliant
continuarás,will you continue
preguntare,I will ask
creighton,Creighton
shruti,shruti
abducido,abducted
aldridge,Aldridge
cafferty,Cafferty
shut,shut
mailer,mailer
escupí,I spat
consumes,you consume
nominal,nominal
condensador,condenser
quemarás,you will burn
debilitan,weaken
vigata,vigata
cushing,Cushing
lapicero,pencil
crisma,chrism
albin,albin
huggins,huggins
terminadas,finished
metedura,intrusion
tercos,stubborn
casaca,jacket
residenciales,residential
puntapié,kick
innovadores,innovators
empalmado,spliced
polizonte,cop
lauda,lauda
discrepo,I disagree
percutor,firing pin
atracaron,they robbed
alimaña,vermin
sheri,Sheri
publicitarios,advertisers
snacks,snacks
melodramática,melodramatic
wozniak,wozniak
cohn,Cohn
llegasteis,you arrived
cucharón,ladle
unificado,unified
pretendido,alleged
roller,roller
ottawa,Ottawa
mihai,Mihai
balagan,balagan
taladrar,drill
detenme,stop me
desactivarla,deactivate it
prestamo,loan
mintieras,you lied
carrozas,floats
todo-,all-
hierros,irons
entusiasmes,enthusiasms
estallidos,explosions
investigados,investigated
tacha,blemish
bijou,jewelry
ininteligible,unintelligible
hammerhead,hammerhead
damme,damme
disecado,dissected
smithy,smithy
rodaja,slice
mundana,worldly
doblé,double
liaoxi,liaoxi
conformaré,I will conform
falsificadores,counterfeiters
recetar,prescribe
flácido,flaccid
representaban,represented
protagonismo,leadership
derribé,I knocked down
cúmulos,cumulus
colgaremos,we will hang
ein,ein
torreta,turret
empujarte,push you
postizas,fake nails
traedle,bring him
chalados,crazy people
desencadenado,unleashed
sacrifican,sacrifice
arrivederci,arrivederci
enriquecer,enrich
alzará,will raise
autorretrato,self-portrait
menéate,shake
irritar,irritate
boyce,Boyce
priorato,priory
adjetivos,adjectives
difundido,diffused
reporten,report
suplique,beg
devuélvanme,Give me back
confeso,confessed
dóciles,docile
oloroso,odorous
lorenz,Lorenz
hanseong,hanseong
funcionaran,would work
javert,Javert
both,both
renko,renko
competimos,we compete
fallecer,die
demostraba,demonstrated
secará,will dry
reacciono,I react
appleby,appleby
atarse,tie
desgarrar,tear
lok,lok
unete,join
gendarme,gendarme
lowen,lowen
microscópicas,microscopic
activaron,activated
conspiran,conspire
rus,Russia
rabinos,rabbis
sueltalo,Let it go
swayze,Swayze
bajarnos,get off
mojave,Mojave
usted-,you-
volverle,return
fbl,fbl
actuarán,will act
subalterno,junior
starkey,starkey
sietes,sevens
traerían,would bring
escurridiza,elusive
beatle,beatle
presentarlos,present them
veneración,veneration
dejábamos,we left
nevadas,snowfalls
compases,measures
empezemos,Let's begin
laúd,lute
godiva,Godiva
bano,bathroom
shinbei,shinbei
contactando,contacting
respóndele,answer him
estresantes,stressful
hombreras,shoulder pads
seguidora,follower
catania,Catania
facilidades,facilities
nel,nel
cheri,cheri
remus,remus
envíalos,send them
apuntad,take note
desmayarte,faint
mensualidad,monthly payment
tomillo,thyme
gadget,gadget
rocha,rocha
administro,I manage
supersticiosos,superstitious
hombre-lobo,werewolf
demuéstramelo,Prove it to me
dune,dune
mascarada,masquerade
rawls,rawls
bale,bale
gimnastas,gymnasts
asaltan,assault
conversa,conversation
expones,you expose
dobladas,folded
papelito,little piece of paper
obsoletos,obsolete
cil,cil
malaya,Malaysian
perth,Perth
meas,meas
véanlo,Check it out
encantando,enchanting
liberad,free
aproximamos,we approach
alcachofa,artichoke
anhelan,they yearn
anorexia,anorexia
prioritarios,priority
escuchábamos,we were listening
correccionales,correctional facilities
ope,ope
buu,boo
adopciones,adoptions
repugnancia,disgust
herschel,Herschel
presionaba,pressed
prairie,prairie
estupidas,stupid
confección,making
restringir,restrict
asistiré,I will attend
cubertería,cutlery
propusieron,they proposed
abuses,abuses
isí,isí
despiértalo,wake him up
mezclé,I mixed
dubaku,dubaku
prevenirlo,prevent it
simplón,simpleton
llevándola,carrying it
desprenderse,detach
buscaros,look for you
liberara,free
radiaciones,radiation
almanaque,almanac
generalizado,generalized
endemoniadamente,damned
barrows,barrows
lazy,lazy
deane,deane
o2,o2
ú,or
plumero,duster
aguantarse,to endure
subversivos,subversives
perversiones,perversions
ribbon,ribbon
decepcionarla,disappoint her
tammi,tammi
polka,polka
celebraron,celebrated
caulfield,Caulfield
beberse,to drink
sas,sas
oc,oc
herc,herc
ruth-anne,Ruth Anne
apartarlo,separate it
cobrarme,charge me
considerándolo,considering it
téngalo,have it
conducidos,driven
craso,crass
abarcar,encompass
búsquenlo,Look for it
fotografió,photographed
encriptados,encrypted
transformada,transformed
patraña,humbug
omnipresente,omnipresent
valdrán,will be worth
bajarás,you will go down
desactivarlo,deactivate it
cocker,cocker
extingue,extinguishes
comprendiste,did you understand
odiarás,you will hate
erie,erie
poblados,villages
deformes,deformed
viren,virgin
demoré,I was delayed
alentó,encouraged
coleccionando,collecting
traducirlo,translate it
excitó,excited
tortillera,dyke
desorganizado,disrupted
liberaría,would free
loteria,lottery
complacerlo,please him
islámicos,Islamic
viéndole,seeing him
beneficiaria,beneficiary
cerrarle,close it
inundados,flooded
rye,rye
aposento,chamber
estacionaste,you parked
ça,AC
tomaríamos,we would take
filomena,Filomena
cinematografía,cinematography
papeletas,ballots
salirnos,leave
combinando,combining
kite,kite
recogería,would pick up
licitación,tender
transportarlo,transport it
airbag,airbag
calladas,silent
pizarro,Pizarro
oksana,oksana
presidir,preside
terminología,terminology
chute,chute
cuidarías,would take care
hidalgo,gentleman
recórcholis,Good heavens!
sweety,sweety
goode,goode
slattery,slattery
sedas,silks
adoptando,adopting
librero,bookseller
uhhh,uhhh
álamos,poplars
pateador,kicker
footing,jogging
desaprueba,disapproves
premoniciones,premonitions
encerrarse,lock yourself in
cúbrelo,cover it
renacentista,Renaissance
bevan,drink
libertador,liberator
maskell,maskell
pusiéramos,we put
elaborados,prepared
inquietes,restless
dickson,Dickson
malek,Malek
hígados,livers
perfumada,perfumed
empeñada,pledged
appétit,appetit
momentáneo,momentary
fiestero,partygoer
apoyarán,will support
percibiendo,perceiving
leías,you were reading
consideraremos,we will consider
estupefacto,thunderstruck
recobre,recover
islamabad,Islamabad
cartagena,Cartagena
llorarás,you will cry
paralizó,paralyzed
abandonaba,abandoned
odiaste,you hated
centauro,centaur
barbaridades,barbarities
liddy,liddy
ocupándome,taking care of
padawan,padawan
empezáramos,let's begin
precavidos,cautious
maximilian,Maximilian
fracasaste,You failed
enoch,Enoch
oreste,easterly
reaccionario,reactionary
machado,Machado
estropeará,will spoil
poseedor,holder
prometheus,Prometheus
swearengen,swearengen
cayos,keys
nano,elder brother
geográfica,geographical
tabasco,Tabasco
ajenjo,wormwood
arrinconado,cornered
churro,fritter
prevalecer,prevail
nooooo,nooooo
falling,falling
kishan,kishan
periódicamente,periodically
bhuvan,bhuvan
currar,work
herrería,smithy
garantizados,guaranteed
pálidas,pale
mmmmm,mmmmm
barbanegra,Blackbeard
cucharita,teaspoon
laxman,laxman
mostraras,you will show
malware,malware
tuco,tuco
doblaje,dubbing
anunciaremos,we will announce
comuníquese,communicate
buenorra,hottie
construirse,to be built
wicked,wicked
comparaciones,comparisons
conducían,They were driving
anhelado,longed for
cosió,sewed
destrozarte,destroy you
facilitado,facilitated
eyacular,ejaculate
vittoria,victory
orinado,urinated
acomodando,arranging
pícaros,rogues
cobijas,blankets
fancy,fancy
obedecemos,we obey
omitido,omitted
private,private
ulf,ulf
aminoácidos,amino acids
minna,minna
échense,lie down
retractor,retractor
tirante,strap
impura,impure
ricci,Ricci
sauron,Sauron
marcharía,would march
honrando,honoring
dry,dry
apareciese,appeared
abasto,supply
ralf,Ralph
concubinas,concubines
quitándole,removing
went,went
corroe,corrodes
million,million
exento,exempt
planteó,raised
desmonten,dismantle
airways,Airways
envidiosa,envious
blaire,Blair
marthe,Marthe
añadirle,add
intrépida,intrepid
postrado,prostrate
púrpuras,purples
seller,seller
ictericia,jaundice
folklore,folklore
bambino,bambino
integra,integrates
comanda,command
noviecita,girlfriend
satelite,satellite
lechón,suckling pig
pesadamente,heavily
petunia,petunia
examinemos,Let's examine
apóyame,support me
imparcialidad,impartiality
disminuya,decrease
leandro,leandro
manifestó,he stated
ignóralos,Ignore them
serviros,serve you
háblele,talk to him
rotor,rotor
trasladarme,move
tontón,silly
glynn,Glynn
sous,sous
amistosas,friendly
gomitas,gummies
pasivos,liabilities
lipton,Lipton
apúntame,sign me up
gellar,gellar
histéricos,hysterical
emigrantes,emigrants
sospechara,suspect
prepararlos,prepare them
instalarte,install
ry,ry
pararan,stop
mba,mba
satisfechas,satisfied
acorazados,battleships
chucrut,sauerkraut
reconsiderado,reconsidered
sicilianos,Sicilians
esperáramos,we would expect
ooo,ooo
mesón,meson
hajji,hajji
incompletos,incomplete
empinado,steep
encontrásemos,we found
fastidiarlo,annoy him
emitirá,will issue
cimas,summits
cocinada,cooked
violados,raped
contraataca,counterattacks
mariguana,marijuana
localizarme,locate me
mookie,mookie
ningunos,none
maggi,Maggi
parienta,kinswoman
mandrake,Mandrake
strudel,strudel
celtas,Celts
he-man,He-Man
frisco,frisco
hartas,fed up
consumirá,will consume
escúchale,listen to him
definiciones,definitions
marchante,merchant
relajantes,relaxing
alcázar,alcazar
premiere,premiere
entretenernos,to entertain ourselves
eréctil,erectile
canaan,Canaan
gallego,Galician
amina,amine
alquimistas,alchemists
colonna,colonna
firmemos,Let's sign
deformado,deformed
encendía,turned on
reinserción,reintegration
aprovechándose,taking advantage
follan,they fuck
shackleton,Shackleton
retorcidas,twisted
peak,peak
rencorosa,spiteful
baldrick,Baldrick
observados,observed
reema,reema
ofrezcas,offer
cansador,tiring
limpiaría,would clean
almohadillas,pads
cógelos,grab them
blum,blum
firmaremos,we will sign
ramse,Ramse
adelantaron,they advanced
cadalso,scaffold
hebra,strand
tomase,take
origina,originates
telégrafos,telegraphs
charlemos,Let's chat
amistosamente,friendly
substituto,surrogate
cambiadas,changed
adeline,Adeline
mannion,manion
birra,beer
forraje,forage
mortífera,deadly
susurran,whisper
doblen,double
propensa,prone
enteraré,I will find out
almorcemos,Let's have lunch
generalizada,widespread
quítenmelo,Take it away from me
neandertal,Neanderthal
derribamos,we demolished
mehta,mehta
quitaros,remove yourselves
psicoterapia,psychotherapy
tramos,sections
inician,begin
escribían,they wrote
fiambres,cold cuts
snot,snot
polinesia,Polynesia
sobrehumana,superhuman
rum,rum
mozambique,Mozambique
dáselas,give them to him
mose,mose
párala,stop it
extrano,strange
desatarme,untie me
daniele,Daniele
incluirlo,include it
waldron,waldron
buenisimo,awesome
liszt,Liszt
adoraría,I would love it
explícita,explicit
rellano,landing
rolly,rolly
intentéis,try
albacea,executor
infringido,infringed
quejé,I complained
cheshire,Cheshire
lavarnos,wash
desvaneciendo,fading
grandota,big
arrodillarme,kneel
ashram,ashram
hd,HD
tabernero,innkeeper
vorlon,vorlon
quiéreme,love me
fieltro,felt
rabiar,rage
argot,slang
bucket,bucket
provocadora,provocative
miyuki,miyuki
manitowoc,manitowoc
raab,raab
graig,Craig
gannicus,gannicus
argos,Argus
caminara,would walk
nutre,nourishes
barítono,baritone
cortesanas,courtesans
courtland,courtland
pasteur,Pasteur
favorecen,favor
sansa,Sansa
concesionaria,concessionaire
lida,lida
burocrático,bureaucratic
boletas,ballots
encabezar,lead
horrendos,horrendous
recadero,errand boy
areas,areas
monitorizando,monitoring
segovia,Segovia
evangelista,evangelist
negrita,bold type
codeína,codeine
buscavidas,hustler
gollum,gollum
descargue,download
estocada,thrust
cansaron,they got tired
emboscado,ambushed
ensaya,rehearse
interceder,intercede
galgo,greyhound
pélvico,pelvic
unieran,united
engañosas,deceptive
chollo,plum
miga,crumb
alcen,raise
chis,chis
biscuit,biscuit
lll,lll
comportaste,you behaved
perceptivo,perceptual
enchufar,plug
haverford,Haverford
recelo,suspicion
vacación,vacation
pensais,do you think
reportada,reported
siglas,acronym
divisas,foreign exchange
titi,marmoset
obesa,obese
colarte,strain
hidratante,moisturizing
cuartas,fourths
aparecemos,we appear
degustar,taste
cogernos,catch us
brubaker,brubaker
chamaco,kid
leery,leery
pintarte,paint you
preocupantes,worrying
demandarlo,sue him
capilares,capillaries
cuadran,square
ganaran,they will win
caías,you fell
magenta,magenta
halles,find
relacionarlo,relate it
coronar,crown
importarles,matter to them
copiamos,we copy
levinson,Levinson
durarás,you will last
makes,makes
desnutrición,malnutrition
silene,Silene
tuvierais,you had
took,took
fabricas,factories
retando,challenging
querra,querra
cacerolas,saucepans
hispana,Hispanic
alegrarán,will gladden
redimir,redeem
atributo,attribute
contraten,hire
asfixiar,asphyxiate
mantenganse,stay
aléjalo,move him away
enes,enes
d.c,AD
molestaran,will bother
jubileo,jubilee
dumas,Dumas
hennessey,Hennessey
irrupción,irruption
compensando,compensating
sudas,sweats
acudirá,will attend
expandido,expanded
kristine,Kristine
soccer,soccer
erlich,Erlich
m2,m2
babel,Babel
expulsarte,expel you
atormentan,torment
morello,morello
rather,rather
alumbra,illuminates
constanza,constancy
lonny,Lonny
gogo,gogo
sinusitis,sinusitis
kits,kits
bells,bells
nulidad,nullity
commonwealth,Commonwealth
reforzada,reinforced
splash,splash
magica,magic
pupitre,desk
ninfas,nymphs
pushkin,Pushkin
obligamos,we force
describieron,they described
implorar,implore
inmóviles,immobile
cremosa,creamy
repítalo,Repeat it
estrello,star
chorrito,trickle
olvidadizo,forgetful
emo,emo
demandarnos,sue us
menu,menu
fr,fr
completando,completing
kurdos,Kurds
vampire,vampire
terminarías,you would end
calcomanía,sticker
querremos,we will want
retractó,retracted
neuronales,neuronal
davison,davison
empresaria,businesswoman
oponer,oppose
estudies,study
merton,Merton
golpeador,beater
engañemos,let's deceive
mediática,media
beans,beans
boyardos,boyars
personalizada,personalized
interceptor,interceptor
willows,willows
alarmantes,alarming
bowler,bowler
serotonina,serotonin
resbalón,slip
envuelvo,I wrap
impermeables,waterproofs
daréis,you will give
atta,atta
go-go,go-go
fisgón,snoop
sandalia,sandal
walmart,Walmart
modern,modern
aplico,I apply
vivaldi,Vivaldi
resuelvas,solve
terapéutica,therapy
mancomunidad,commonwealth
tortita,pancake
vixen,vixen
delantales,aprons
animosidad,animosity
entregársela,give it to her
transversal,cross
parace,it seems
humillaste,you humiliated
pactado,agreed
mecanógrafa,typist
asistía,attended
aplastaron,crushed
alright,alright
pésimas,terrible
pour,pour
bañeras,bathtubs
incontinencia,incontinence
emboscadas,ambushes
amándote,loving you
eerie,eerie
servidos,served
lerner,learner
ondulado,curly
muévela,move it
incitación,incitement
push,push
dieu,God
montauk,Montauk
desactivación,deactivation
kerr,kerr
atravieso,I cross
producidos,produced
horus,Horus
golpeadas,beaten
envolví,I wrapped
miradita,little glance
mencionada,mentioned
sugerimos,we suggest
aconsejarle,advise him
leaf,leaf
cuestionó,questioned
acallar,silence
cordiales,cordial
tachibana,Tachibana
esquizofrénica,schizophrenic
egipcias,Egyptians
conseguire,I will get
ampliando,expanding
adversidades,adversities
tics,tics
ensuciarme,get dirty
finalización,ending
interrogante,question mark
astronómico,astronomical
f1,f1
esteis,you are
.no,.No
sarna,scabies
calderón,Calderón
dearing,dearing
agravios,grievances
salvadas,saved
empalme,splice
laxantes,laxatives
extraída,extracted
maquillarme,put on makeup
destacó,highlighted
exploraciones,explorations
pensare,I'll think
avergonzarnos,to be ashamed
longfellow,longfellow
asumieron,assumed
repercusión,repercussion
estiman,estimate
antidroga,anti-drug
rulos,curls
cerraras,you will close
podría-,could-
hule,rubber
navegantes,navigators
pari,pari
gekko,gekko
volverlos,return them
pecaminoso,sinful
apurense,Hurry up
encerrando,enclosing
señalada,indicated
tintas,inks
rabietas,tantrums
histerectomía,hysterectomy
volveria,I would return
acércame,bring me closer
controlaban,controlled
fumadora,smoker
luciría,would look
sepsis,sepsis
injustas,unfair
consumar,consummate
igualados,equals
baterias,batteries
lloraron,they cried
meghna,Meghna
ironías,ironies
jungle,jungle
circulos,circles
agitan,agitate
orales,oral
forzosamente,necessarily
mothra,Mothra
torturarlo,torture him
escribirán,they will write
extiendan,extend
apropiarse,appropriate
gump,Gump
confusiones,confusions
rosbif,roast beef
mantengámoslo,Let's keep it that way
fabricaron,they manufactured
excusarme,excuse myself
reparé,I repaired
scorpio,Scorpio
adelantes,forwards
adaptados,adapted
privatización,privatization
propagó,spread
vectores,vectors
corbeta,corvette
bañe,bathe
ganadero,rancher
shredder,shredder
horquillas,forks
divididas,divided
vex,vex
bidones,drums
ridiculizado,ridiculed
definidos,defined
mojarme,get wet
runa,rune
guardabarros,mudguard
fatídico,fateful
sanó,healthy
encajes,lace
deng,deng
canarias,Canary Islands
acompañaremos,we will accompany
calentarlo,heat it up
velázquez,Velázquez
ayudándolo,helping him
conseguisteis,you achieved
apuntarte,sign up
transportamos,We transport
cristalino,crystalline
revelaría,would reveal
bully,bully
lésbico,lesbian
boeing,Boeing
decodificador,decoder
platería,silversmith's
ocioso,idle
arruinarla,ruin it
mezclarte,mix in
murquía,Murcia
crick,crickets
liando,rolling
náutico,nautical
beeper,beeper
electromagnéticas,electromagnetic
dahmer,Dahmer
hubiesemos,we would have
afligidos,afflicted
afirmativa,affirmative
tempestades,storms
omc,omc
separaste,you separated
cooperan,cooperate
aburra,bore
bisontes,bison
tírale,throw it
encajado,boxed
chiquitos,little ones
evo,evo
sikes,sikes
arregladas,fixed
broussard,broussard
bajaban,they were going down
frutilla,strawberry
jamieson,Jamieson
barnum,barnum
number,number
paan,bread
abrevadero,trough
troels,troels
recreando,recreating
dudamos,we doubt
desprevenidos,unsuspecting
invasiones,invasions
conjurar,conjure
boludeces,nonsense
tunda,spanking
entrabas,you entered
compradas,purchased
cansará,will tire
orbitar,orbit
drexler,Drexler
sudaderas,sweatshirts
novotny,novotny
sostenme,hold me
juzgarla,judge her
opuse,I oppose
sobrecargo,flight attendant
copeland,Copeland
ándele,Come on
cité,I quoted
despertaremos,we will awaken
hadji,hadji
camaleones,chameleons
oceanic,oceanic
weldon,weldon
marginales,marginal
afroamericana,African American
difiere,differs
patín,skate
deidades,deities
atendemos,we attend
arrodilló,knelt down
irrespetuosa,disrespectful
encomendamos,we entrust
padecen,suffer
electorado,electorate
brinco,jump
aguacates,avocados
kouga,kouga
despellejar,flay
manteniéndose,remaining
halladas,found
jezabel,Jezebel
háblales,talk to them
disminuyen,decrease
letitia,Letitia
fatima,Fatima
aarti,aarti
recuérdeme,remind me
mitt,mitt
sadismo,sadism
gilliam,Gilliam
mirandome,looking at me
anticonceptivo,contraceptive
recibio,received
sordera,deafness
decodificar,decode
autónoma,autonomous
autoricé,I authorized
dominas,you dominate
steinberg,Steinberg
parra,vine
bigamia,bigamy
bucks,bucks
sosténganlo,hold it
earhart,Earhart
envejeces,you get old
sospecharán,they will suspect
quitártela,take it off
púdranse,rot in hell
brixton,Brixton
arriendo,rent
tópicos,topics
descartada,discarded
anunciantes,advertisers
ocultaría,would hide
fogón,stove
sastres,tailors
telefonea,phone
spooner,spooner
dorchester,Dorchester
sang-woo,sang-woo
coburn,Coburn
dukes,dukes
respectivas,respective
derriban,tear down
enfadan,they annoy
aromáticas,aromatic
adelantaré,I will go ahead
soltarle,let go
venom,Venom
notes,notes
pandereta,tambourine
polvorín,powder keg
telegraph,telegraph
indicativo,indicative
cauto,cautious
energon,energon
cuidaron,they took care
agarremos,Let's grab
guiaba,guided
hostería,inn
making,making
abrazadera,clamp
desahogarte,to vent
antiácido,antacid
estafaron,they scammed
avispero,wasps' nest
dtve,dtve
remolinos,whirlpools
arriesgaron,they risked
ortodoncia,orthodontics
pasá,happens
advertida,warned
gestación,gestation
til,til
dialogo,dialogue
soong,soong
trabajarlo,work on it
alocadas,crazy
imparables,unstoppable
chaudhary,Chaudhary
jaan,jaan
comerían,they would eat
posado,landed
tut,tut
bic,bic
quizà,perhaps
triunfó,triumph
incheon,incheon
deflectores,deflectors
transferirlo,transfer it
adinerados,wealthy
grunts,grunts
guío,guide
especificar,specify
dicción,diction
juventudes,youth
curaste,you cured
establecimientos,establishments
samoa,Samoa
cayese,fell
manejarlos,handle them
vivienne,Vivienne
nome,name
clavaré,I will nail
jervis,jervis
dumpty,dumpty
mcfly,McFly
irremediablemente,irremediably
machetes,machetes
esbozo,outline
perdíamos,We were losing
retenerle,hold him
regando,watering
convencerse,to convince
varillas,rods
porotos,beans
fiarnos,trust
referí,referee
feeney,Feney
adderall,Adderall
derrote,defeat
comieran,they ate
uchiha,uchiha
anticonceptivas,contraceptives
arno,arno
registraste,registered
pom,pom
escogida,chosen
cp,cp
conocio,met
keung,keung
masturba,masturba
convirtamos,Let's convert
hiroko,hiroko
inmueble,property
cre,believe
asequible,affordable
cerdita,piggy
canceladas,cancelled
pionera,pioneer
natsumi,natsumi
embriagado,drunk
parejita,little couple
peacock,peacock
aportó,contributed
angosto,narrow
sho,sho
candyman,Candyman
apetitoso,appetizing
esforzaba,he was trying
vigilándonos,watching us
ellos-,they-
ati,you
sonreíste,You smiled
maciza,solid
unnie,unnie
mita,mita
publicadas,published
venderías,would you sell
sentarán,they will sit
paterson,Paterson
mudaría,would move
mechones,locks
supuestas,alleged
indistintamente,indiscriminately
apresurando,hurrying
chuny,Chuny
colgaban,they were hanging
indebida,improper
interrogaré,I will interrogate
knockout,knockout
meti,I put
sargen,sergeant
ches,ches
involucrara,involved
tímpano,eardrum
trepó,climbed
roan,roan
dinesh,dinesh
conoceis,you know
tripulacion,crew
magnánimo,magnanimous
choferes,drivers
convirtieras,you would become
enteraba,found out
síganlo,follow him
cepilla,brush
cuestione,question
denunciaste,you reported
pisaste,you stepped
aparcacoches,valet parking attendant
purpura,purple
concedieron,granted
llenarte,fill you
jolín,darn
condene,condemn
ochoa,Ochoa
excluyendo,excluding
remesa,consignment
blandiendo,brandishing
tomaos,take
sigurd,Sigurd
cotidianas,everyday
pamplinas,moonshine
abandonarán,will abandon
esculpir,sculpt
ground,ground
lora,parrot
derrochador,spendthrift
afinado,tune
mutuos,mutual
rabb,rabb
tímidas,shy
apremiante,urgent
eastern,eastern
extorsionar,extort
importada,imported
arañar,scratch
taryn,taryn
boquiabierto,agape
rascando,scratching
contendiente,contender
h.g.,h.g.
fedex,FedEx
estres,stress
telar,loom
ciencia-ficción,Science fiction
ambigua,ambiguous
tamales,tamales
ruegos,requests
procesan,process
publicarla,publish it
soldaditos,toy soldiers
precursor,precursor
coincidan,coincide
ettore,ettore
fobias,phobias
mamo,hand
lujosas,luxurious
comunicacion,communication
raquetas,rackets
corinto,maroon
morira,will die
disentir,dissent
reanimar,revive
juguetona,playful
escoltado,escorted
vendías,you were selling
yo-yo-yo,me-me-me
djinn,djinn
quejaré,I will complain
shashi,shashi
garajes,garages
wones,wones
esperarnos,wait for us
plasta,plast
zopenco,dunce
venias,you came
deseosos,eager
corteses,courteous
impuesta,imposed
privaciones,deprivations
manipulados,manipulated
mazda,Mazda
ox,ox
aumentamos,we increased
belladona,belladonna
vikinga,Viking
intercambió,exchange
tig,tig
monday,Monday
arqueológica,archaeological
convencerás,you will convince
necesitás,you need
denuncié,I reported it
abusón,bully
merodeadores,marauders
sedgwick,sedgwick
infiltrar,infiltrate
arrodilla,kneel
sanne,sanne
balsas,rafts
montaremos,we will assemble
pronunciada,pronounced
magnificencia,magnificence
moulin,moulin
iceman,iceman
expulsamos,we expel
resucita,resurrects
cauce,channel
hindley,Hindley
clandestinamente,underground
montero,huntsman
zolana,Zolana
atrapes,catches
dividirse,be divided
unirlos,join them
quayle,quayle
aplastan,crush
cotorra,parrot
acudo,I go
dictó,dictated
solucionando,solving
quiz,quiz
departamental,departmental
despertemos,Let's wake up
est-ce,est-ce
protégenos,protect us
distorsiones,distortions
kenyon,Kenyon
cabemos,we fit
beene,beene
debby,Debby
informadores,informants
frivolidad,frivolity
aterrorizaba,terrified
bailara,dance
incitó,incited
descrita,described
entrevistador,interviewer
atraídas,attracted
romo,dull
acolchado,padded
prodigioso,prodigious
minds,minds
coyne,Coyne
maltrata,mistreats
pasándome,passing me
bois,woods
diseccionar,dissect
hospitalaria,hospital
doblegar,subdue
gan,win
amoniaco,ammonia
distorsionado,distorted
inexcusable,inexcusable
rezad,pray
ado,ado
enteraras,you will find out
merecerlo,deserve it
holding,holding company
sádica,sadistic
khushi,khushi
dimension,dimension
figuran,figures
alcanzada,reached
gasten,spend
track,track
asustadizo,scary
hablabais,you were talking
reflejaba,reflected
manilla,wristband
seti,seti
clavas,clubs
empinada,steep
alfabéticamente,alphabetically
delictivo,criminal
denominado,called
importen,import
wide,wide
remeras,T-shirts
hospitalarios,hospitals
qiu,qiu
def,def
ele,he
persiguiéndote,chasing you
restitución,restitution
estrellaron,crashed
guitar,guitar
cisjordania,West Bank
chasquear,snap
torben,torben
toshi,Toshi
interrogantes,questions
merrin,Merrin
atrianos,Atrians
jarrod,jarrod
weekend,weekend
irish,Irish
alquilarlo,rent it
ciérralos,close them
determinante,determinant
mayoritaria,majority
jamones,hams
claustro,cloister
prep,prep
tomáramos,we would take
heidelberg,Heidelberg
rústica,rustic
solaris,solaris
robb,Robb
empeoraron,worsened
presentándose,presenting
opiáceos,opiates
yonki,junkie
visera,visor
provoco,I provoke
belly,belly
luper,luper
mcdowell,McDowell
lleváosla,Take her away
originario,original
junco,rush
pitillera,cigarette case
desenfundar,draw
artesanías,crafts
reynard,Reynard
excedente,surplus
agradecidas,grateful
teach,teach
analizo,I analyze
bratva,bratva
cragen,cragen
called,called
vermeer,Vermeer
puercoespín,porcupine
zafiros,sapphires
escaramuza,skirmish
jesuita,Jesuit
fugarnos,escape
rímel,mascara
lémur,lemur
mediodia,noon
koo,koo
pavlov,pavlov
enciérralo,lock him up
concejala,councilwoman
maritales,marital
ravioles,ravioli
firmarla,sign it
comercios,shops
ramitas,twigs
a6,a6
remunerado,paid
dieces,tens
guns,guns
modelado,modeling
oska,oska
ítem,item
rechacen,reject
observaron,they observed
metafísica,metaphysics
envíanos,send us
hind,hind
orientador,counselor
difundiendo,spreading
tiranosaurio,tyrannosaurus
manassas,manassas
referís,referees
morstan,Morstan
sunako,sunako
asociar,associate
censurar,censor
guíen,guide
jakes,Jakes
discográficas,record labels
evites,avoid
acosándome,harassing me
desfachatez,impudence
taurus,taurus
parase,stop
impunes,unpunished
borran,erase
oscurecido,darkened
abunda,abundant
winkle,winkle
fulgor,glow
afeitó,shaved
otomo,otomo
bernardino,Bernardino
fredericks,Fredericks
protagonizado,starring
señalo,I point out
alteradas,altered
escuchémoslo,Let's listen to it
letargo,lethargy
apestosas,stinky
burdo,coarse
balbucear,babble
productivos,productive
maryann,Maryann
ginza,ginza
starlight,starlight
ignoraron,they ignored
pescas,fishing
eliminarte,delete you
finlandeses,Finns
gecko,gecko
economías,economies
yup,Yup
buscapleitos,troublemaker
expulso,expel
noi,noi
afeitadora,razor
quique,Quique
evacuada,evacuated
idris,Idris
anticuadas,outdated
ajetreada,busy
vila,villa
shivam,Shivam
aparqué,I parked
inflamada,inflamed
contemplad,behold
eurídice,Eurydice
skinheads,skinheads
ítaca,Ithaca
párrafos,paragraphs
imaginábamos,we imagined
cádiz,Cadiz
letonia,Latvia
transportó,transported
ship,ship
oísteis,you heard
dirigíamos,we were heading
mchugh,McHugh
vicepresidencia,vice presidency
paseándose,strolling
ove,ove
investigará,will investigate
satisfactoriamente,satisfactorily
shooter,shooter
ensamblaje,assembly
hebillas,buckles
miradlo,look at it
contactarlos,contact them
rechazara,would reject
wilber,Wilber
cáspita,Good heavens!
tobilleras,anklets
vengará,will avenge
trotando,jogging
sorenson,Sorenson
dafu,dafu
arrepiéntete,repent
granjera,farmer
demoliciones,demolitions
montañés,Highlander
suertuda,lucky
deshará,will undo
litigios,litigation
pippin,Pippin
penetran,penetrate
kama,kama
hershel,Hershel
contenerlos,contain them
ilustrado,illustrated
operaba,operated
contemplación,contemplation
tenaces,tenacious
divisa,badge
búscale,look for him
bouvier,bouvier
cañaveral,reedbed
penrose,Penrose
ducks,ducks
ravioli,ravioli
lavarle,wash it
linton,Linton
maltratados,mistreated
barrida,sweep
iq,iq
firmarás,you will sign
embalse,reservoir
miniaturas,miniatures
mcdermott,McDermott
demandamos,we demand
seises,sixes
bajeza,baseness
promocionando,promoting
cuartito,little room
estratégicas,strategic
traviesas,sleepers
saboteadores,saboteurs
peppe,Peppe
nada.,nothing.
rociado,sprayed
favoritismo,favoritism
interceptores,interceptors
croatas,Croatians
reaparición,reappearance
alimenten,feed
sostenerte,hold you
esparcen,scatter
ek,ek
vocecita,little voice
rascas,scratches
rui,rui
public,public
taiga,taiga
quier,want
presionaron,they pressured
studios,studies
muldoon,muldoon
apuntándole,pointing at him
archipiélago,archipelago
empollones,nerds
comentarte,I'd like to tell you
naruse,naruse
egg,egg
salvajismo,savagery
nomas,no
pasearse,walk
caballeriza,stable
malteadas,milkshakes
cólico,colic
lrás,lrás
sindicales,unions
extraviada,lost
beberte,drink you
sinfín,endless
strip-tease,strip-tease
ukelele,ukulele
flood,flood
relevos,relays
aísla,isolate
juanetes,bunions
polvorienta,dusty
sentenciada,sentenced
carmelita,Carmelite
pisoteando,trampling
pigmeo,pygmy
gwi,gwi
dañarte,harm you
consultando,consulting
huían,they were fleeing
varada,grounding
cannoli,cannoli
sixtina,Sistine Chapel
arrodille,kneel
sasquatch,sasquatch
engañará,will deceive
sorprendan,surprise
explicare,I will explain
punzada,stitch
geológica,geological
luv,love
combinamos,we combine
allegados,relatives
chesterton,Chesterton
cosmopolitan,cosmopolitan
incomunicado,in solitary confinement
fígaro,Figaro
podadora,lawnmower
preciosura,beautiful
sentenciados,sentenced
rodearlo,surround it
energy,energy
persuadió,persuaded
póstumo,posthumous
traqueteo,rattle
veracruz,Veracruz
costeras,coastal
filipina,Filipina
eri,eri
acostándome,going to bed
dedujo,deduced
licuado,smoothie
stadium,stadium
diner,money
quirofano,operating room
impresionaste,You impressed me
miracle,miracle
glorificado,glorified
asumiste,you assumed
flotación,floatation
qasim,qasim
ahogué,drowned
très,three
catcher,catcher
afines,related
merlí,Merlí
boinas,berets
formarán,will form
hershey,Hershey
prendidas,lit
azotó,lashed
dorothea,Dorothea
drum,drum
cupcake,cupcake
repetí,I repeated
contribuyendo,contributing
sauces,willows
bula,bulla
integrada,integrated
puntajes,scores
strigoi,strigoi
causen,cause
cumpliría,would fulfill
mándala,mandala
majos,nice
hoyle,today
refriega,fray
perturbados,disturbed
delictiva,criminal
lamentarte,regret
quiebran,go bankrupt
invocación,invocation
leerles,read them
inconsciencia,unconsciousness
papanatas,fool
respetarla,respect it
masturbo,I masturbate
camillero,stretcher bearer
alegó,he alleged
alquilaste,you rented
viajarán,they will travel
arias,arias
kelton,kelton
rémi,Remi
colocaremos,we will place
ensucian,they make dirty
hac,hac
permanecí,I remained
odios,hates
lomas,hills
retiremos,Let's withdraw
sórdidos,sordid
ensucie,dirty
impulsada,driven
nono,no no
jale,Pull
dotty,dotty
sedición,sedition
dantés,Dantés
avergonzaste,You embarrassed me
norad,norad
falstaff,Falstaff
assange,Assange
escolte,escort
bastarán,will suffice
jurásico,Jurassic
compartirás,you will share
roark,roark
menstrual,menstrual
obligaría,would force
invitarás,will you invite
parabólica,parabolic
morra,girl
controvertida,controversial
gástrico,gastric
exhibicionismo,exhibitionism
pendragon,Pendragon
puerros,leeks
danger,danger
genuinos,genuine
tylenol,Tylenol
blank,blank
bancroft,Bancroft
ops,ops
hicieramos,we would do
sonetos,sonnets
rudimentario,rudimentary
helecho,fern
asahi,asahi
aclararemos,we will clarify
escorbuto,scurvy
monas,monkeys
incuestionable,unquestionable
parecieran,they seemed
geneva,Geneva
neandertales,Neanderthals
macarra,thug
imponen,impose
reconciliado,reconciled
geográfico,geographical
calculador,calculating
anafiláctico,anaphylactic
ocúltate,hide
reportados,reported
recolectado,collected
legalizar,legalize
mikaelson,mikaelson
apuñalarlo,stab him
huesudo,bony
lothbrok,Lothbrok
coloniales,colonial
weinstein,Weinstein
ineficaz,ineffective
polea,pulley
educando,pupil
señor.,Sir.
planeábamos,we were planning
konoha,Konoha
birk,Birk
crucificar,crucify
turbulento,turbulent
hermética,airtight
souvenirs,souvenirs
meteorológica,weather
iconos,icons
asterisco,asterisk
tráelas,bring them
dennison,dennison
imprimí,I printed
mclaughlin,McLaughlin
hileras,rows
generacion,generation
lastimarán,will hurt
estacionando,parking
perdonáis,forgive
dramafever,dramafever
diggs,diggs
nanda,Nanda
alaba,praise
callisto,callisto
encogió,shrank
odiarán,they will hate
complice,accomplice
marchad,march
doodle,doodle
gym,gym
generada,generated
afecten,affect
acercaras,you will approach
inocentemente,innocently
obligatorias,mandatory
anonymous,anonymous
glad,glad
sacarían,they would take out
jughead,Jughead
cómpralo,Buy it
complacerla,please her
contéstale,answer him
wire,wire
presenciando,witnessing
vés,you see
fester,fester
apuntarle,aim
fotografo,photographer
apegada,attached
capturarlos,capture them
isleños,islanders
rompi,I broke
operario,operator
ensordecedor,deafening
recomendarme,recommend me
anotan,they note
anticipando,anticipating
deshonrar,dishonor
piti,piti
jugadoras,players
trampero,trapper
aparecerse,appear
pongase,put on
enciérrenlo,Lock him up
coherencia,coherence
duchando,showering
inspeccionado,inspected
boletines,newsletters
dividamos,Let's divide
perseguiste,you pursued
animaría,would encourage
ufc,UFC
añaden,they add
cambiase,change
largaste,you left
congeniamos,we got along
contrariado,annoyed
disipa,dissipates
kyla,Kyla
protuberancia,boss
norrell,norrell
drogata,drug addict
falten,missing
concurrencia,concurrence
holográfico,holographic
llenaría,would fill
stupid,stupid
filman,film
cláusulas,clauses
tallados,carvings
dominarlo,master it
agregaré,I will add
irritarme,irritate me
abatir,bring down
sonajero,rattle
almuerza,lunch
marrakech,Marrakech
encerraremos,we will lock up
conversemos,Let's talk
tomarles,take them
scottsdale,Scottsdale
haller,finder
nivelado,level
garfunkel,garfunkel
detenedle,stop him
presentadores,presenters
sánscrito,Sanskrit
pegadiza,catchy
descuiden,neglect
sras,Mrs
atenerse,adhere
condon,condom
maléfica,Maleficent
absenta,absinthe
bonnet,bonnet
estipula,stipule
seguire,I will continue
colono,settler
freebo,freebo
alistar,enlist
timmons,Timmons
afiliados,affiliates
beavis,Beavis
modestos,modest
paquistán,Pakistan
embarcarse,embark
padma,padma
vívido,vivid
asustara,would scare
escuchá,listen
surgimiento,emergence
westlake,Westlake
movieras,you would move
distraen,distract
boloñesa,Bolognese
construccion,construction
pilgrim,pilgrim
sujeten,hold
anularlo,cancel it
timadores,scammers
trena,slammer
atrio,atrium
inconsistencias,inconsistencies
haganlo,Do it
jupiter,Jupiter
sintio,felt
tragarte,swallow
rodger,Rodger
alinea,aligns
ginnie,Ginnie
preeti,preeti
veria,I would see
permitirías,would you allow
phryne,phryne
tarden,take time
huckleberry,Huckleberry
relé,relay
enfadaste,You got angry
creerles,believe them
admitámoslo,Let's admit it
beneficie,benefit
recostada,lying down
segador,reaper
recorridos,routes
desconsiderada,inconsiderate
p.m,p.m
orinaste,You peed
arruinarnos,ruin us
scanner,scanner
analizador,analyzer
iib,iib
pásemelo,pass it to me
tchaikovsky,Tchaikovsky
liquidó,liquid
ravu,ravu
diviertanse,have fun
imaginártelo,imagine it
lograríamos,we would achieve
multiverso,multiverse
calcomanías,stickers
carsten,Carsten
takagi,takagi
contradictorios,contradictory
papilas,papillae
lucharás,you will fight
pell,pell
manejada,handled
krill,krill
observarte,watching you
hagais,do
cenarás,you will have dinner
prefijo,prefix
reapareció,reappeared
sanitarias,sanitary
hisopo,hyssop
cuchi,cuchi
dragan,dredge
telefonearé,I will phone
concusión,concussion
avivar,fuel
proponía,proposed
espiado,spied on
moviendose,moving
poesia,poetry
mostrándole,showing him
sacks,sacks
devuélveselo,Give it back to him
myrna,Myrna
mengele,Mengele
ep,ep
desviamos,we diverted
electrocución,electrocution
soldar,weld
sintiese,felt
ahorrarse,save
informaba,reported
legua,league
aconsejarme,advise me
perpetuar,perpetuate
rusk,rusk
construiría,would build
asignaré,I will assign
demandará,will demand
suzaku,suzaku
stuff,stuff
tendí,I lay
robótico,robotic
liberia,Liberia
unificar,unify
atascos,traffic jams
esbelta,slender
aproveches,take advantage
babero,bib
pitada,booing
elegirlo,choose it
puliendo,polishing
cremado,cremated
sordomudo,deaf
retiraste,you withdrew
pudisteis,were you able
daya,daya
scorpius,scorpius
bump,bump
seleccione,select
pósters,posters
excito,excited
movimos,we moved
iniciaremos,we will begin
elroy,elroy
callese,be quiet
inhibidores,inhibitors
erase,once upon a time
replica,replica
cruella,Cruella
mejoré,I improved
elgin,elgin
agathe,Agathe
permitírnoslo,allow us to
malvinas,Falkland Islands
filmaba,filmed
infórmeme,inform me
fraudulenta,fraudulent
parecíamos,we seemed
mitchel,Mitchell
saltadores,jumpers
sopesar,balance
gallinita,little hen
okada,okada
basural,garbage dump
interrumpiste,you interrupted
alcancía,piggy bank
deambula,wanders
identifiquen,identify
pudrirá,will rot
pacifistas,pacifists
blazer,blazer
embarazosas,embarrassing
berto,Berto
giza,Giza
on-line,on-line
parador,hostel
ps,ps
farrel,farrel
patentado,proprietary
bloquearlo,block it
enrollada,rolled up
caspar,Caspar
comunicaremos,we will communicate
idios,idiots
calman,calm
restaura,restores
code,code
aplazarlo,postpone it
heroicas,heroic
respondidas,answered
lanzacohetes,rocket launcher
adapte,adapt
compartiera,shared
invadidos,invaded
tessie,Tessie
mencionando,mentioning
condujimos,we drove
platea,orchestra
gazpacho,gazpacho
formad,formed
tararear,hum
imagínalo,Imagine it
lancemos,Let's launch
reinará,will reign
retráctate,retract
gobernó,ruled
referían,they referred
célebres,famous
ripeados,ripped
facha,look
rostov,Rostov
gambit,Gambit
endulzar,sweeten
chismorreos,gossip
mayberry,Mayberry
relajamos,we relax
gauss,gauss
krauss,krauss
naka,naka
probarán,they will try
inhabitable,uninhabitable
indulgentes,indulgent
tamra,tamra
lasciva,lascivious
pettigrew,pettigrew
bufetes,law firms
efigie,effigy
cabestrillo,sling
japos,Japanese
cori,cori
calabria,Calabria
bonny,Bonny
aceptáis,do you accept
exageró,exaggerated
claybourne,claybourne
pusiese,put
batata,sweet potato
pulsando,pressing
lovett,lovett
venciendo,overcoming
matorral,scrub
juzgarán,they will judge
krüger,krüger
boomerang,boomerang
túmbese,lie down
tambíen,also
enredadera,creeper
refrigerios,snacks
bailabas,you were dancing
ghul,ghul
trátala,treat her
falange,phalanx
sonambulismo,somnambulism
espósalo,marry him
mece,rocking
forjó,forged
tiwari,tiwari
monitorizar,monitor
presionados,pressured
percibimos,we perceive
teletransporte,teleportation
desobedeciste,You disobeyed
ludovico,Ludovico
gauri,gauri
metías,you were putting
promicina,promycin
fallarle,to fail him
retomamos,we resume
casándote,getting married
combatió,fought
polígono,polygon
priorizar,prioritize
hebras,strands
ahumada,smoked
concederte,grant you
concordia,concord
apuntaban,they pointed
wat,wat
devonshire,Devonshire
ibn,ibn
calmese,calm down
jurando,swearing
nn,nn
moratón,bruise
iglú,igloo
taekwondo,taekwondo
sáquela,take it out
habitar,dwell
hecht,hecht
knut,knout
decídmelo,Tell me
derechito,straight
maroney,Maroney
oratoria,oratory
despectivo,derogatory
krupp,krupp
musculos,muscles
mulholland,Mulholland
afgana,Afghan
identificarte,identify yourself
escanea,scans
günther,Günther
antros,dives
vendréis,you will come
duplicó,doubled
arreglarlos,fix them
colonizadores,colonizers
chesney,Chesney
margarina,margarine
corríamos,we ran
abstemio,teetotaler
pidieran,they asked
emocione,excite
atontada,dazed
tontorrón,silly goose
manteniéndolo,keeping it
madure,mature
traérmelo,bring it to me
sinó,but
apeste,stinks
botando,throwing
séptica,septic
andréi,Andrei
profesorado,faculty
fog,fog
woof,woof
observaré,I will observe
nombraste,you named
desplazar,displace
pacifica,peaceful
observada,observed
milkha,milkha
apañaré,I'll manage
igualado,equal
recordaban,they remembered
lumen,lumen
campanada,bell
pelearos,fight
fingiremos,we will pretend
irisa,irisa
nivelar,level
perfeccionando,perfecting
compruebas,you check
reva,rev
crocante,crispy
trazando,tracing
envuelva,wrap
acrónimo,acronym
indecoroso,improper
tá,tá
comentaba,I was commenting
aciertas,You're right
veraneo,summer vacation
dudosos,doubtful
aumentaría,would increase
opináis,What do you think?
escucharías,you would hear
treblinka,treblinka
curaron,healed
extraje,I extracted
detecté,I detected
retrocedido,retreated
wildcats,wildcats
medianamente,moderately
añoranza,yearning
apruebes,approve
chauncey,Chauncey
arácnido,arachnid
griffiths,Griffiths
reticente,reticent
desista,give up
tipografía,typography
vacié,I emptied
huid,flee
crime,crime
neon,neon
estepa,steppe
inapropiados,inappropriate
bachman,bachman
manejarme,manage me
descarto,I rule it out
híbrida,hybrid
espejito,mirror
schrute,schrute
secarme,dry myself
clavan,nail
patinadora,skater
condenamos,we condemn
riddick,riddick
permaneciendo,remaining
mordor,Mordor
aparecerte,appear
gaylord,gaylord
comprendieron,they understood
enlatados,canned goods
crecerás,you will grow
búlgaros,Bulgarians
pisen,step
violas,violas
esperanzador,encouraging
snickers,Snickers
montará,will mount
dolerte,hurt you
fitzroy,Fitzroy
adelántense,go ahead
aceptémoslo,Let's accept it
gatitas,kittens
califato,caliphate
augurios,omens
estorbando,obstructing
ejecutará,will execute
senegal,Senegal
hundiéndose,sinking
decrépito,decrepit
broots,broots
toots,toots
sondear,probe
raben,raben
witherspoon,witherspoon
naoko,naoko
suturar,suture
nanotecnología,nanotechnology
sayers,Sayers
pancita,tummy
véndelo,Sell ​​it
nidito,little nest
saya,skirt
azulado,bluish
fomenta,promotes
encerrarle,lock him up
cegó,blinded
perdurará,will endure
triangulo,triangle
miri,Miri
pyongyang,pyongyang
hanako,hanako
viviese,lived
baco,Bacchus
calling,calling
estreñimiento,constipation
porrazo,whack
estorbar,hinder
da.,yes.
sastrería,tailoring
acampamos,we camped
hannigan,Hannigan
spokane,Spokane
molestaremos,we will bother you
imagináis,imagine
alban,alban
lentitud,slowness
resurgir,resurgence
isaacs,Isaacs
alek,alek
temporaria,temporary
fed,fed
enmarcar,frame
demoníacos,demonic
conseguían,they achieved
bengt,bengt
minigolf,mini golf
chill,chill
contaminadas,contaminated
superfluo,superfluous
destruirlas,destroy them
iwo,iwo
mezclarlo,mix it
bautizada,baptized
penetrantes,penetrants
efímero,ephemeral
fervientemente,fervently
grievous,grievous
fundaron,founded
mostraros,show you
figurar,figure
garabato,scribble
reconciliar,reconcile
residen,reside
gonzalez,Gonzalez
irradia,radiates
celestes,light blue
prescrito,prescribed
pobladores,inhabitants
comportándote,behaving
oxidadas,rusty
apocalypse,apocalypse
mentecato,goofy
duquesne,duchess
descubrio,discovered
its,its
lilli,lilli
contad,count
encorvado,curved
chiara,Chiara
enchiladas,enchiladas
drogan,drug
exterminado,exterminated
derretirá,will melt
náufrago,castaway
hinchable,inflatable
waterbury,Waterbury
duo,duo
huno,Hun
optado,opted
shalimar,Shalimar
brincando,jumping
parkway,parkway
pedrito,little Pedro
cortare,I will cut
kirkman,Kirkman
extremaunción,extreme unction
intimo,intimate
atentar,attack
repetida,repeated
bombacha,panties
collette,collette
atrajeron,attracted
esterilizar,sterilize
introduje,I introduced
genesis,genesis
ahmet,Ahmet
tengo-,I have-
retado,challenged
aleatoriamente,randomly
ark,ark
kimmel,Kimmel
sofocando,suffocating
uv,uv
resbalo,slip
maker,maker
rubita,blonde
disgustados,disgusted
dije-,said-
trevelyan,trevelyan
etíope,Ethiopian
yom,yom
viajaría,I would travel
patéale,kick him
contenerse,contain
sustituyó,replaced
retrasamos,we delayed
soborné,I bribed
zaara,zaara
lavamanos,washbasin
fardos,bales
mccullough,McCullough
muescas,notches
bacteriana,bacterial
insto,I urge
montarte,get on
enanas,dwarfs
diddy,diddy
kennish,Kenyan
guardarropas,wardrobe
arcy,arcy
chaim,chaim
atareado,busy
moldeado,molded
traicioneros,traitors
exploramos,we explore
walling,walling
tiff,tiff
electromagnéticos,electromagnetic
calientas,you heat
fertilización,fertilization
despistarnos,to distract us
zhong,Zhong
provocarle,to provoke him
sancti,sancti
fenway,Fenway
quinton,quinton
masacró,massacred
olían,they smelled
cobaya,guinea pig
ise,ise
grabaré,I will record
natacha,Natacha
arrastrarla,drag it
precipitando,precipitating
viales,roads
camarín,dressing room
capciosa,deceptive
grrr,grrr
aqué,that one
reaccionarías,reactionaries
mordiera,bit
asuna,Asuna
pudren,rot
suprimido,suppressed
enfermara,nurse
llevémosle,Let's take him
desfigurada,disfigured
saldada,paid
flashback,flashback
laughlin,laughlin
agra,agra
applebee,applebee
agitó,shook
aseado,clean
decretado,decreed
explotados,exploited
kaswell,kaswell
brunswick,Brunswick
precisaba,needed
avril,April
rascarme,scratching
retrasan,delay
vinculación,link
sujetarla,hold it
bendígame,bless me
produciría,would produce
sumergió,submerged
agradeciendo,thanking
sgc,sgc
decepcionarlos,disappoint them
caigamos,let's fall
dramatismo,drama
rendida,surrendered
brindó,offered
analizaron,they analyzed
entréis,enter
funerarios,funeral directors
declarara,declare
reparamos,We repair
arcades,arcades
tiritas,bandages
basílica,basilica
fastidiaste,You annoyed me
vik,vik
mediático,media
ritalin,Ritalin
exponerme,expose myself
deseándolo,wishing it
rascarte,scratching
oxy,oxy
artur,Arthur
notarial,notarial
andros,andros
yann,Yann
emborrache,get drunk
peeta,Peeta
inactividad,inactivity
acomódate,get comfortable
mortaja,shroud
teletransportación,teleportation
gilberto,Gilberto
felicitado,congratulated
hogarth,Hogarth
mor,mor
marear,dizzy
importando,importing
pezuela,pezuela
malévolo,malicious
enloquecería,I would go crazy
indistinto,indistinct
kerouac,Kerouac
interrumpirlos,interrupt them
prendo,I turn on
string,string
sturgis,sturgis
geólogos,geologists
exponencial,exponential
papis,parents
triturar,crush
desentrañar,unravel
entretenerlos,entertain them
sacramentos,sacraments
yuna,Yuna
aioria,Aioria
na-na,na-na
confieses,confess
reuniéramos,we would meet
retractarme,retract
blockbuster,blockbuster
network,network
embalar,pack
tumbados,lying down
perseguirnos,pursue us
superstar,superstar
filmaremos,we will film
sandor,Sandor
shinhwa,shinhwa
porgy,porgy
exponen,they expose
pronuncie,pronounce
combine,combine
tratarías,would you try
nórdico,Nordic
lavadoras,washing machines
jenni,Jenni
egeo,Aegean
mellizas,twins
eventualidad,eventuality
swarek,swarek
revocado,revoked
yelmo,helmet
farándula,show business
millonésima,millionth
encerado,wax
comentan,they comment
eludiendo,avoiding
informas,you report
5ta,5th
since,since
webs,websites
pidiese,ask
pigmeos,pygmies
dagmar,Dagmar
apresuré,I hurried
toleramos,we tolerate
comparó,compared
welsh,Welsh
levar,weigh
sudorosas,sweaty
history,history
buscapersonas,pager
administrativas,administrative
normativa,regulations
mah,mah
mírales,look at them
haywood,haywood
eliminarme,delete me
acerquemos,Let's get closer
jodiéndome,screwing me over
fermat,Fermat
frenó,brake
negara,deny
arrestas,arrests
brillantina,brilliantine
expulse,expel
catedrales,cathedrals
oré,I prayed
airwolf,airwolf
salero,salt shaker
gustoso,pleased
protecciones,protections
mida,measure
jett,Jett
aplastamiento,flattening
introducirse,enter
renegar,to deny
daniella,Daniella
financiada,funded
cruzarán,they will cross
reprobé,I failed
enfermarme,get sick
respiracion,breathing
alamo,poplar
rda,rda
mecanografía,typing
whisper,whisper
sudorosa,sweaty
escupas,spit
erró,erred
descarguen,download
hidra,hydra
marginada,marginalized
tsung,tsung
alinearse,line
reestructuración,restructuring
rc,rc
enfadaré,I will get angry
sacrifique,sacrifice
tambiã,tamiã
trimestral,quarterly
dejémosla,Let's leave her
galavan,galavan
soñarlo,dream it
solloway,soloway
cáucaso,Caucasus
blanquita,little white girl
oportunistas,opportunists
urbanismo,town planning
recordárselo,remind him
encuéntrenla,find it
limpiarle,clean it
valens,valens
nika,Nika
clean,clean
insípida,bland
gerardo,Gerardo
rosamund,Rosamund
yihad,jihad
meterlas,put them in
sionistas,Zionists
pasarles,pass them
seguirlas,follow them
shizuku,shizuku
monarcas,monarchs
oldie,oldie
retomaremos,we will resume
transferiré,I will transfer
controló,controlled
fugados,escapees
arastoo,arastoo
abucheos,boos
fantaseando,fantasizing
apretaba,squeezed
quebrarse,break
desembarque,disembarkation
sajón,Saxon
simulacros,drills
amplificadores,amplifiers
kurapika,Kurapika
revelara,would reveal
aclararé,I will clarify
cuece,cooks
aparcada,parked
jackass,jackass
construyera,construction company
negándose,refusing
arrestarnos,arrest us
consentiré,I will consent
kabuki,kabuki
veniste,you came
perjudicará,will harm
pym,pym
encended,turned on
irvine,Irvine
nutritiva,nutritious
respiradero,vent
noni,noni
permitamos,Let's allow
gaseoso,gaseous
normie,normie
valiant,Valiant
justificarme,justify myself
terminantemente,definitively
chapo,chapo
comentarlo,comment on it
vellos,hairs
manufactura,manufacture
ood,ood
cazarlos,hunt them
matematicas,math
hickory,hickory
ant,ant
precipitarse,rush
fulminante,fulminant
rigen,govern
ministerios,ministries
practiquemos,Let's practice
bianchi,bianchi
remuneración,remuneration
pelados,bald
iyo,iyo
fábulas,fables
ganase,win
crest,crest
éticos,ethical
rest,rest
cosmética,cosmetics
topeka,topek
fijador,fixative
wisteria,wisteria
wellesley,Wellesley
cesira,Cesira
aplasté,I crushed
desiste,give up
emisores,issuers
escaló,climbed
produzco,I produce
jurisprudencia,jurisprudence
vasili,Vasili
liarme,to get involved
amarlos,love them
direction,direction
aborte,abortion
enseñarán,they will teach
cartago,Carthage
rhino,rhino
reapertura,reopening
analizarla,analyze it
mejorarla,improve it
salmuera,brine
colabore,collaborate
victimología,victimology
carezco,I lack
friega,scrubs
potros,colts
hamlin,hamlin
smee,smee
inhalando,inhaling
mentirosas,liars
perd,lost
fergie,Fergie
lamentado,regretted
franquicias,franchises
demetrius,Demetrius
deauville,Deauville
misticismo,mysticism
devastados,devastated
gaddafi,Gaddafi
estrenos,premieres
segundito,a second
sebo,tallow
disertación,dissertation
sanada,healed
participamos,we participate
trajeado,suited
sujetarme,hold me
gershwin,Gershwin
publicitarias,advertising
antebrazos,forearms
mirko,Mirko
copado,cool
eduqué,I educated
mahesh,Mahesh
sacudo,shake
táctil,tactile
cuidare,I will take care
crupier,croupier
árido,arid
oni,oni
indebido,improper
reanuda,resumes
descuartizado,dismembered
riquísima,delicious
confiscados,confiscated
desinformación,disinformation
regaño,scolding
ako,ako
brinca,jumps
deslumbrado,dazzled
gervais,Gervais
endemoniada,possessed
charter,charter
kilgrave,Kilgrave
enamorarnos,fall in love
transformers,transformers
shii,shii
sacuda,shake
favorcito,little favor
renovaciones,renewals
dadles,give them
aish,aish
acercaremos,we will approach
llénala,fill it
basarse,be based
encestar,score
profanado,desecrated
registrarnos,register
poodle,poodle
designados,designated
conectaron,connected
restorán,restaurant
formaldehído,formaldehyde
despedazado,torn to pieces
aclaramos,we clarify
voltees,turn over
formadas,formed
complacidos,pleased
bailaron,they danced
divertiré,I will have fun
barómetro,barometer
celebrarse,to be celebrated
volcánico,volcanic
siguiese,continued
ugly,ugly
pats,pats
tenzin,tenzin
valda,valda
termas,hot springs
sashimi,sashimi
comisionados,commissioners
retratar,portray
desconsolada,heartbroken
higuera,fig tree
vaciaron,they emptied
encuadre,framing
chileno,Chilean
kao,kao
gromit,gromit
bellini,Bellini
estomacales,stomach
ásperas,rough
pateas,kicks
vertiendo,pouring
rimar,rhyme
despreciada,despised
ejercitando,exercising
estandartes,banners
sídney,Sydney
examinada,examined
huber,huber
transpiración,perspiration
qeu,queu
perdedoras,losers
lille,lille
cuéntemelo,Tell me about it
ciclomotor,moped
exclamaciones,exclamations
csu,csu
estimamos,we estimate
marlin,marlin
son-,are-
manifiestan,they manifest
rushmore,rushmore
lloriqueos,whining
nesbitt,nesbitt
reorganización,reorganization
sword,sword
excedí,I went too far
perchas,hangers
arañando,scratching
pollera,skirt
hamas,hamas
variada,varied
alcanzaste,you reached
beals,beals
cómetela,Eat it
superboy,Superboy
frotas,rub
amputado,amputated
narcisos,daffodils
quejido,moan
fifa,FIFA
prusianos,Prussians
peligrar,jeopardize
indico,Indian
relajando,relaxing
nacidas,born
burnside,burnside
hundirnos,sink
libraremos,we will free
sistemático,systematic
empecéis,begin
coordina,coordinates
polainas,leggings
linux,Linux
arraigada,rooted
aciertos,successes
comérmelo,eat it
simpatías,sympathies
doliera,would hurt
callarlo,silence it
nietas,granddaughters
krantz,Krantz
zipper,zipper
apnea,apnea
phill,Phil
noiret,noiret
comuniqué,I communicated
atreverme,dare
peinarme,comb my hair
windy,windy
inspiro,I inspire
compartirán,will share
pauli,Pauli
manguito,sleeve
aspirador,aspirator
baldío,wasteland
gravitacionales,gravitational
pee-wee,pee-wee
arbolito,little tree
lanzarnos,launch
apurando,hurrying
iñigo,Iñigo
obstaculizar,hinder
indicaría,would indicate
benefactores,benefactors
senorita,Miss
donativos,donations
recogerás,you will collect
acéptelo,Accept it
hacelo,Do it
minino,pussycat
voltron,Voltron
vencerla,defeat her
convertirían,would convert
varg,varg
yacimiento,deposit
tasmania,Tasmania
yuko,yuko
electa,elected
corroborarlo,corroborate it
retorna,return
salvarías,would save
sparkle,sparkle
slip,slip
points,points
sáquese,take it out
siguiéndola,following her
zale,zale
extrajeron,extracted
kaleb,Kaleb
rescataremos,we will rescue
kumiko,kumiko
cúbito,ulna
heritage,heritage
admirables,admirable
charlot,Charlie
debutantes,debutantes
maeve,Maeve
vigilaras,you will watch
biarritz,Biarritz
actuacion,performance
thackeray,Thackeray
relamente,really
bubónica,bubonic
internados,boarders
invocado,invoked
hallaría,would find
vigilarle,watch him
cantonés,Cantonese
reventón,blowout
frustrar,thwart
guardaras,you will keep
expulsando,expelling
acurrucarse,cuddle
bader,bader
chamuscado,scorched
cortesanos,courtiers
obtención,obtaining
petrie,Petrie
conmemorativa,commemorative
intrusa,intruder
beltrán,Beltrán
capturaste,you captured
vistan,visit
remplazar,replace
interceptarlo,intercept it
pensárselo,think about it
sí-,Yeah-
anormalmente,abnormally
córnea,cornea
patris,patris
govinda,govinda
acorta,shorten
colchoneta,pad
presentemos,Let us present
desharía,would undo
chazz,chazz
recopilación,collection
plateadas,silver
campista,camper
saturada,saturated
idealistas,idealists
pyonkichi,pyonkichi
dachau,Dachau
granizado,slushie
tamika,Tamika
sandstorm,sandstorm
trópicos,tropics
predigo,I predict
chichi,booby
fastidian,they annoy
turbios,murky
woodley,woodley
epílogo,epilogue
manya,manya
estoico,stoic
interponer,interpose
nevers,nevers
kruse,kruse
partición,partition
colorete,rouge
posner,posner
colvin,Colvin
batallar,battle
validación,validation
sentadillas,squats
permaneciera,remained
karlsson,karlsson
marquez,Marquez
humillando,humiliating
altruismo,altruism
molón,cool
bostezo,yawn
situ,place
goleta,schooner
magullado,bruised
chess,chess
pieter,Pieter
detona,detonates
chocolatada,chocolate milk
canasto,basket
acabarla,finish it
origami,origami
fornell,fornell
rpm,rpm
microbio,microbe
geary,geary
viciosos,vicious
pulpos,octopuses
pensáramos,we thought
lógicas,logics
explorer,explorer
atormentes,torments
amaia,Amaia
majnu,majnu
olvidaos,forget it
gascoigne,Gascoigne
sobrado,plenty
doblaré,I will fold
miladi,milady
escogerá,will choose
suministrado,supplied
derraman,spill
grabaremos,we will record
convencemos,we convince
amadeo,Amadeo
acordemos,Let's agree
yue,yue
tambièn,also
gudrun,Gudrun
aereo,air
sg1,sg1
taffy,taffy
daiquiri,daiquiri
hallara,will find
orientada,oriented
insultaste,you insulted
juntarte,get together
alyosha,Alyosha
perforadora,drill
hinchan,inflate
reconsideres,reconsider
tallis,tallis
lugarcito,little place
gravilla,gravel
jacobi,Jacobi
vendio,sold
pimentón,paprika
sálvenme,save me
alessandra,Alessandra
disminuirá,will decrease
estarme,be
coates,coates
acudes,you go
rémy,Remy
bluebird,bluebird
batallando,battling
trasladarla,move it
observarla,observe her
ébano,ebony
suplicamos,we beg
bromita,little joke
asertina,asserts
llamativos,striking
considérame,consider me
describirme,describe me
fumen,smoke
cacique,cacique
espabilado,quick-witted
cazaré,I will hunt
sonreirá,will smile
ineptos,inept
resúmenes,summaries
argumentando,arguing
eat,eat
rogaste,you begged
biólogos,biologists
divine,divine
desangra,bleeds
drástica,drastic
pensacola,Pensacola
autorizaciones,authorizations
theatre,theatre
inspiraste,You inspired
pulsado,pressed
confiscación,confiscation
bloqueadores,blockers
mirra,myrrh
ricura,deliciousness
sueter,sweater
cazadoras,jackets
adorando,worshipping
deline,deline
jugarse,play
prehistóricos,prehistoric
contestame,answer me
retoño,shoot
renueva,renews
rocher,Rocher
esquíes,skis
casándome,getting married
chappie,chappie
ephraim,Ephraim
admire,admire
espray,spray
trascendencia,transcendence
pendejada,stupidity
recargado,recharged
terrazas,terraces
legionario,legionary
comunicaste,you communicated
plumaje,plumage
regresarla,return it
apartan,separate
figuritas,figurines
manejara,would handle
heroínas,heroines
suculento,succulent
heroicamente,heroically
desplegados,deployed
llamándole,calling him
comportamos,we behave
imponiendo,imposing
banksy,Banksy
georgi,georgi
peroné,fibula
prieto,dark
patrizia,Patrizia
prendan,turn on
expongo,I present
circundante,surrounding
traductora,translator
vatios,watts
hematocrito,hematocrit
rosebud,rosebud
entrégamelo,Give it to me
estába,was
declinar,decline
claes,claes
hedda,hedda
largara,long
zancos,stilts
tippi,Tippi
retrovirus,retrovirus
quememos,Let's burn
rubens,Rubens
inventaba,invented
gg,gg
conquistando,conquering
endicott,Endicott
yeol,Yeol
patógenos,pathogens
tropezamos,we stumbled
retumba,resounds
tama,size
jeannot,jeannot
hipnotizar,hypnotize
comparo,I compare
estrelle,star
imaginarnos,imagine
unificada,unified
eliminas,you eliminate
mañoso,tricky
vegetativo,vegetative
envenené,poisoned
weathers,weathers
estresando,stressing
resuenan,resonate
bologna,Bologna
aureola,aura
nadé,I swam
emisarios,emissaries
remake,remake
forrada,lined
bombardeados,bombed
odontología,dentistry
ortopédico,orthopedic
ged,ged
trompo,spinning top
ig,ig
grilla,grid
disquete,diskette
velasco,Velasco
inter,inter
batió,beat
incineración,incineration
mejorara,will improve
ruedan,roll
cagarme,shit
dispárele,shoot him
maxima,maximum
norteños,northerners
blitz,blitz
huiremos,we will flee
celebraban,they were celebrating
genia,genius
abrio,opened
rolfe,Rolfe
isabela,Isabella
fatty,fatty
cabrito,kid
viabilidad,viability
padre-hijo,father-son
entrenarlo,train him
contéis,tell
favor.,favor.
discutiste,you argued
angkor,Angkor
menti,I lied
extendidas,extended
conseguiréis,you will get
escasea,scarce
enseñaras,you will teach
escupitajo,spittle
abandonarías,would you abandon
reafirmar,reaffirm
deslízate,slide
condensación,condensation
desvestirse,undress
bielorrusia,Belarus
requesón,cottage cheese
sabiéndolo,knowing it
sóller,Sóller
aberturas,openings
brannan,Brannan
ocupemos,let's occupy
proponerme,propose
rateros,thieves
derribarla,tear it down
trivia,trivia
cunas,cribs
simeon,Simeon
spender,spender
yama,yama
comente,comment
planicie,plain
capuchinos,Capuchins
dolittle,dolittle
déjamela,Let me have it
brillas,You shine
enloquezcas,go crazy
rastas,dreadlocks
reaccion,reaction
adhieren,adhere
resfriados,colds
yaya,yaya
invierto,I invest
extasis,ecstasy
gav,gav
desacreditado,discredited
promoviendo,promoting
laughing,laughing
derrotaremos,we will defeat
dreyfuss,dreyfuss
sedona,sedona
recordártelo,remind you
lidiaré,I will deal
molar,molar
virg,virgin
designios,designs
alejense,move away
averigue,find out
grass,grass
zion,Zion
aseos,restrooms
penetrando,penetrating
purifica,purify
afrontando,facing
perseguidores,pursuers
joyner,joyner
empezáis,you begin
saquearon,looted
crassus,crassus
psico,psycho
emparentado,related
eres-,are you-
concurrida,busy
infestada,infested
latentes,latent
pepa,pepa
confies,trust
platica,talk
fotogramas,frames
claridge,Claridge
tartamudo,stutterer
garnett,garnett
pirueta,pirouette
elimino,I delete
anchura,width
babas,drool
derrocado,overthrown
durango,Durango
vienna,Vienna
derry,Derry
yusuke,yusuke
instantáneas,snapshots
kazon,kazon
bomb,bomb
informativos,news
refleje,reflect
publicistas,advertisers
acariciarlo,caress it
dispersado,scattered
frampton,Frampton
búsquese,look for
búsquelo,look for it
loa,praise
morrie,morrie
inolvidables,unforgettable
thames,Thames
johnno,John
almizcle,musk
provinciano,provincial
monika,Monika
pataleando,kicking
ganártelo,earn it
apuñalando,stabbing
tipejo,guy
desahogo,relief
catalogar,catalog
entrometiendo,meddling
fundé,I founded
mirase,look
abrazaste,you hugged
xo,xo
enlatado,canned
tabby,tabby
policiaco,police
raton,mouse
ofenderle,offend him
retozando,frolicking
fumabas,You smoked
tumbo,tumble
fedora,fedora
usáis,you use
dedal,thimble
infecciosa,infectious
report,report
perpleja,perplexed
prepa,high school
decoradora,decorator
refugiada,refugee
baguette,baguette
valmont,Valmont
chuparte,suck you
dividieron,divided
bibliotecarios,librarians
esclavizar,enslave
troyzan,Trojan
interrogaremos,we will interrogate
extrañabas,you missed
third,third
provocarlo,provoke it
ginecología,gynecology
inventarte,invent yourself
aparejos,rigging
desperdiciamos,we waste
precipitó,precipitated
grandísima,very large
mahdi,mahdi
ejerzo,I practice
noreen,noreen
impresoras,printers
ingmar,Ingmar
ajax,Ajax
delirar,rave
competirán,will compete
deshonestidad,dishonesty
timido,shy
luciste,You shone
sitúan,place
hyung-nim,hyung-nim
dilatada,dilated
pintarme,paint me
legislativo,legislative
marcelino,Marcelino
gault,gault
mátenla,kill her
bannion,bannion
seã,seã
repuesta,answer
sometimes,sometimes
sorrento,Sorrento
bogdan,Bogdan
institucional,institutional
disciplinarias,disciplinary
rackham,Rackham
cabal,thorough
system,system
manilow,Manilow
divertirá,will entertain
desfalco,embezzlement
shaughnessy,shaughnessy
carlene,Carlene
espíe,spy
delbert,Delbert
reincidente,recidivist
subsistencia,subsistence
hur,hur
nostra,nostra
cardigan,cardigan
organista,organist
sermonees,sermons
ilusionado,excited
reinicia,restart
transfieren,transfer
disfrazarme,disguise myself
purísima,most pure
respeté,I respected
desconsolado,disconsolate
cautivó,captive
subsistir,subsist
equis,x
encomienda,encomienda
mestiza,mestiza
villanueva,Villanueva
cacahuate,peanut
extenuante,exhausting
gorbachov,Gorbachev
conjunción,conjunction
rogaré,I will beg
lanzadas,launched
maciste,Maciste
edgehill,edgehill
desconocen,they don't know
capp,capp
admitidos,admitted
escusa,excuse
causaré,I will cause
boot,boot
galeón,galleon
alimentaron,fed
mandolina,mandolin
abusados,abused
asistan,attend
josette,Josette
sonaron,they rang
denominación,denomination
expresaba,expressed
ensució,dirty
adúltero,adulterer
climáticos,climate
multado,fined
desarrollos,developments
boon,boon
envidiable,enviable
hyang,hyang
quie,who
baez,Baez
ejecutarán,will execute
alcanzara,would reach
notificada,notified
comet,comet
cógelas,grab them
goofy,goofy
min.,min.
topes,stops
envuelven,envelop
demosle,Let's give it to him
opry,opry
acaricio,I caress
donato,Donato
levantándose,getting up
mahendra,Mahendra
cargueros,cargo ships
salúdala,Say hello to her
kjell,kjell
limpiarlos,clean them
miami-dade,Miami-Dade
u.s.s.,U.S.S.
póntelas,put them on
perdónalo,forgive him
horrendas,horrendous
desbordado,overflowing
monovolumen,minivan
dakar,Dakar
atraviesen,cross
zaheer,zaheer
pinceladas,brushstrokes
ntac,ntac
transformarme,transform
alak,alak
curley,curley
imputado,accused
eyección,ejection
hampstead,Hampstead
buceadores,divers
desprevenida,unaware
traicionarlo,betray him
apartaré,I will set aside
ofrecerán,will offer
funden,melt
ishida,ishida
transgresiones,transgressions
concetta,concetta
johny,johny
moffat,Moffat
intestinales,intestinal
havana,Havana
haig,haig
pensé-,I thought-
morgenstern,morgenstern
kearns,Kearns
estarian,would be
galpón,shed
fijará,will set
expliquen,explain
dinerito,little money
daran,will give
quebraste,you broke
ciernes,budding
finado,late
orry,orry
aplastarlos,crush them
paracaidas,parachute
cepillarte,brush your teeth
compositora,composer
fabrico,I manufacture
paralizados,paralyzed
regresarme,return
tgs,tgs
tambi,also
shinobi,shinobi
rompieran,broke
mulan,Mulan
regañadientes,reluctantly
experimentas,you experience
mercantil,trade
bañadores,swimsuits
aloysius,Aloysius
maizal,cornfield
impregnado,impregnated
²,²
infundadas,unfounded
emborrachan,get drunk
deberas,you will have to
resistiré,I will resist
eliminatoria,knockout
congénita,congenital
escapadas,getaways
culebras,snakes
escandinavia,Scandinavia
worthing,worthing
insatisfecha,dissatisfied
amasar,knead
radek,radek
atrevemos,we dare
ivonne,Ivonne
núñez,Núñez
estudiara,would study
envidiaba,envied
movilizado,mobilized
apresuramos,we hurry
ilícitas,illicit
ateniense,Athenian
switch,switch
unámonos,Let us unite
benedicto,Benedict
puntito,dot
fabien,Fabien
impurezas,impurities
desilusionarte,to disappoint you
cheech,Cheech
satánica,satanic
garantizará,will guarantee
fagin,fagin
hipoxia,hypoxia
arrastramos,we drag
confiarte,trusting you
raíles,rails
90s,90s
protestó,protested
resumidas,summarized
manav,manav
falsificando,counterfeiting
ota,ota
envidian,envy
joâo,João
popper,popper
rossini,Rossini
ursus,ursus
00:00,00:00
escaño,seat
señalarlo,point it out
arriesgará,will risk
wraith,wraith
justifican,justify
bajados,lowered
simona,Simona
repetidor,repeater
chanchal,chanchal
retriever,retriever
zarpas,claws
perturbadoras,disturbing
lita,lita
reprobó,reprobate
devolverlas,return them
komal,komal
mudándose,moving
intimidados,intimidated
salmon,salmon
trabar,lock
mg.,mg.
ojal,buttonhole
happened,happened
lisi,lisi
mixtos,mixed
lanzara,will launch
alojados,lodged
entrégale,give it to him
emporio,emporium
cordova,Cordova
condenarme,condemn me
pueblerina,villager
reevaluar,re-evaluate
rendirle,surrender
tómeselo,Take it
monstruosos,monstrous
rec,rec
expuse,I exposed
calmaré,I will calm down
boulogne,Boulogne
pakistaníes,Pakistanis
cógete,grab
contribuyen,contribute
compensarme,compensate me
elíptica,elliptical
deprima,depress
tocándome,touching me
crumb,crumb
fusiones,mergers
recordaros,remind you
comprometemos,we commit
superhombre,superman
mob,mob
manche,stain
astronave,spacecraft
descongelar,defrost
casualidades,coincidences
mantengámonos,Let's stay
registraremos,we will register
tardarían,would take
robaras,you will steal
sujetado,held
olle,olle
è,and
filoso,sharp
spaniel,spaniel
zatara04,zatara04
nazismo,Nazism
melmotte,melmotte
reena,Reena
bruces,Bruce
minor,minor
hunk,hunk
kioto,Kyoto
brotando,sprouting
niamh,niamh
belson,Belson
bañé,I bathed
limitamos,we limit
zito,zito
acuses,acknowledgments
caninos,canines
húmero,humerus
cargara,load
andalucía,Andalusia
cachetes,cheeks
apagara,turn off
gorditos,chubby
evalúa,evaluates
sonic,Sonic
construían,They were building
balls,balls
rejillas,grates
sébastien,Sébastien
desterrar,banish
bajorana,bajorana
configurado,configured
aguantes,endurance
vacios,empty
cojonuda,awesome
filmas,films
neoyorquina,New Yorker
sociópatas,sociopaths
gumbo,gumbo
compartirte,share with you
bordar,embroider
ocultándome,hiding
coleccion,collection
duluth,Duluth
abandonad,abandoned
apiádate,have mercy
molestada,bothered
philo,philo
planeación,planning
sacártelo,take it out
durmieras,you slept
luzcas,shine
anunciada,announced
fitness,fitness
lírica,lyric
astutas,cunning
moviéndome,moving
hubot,hubot
exhumar,exhume
bouquet,bouquet
reta,challenge
reunen,meet
correrse,come
reavivar,rekindle
querríais,would you want
inadaptado,misfit
melon,melon
gobernando,governing
convencieras,you would convince
uno-dos,one-two
mirándolos,looking at them
estallara,would explode
sobrepasó,surpassed
rellenó,stuffed
chist,joke
yamaguchi,Yamaguchi
reclamarlo,claim it
sammi,sammi
cha0d0d0,cha0d0d0
lamentarán,they will regret
regodearte,gloating
minx,minx
dena,dena
inventores,inventors
coulter,Coulter
desterrados,exiles
moldavia,Moldova
urko,urko
gacha,porridge
bolsón,bag
lanzaban,they were throwing
torvald,Torvald
extensas,extensive
farmington,Farmton
atadura,tie
vieses,vieses
deshonrada,dishonored
-r--3ch462300--t,-r--3ch462300--t
prescindibles,dispensable
imprevista,unexpected
advertirnos,warn us
calibrar,calibrate
pertenecientes,belonging
trieste,Trieste
transbordadores,ferries
examinaremos,we will examine
soltadle,let him go
dor,dor
termita,termite
bun,bun
hinchas,fans
liderada,led
jueguecito,little game
rositas,little roses
ferri,ferri
keri,keri
cms,cms
conservando,preserving
cerdeña,Sardinia
raider,raider
desangrar,drain
hallarlos,find them
vengó,come
autografiada,autographed
deteriorando,deteriorating
yamsha,yamsha
inclinarme,lean over
self,self
postizos,hairpieces
drazi,drazi
bhaskar,bhaskar
terraplén,embankment
mudd,mudd
organizas,you organize
entornos,environments
geo,geo
sorprenderle,surprise him
gave,gave
cota,level
sintetizador,synthesizer
publicara,will publish
balon,ball
riñon,kidney
llenarán,will fill
cordon,cord
burlaste,you mocked
stanfield,Stanfield
deteriora,deteriora
crecientes,growing
preaviso,advance notice
hooch,hook
derrape,yaw
acusaba,accused
poncio,Pontius
teague,Teague
davos,Davos
tírela,throw it away
agito,I shake
yuju,yippee
esforzándose,striving
okja,okja
copérnico,Copernicus
grisham,Grisham
digest,digest
chil,Chile
gustaré,I'll like it
exageradas,exaggerated
brisbane,Brisbane
ordenarle,order him
harian,would
inquietas,restless
alexi,Alexi
detonado,detonated
regaña,scolds
rayar,scratch
impresione,impression
salvarlas,save them
nacionalismo,nationalism
aduladores,flatterers
apropiación,appropriation
ocultaré,I will hide
astas,antlers
laramie,Laramie
deletrearlo,spell it
colgarlos,hang them
solidario,solidary
yardley,Yardley
miradle,look at him
bitcoins,bitcoins
asami,asami
cabrera,Cabrera
reparta,distribute
sobrevivamos,Let's survive
teleférico,cable car
interactivo,interactive
camel,camel
asúmelo,Accept it
atrasadas,late
rune,rune
ganáis,You win
enviárselo,send it to him
utilizarán,will use
toph,toph
infla,infla
dolencias,ailments
lothar,Lothar
escandalosos,scandalous
bosón,boson
llevala,take it
disfrútelo,Enjoy it
subespacio,subspace
hennessy,Hennessy
antoñito,little Anthony
bañamos,we bathed
desplegando,deploying
sergey,Sergey
juergens,juergens
antipatía,antipathy
clicks,clicks
musculatura,musculature
jeeps,jeeps
recepciones,receptions
wilkie,wilkie
gowron,Gowron
cons,cons
icarus,Icarus
reiden,residence
probad,try
roces,frictions
asegurarán,they will ensure
liber8,liber8
incipiente,incipient
aconsejaron,they advised
separas,separate
condes,counts
cubriera,covered
emiliano,Emiliano
resistimos,we resisted
incrédulo,incredulous
cuaresma,Lent
lamió,licked
keira,Keira
mishima,mishima
reabierto,reopened
until,until
salvaba,saved
decídase,decide
adan,Adam
insípido,tasteless
asistirán,will attend
voldemort,Voldemort
relativos,relatives
bermuda,Bermuda shorts
miramar,Miramar
partan,leave
comprendéis,do you understand
robie,robie
desquitarse,retaliate
kraken,kraken
benedetto,Benedetto
sufrían,they suffered
popurrí,potpourri
cólicos,colic
artificio,artifice
converso,convert
vencerle,defeat him
perdonarías,would you forgive
brunner,brunner
llorara,she will cry
tranquilizarnos,to calm down
doogie,doogie
prasad,prasad
aconsejando,advising
colgarla,hang it
ahjusshi,ahjusshi
méteme,put me in
taparlo,cover it
regresad,return
radiactividad,radioactivity
amis,friends
pastelera,pastry chef
fluía,flowed
contaduría,accountancy
traídas,brought
heineken,Heineken
curamos,we cure
poetisa,poetess
guten,good
shall,shall
baltasar,Balthazar
cociente,quotient
castigarnos,punish us
follarse,fuck
contactes,contacts
descendemos,we descend
apetecen,they crave
papada,dewlap
usándola,using it
sangras,You bleed
cáilate,shut up
fibrilando,fibrillating
helmer,helmer
lomos,loins
yéndote,leaving
estropeo,spoilage
bazuca,bazooka
vigiladas,monitored
sacúdete,shake it
ripped,ripped
hibbert,Hibbert
comparadas,compared
bilbao,Bilbao
panties,panties
pónmelo,put it on me
escalofriantes,chilling
perseguirla,pursue her
cortad,cut
pillarme,catch me
stash,stash
frame,frame
serafina,Serafina
tapizado,upholstered
dímela,Tell me
mesopotamia,Mesopotamia
lo-lo,lo-lo
maldonado,Maldonado
avisadme,Let me know
hyderabad,Hyderabad
recargo,surcharge
volados,ruffles
ayudad,help
shibuya,Shibuya
alquilas,rent
moriras,you will die
extendidos,extended
gettin,getin
favorecido,favored
cogedlos,grab them
reuma,rheumatism
logar,to achieve
impidieron,prevented
dirigirán,will direct
atrasó,backwardness
amueblado,furnished
togas,togas
leed,read
casaya,casaya
emocionadas,excited
volaran,they will fly
introvertido,introvert
opondrá,will oppose
zeuthen,zeuthen
curran,curran
felicite,congratulate
brinde,provide
concordar,agree
coleccionas,you collect
cramer,cramer
avenidas,avenues
violacion,rape
hamza,hamza
rebela,rebels
zanjado,ditched
marietta,Marietta
regañarme,scold me
anualmente,annually
coloridos,colorful
afirmas,you state
culpamos,we blame
señalaba,pointed
acebo,holly
quebraron,they went bankrupt
aeroespacial,aerospace
encubrió,covered up
calladamente,quietly
niã,niã
cuidándolo,taking care of it
enright,enright
decaer,decay
wray,wray
favor-,favor-
pasamanos,railing
wine,wine
rosaura,Rosaura
kebabs,kebabs
sheriffs,sheriffs
gominola,gummy
flats,flats
samurais,samurai
keppler,Keppler
tirones,jerks
prefieran,prefer
sustituirá,will replace
samira,Samira
puchero,pot
taquiones,tachyons
carteros,postmen
affaire,affair
soft,soft
branquias,gills
hobbits,hobbits
wants,wants
nombrados,appointed
renace,reborn
ooooh,ooooh
aoki,aoki
hooli,hooli
grabes,serious
petar,to blow
criticó,critical
weird,weird
espantó,terror
escasean,scarce
flecos,fringes
mucosa,mucous membrane
doran,Doran
curanderos,healers
entrañable,endearing
zoran,Zoran
predeterminado,predetermined
insurgencia,insurgency
trimble,trimble
díles,tell them
cova,cave
jeffers,Jeffers
latinas,Latinas
hex,hex
gilberte,Gilberte
sifu,sifu
griswold,Griswold
cajetilla,pack
traicionara,betrayed
shizu,shizu
speak,speak
crecería,would grow
efímera,ephemeral
dudará,will doubt
violaría,would violate
ansiosas,anxious
lennart,Lennart
cosmología,cosmology
quintana,Quintana
matalo,kill him
mezclaron,mixed
torrio,Thorium
conquistaron,conquered
pues-,well-
enamorará,will fall in love
hitomi,hitomi
mamaíta,mommy
nombrando,naming
dos-,two-
langer,langer
albergues,shelters
proscrito,outlaw
desvíe,divert
soltaba,released
admirablemente,admirably
cometerás,you will commit
narnia,Narnia
resoluciones,resolutions
emigró,emigrated
indefinida,indefinite
aplicable,applicable
insólita,unusual
mojas,wet
volveran,they will return
retrocedió,retreated
aventurarse,venture
jornalero,laborer
reguero,trail
apégate,stick close
bulimia,bulimia
encaminado,directed
toméis,take
sucediese,happened
intergaláctico,intergalactic
herméticamente,hermetically
mcmillan,McMillan
reveladora,revealing
esmero,care
hieran,hurt
tatsuo,tatsuo
hiciesen,did
predilección,predilection
hucha,piggy bank
ambrosía,ragweed
dimitió,resigned
hanjo,hanjo
portatil,portable
mancuso,Mancuso
roñoso,mangy
arrestemos,Let's arrest
spicer,spicer
aprieten,squeeze
depositados,deposited
escurre,drains
cuate,buddy
deus,deus
antivirus,antivirus
aborda,addresses
cuando-,when-
conseguid,get
ralentizar,slow down
cepillarme,brush my teeth
diab,diab
incautado,seized
limehouse,Limehouse
armo,arm
wiener,wiener
estropearía,would spoil
desperte,I woke up
cinética,kinetics
enviándome,sending me
donatello,Donatello
aguado,watery
es-es,es-es
remite,sends
estorba,gets in the way
costner,Costner
meseros,waiters
greenleaf,greenleaf
buscandote,looking for you
jos,jos
cuidemos,Let's take care
sudorosos,sweaty
pruebalo,Try it
fetichismo,fetishism
gastadas,worn out
kimiko,Kimiko
llevaréis,you will take
tsa,tsa
sónar,dream
cuajada,curd
pernille,pernille
botswana,Botswana
turísticos,tourist
auditiva,auditory
rennie,Rennie
involucraría,would involve
joaquim,Joachim
hormonales,hormonal